seq,label,split
TNRGCF,0,train
IAGP,1,train
VSVPGPMG,1,train
QREKGP,0,train
AGAPG,1,train
GPRGPA,1,train
GFPGA,1,train
TVFPTL,0,train
GETGPAG,1,train
AGPAGNPG,1,train
PPGPPGFQ,0,train
EKGERGF,0,train
PGDKGPRG,1,train
PPSPGPA,1,train
EIR,0,train
PPPVYK,0,train
GVAVPGP,1,train
SGLLEMG,0,train
PGFKGI,1,train
NRILSV,0,train
DGIPGAKG,1,train
PGPAGANG,1,train
RLL,0,train
LGPA,0,train
NN,0,train
KGDRGFPG,1,train
PRAGL,0,train
FLSADQ,0,train
EAGEPG,0,train
AKDY,0,train
PHPG,1,train
KGDKG,0,train
GPPGPVG,0,train
LECE,0,train
LLILSVL,0,train
RPGP,1,train
ARSPPGK,1,train
PEDIPV,0,train
FCHPELK,0,train
GADGPPG,0,train
PGGLA,1,train
FGFITP,0,train
VKGERG,0,train
DVHTRWK,0,train
LCHQ,0,train
SPDG,0,train
PAGPRGA,1,train
GLPGKDGD,1,train
PAGARGE,0,train
FPGPKG,0,train
ISVPGPMG,1,train
GSPGG,1,train
AHP,0,train
PGQE,1,train
SPGPAPPG,1,train
MGFPGP,0,train
GKD,0,train
NW,0,train
GDGGPP,1,train
KSGG,0,train
YLNR,0,train
PGLKGHN,0,train
GAPGND,1,train
NPGA,1,train
KIRIGQ,0,train
GPSGPPG,1,train
QSPPGKPQ,1,train
LPGVKG,0,train
MPGERGAA,1,train
EPGKQGAP,1,train
RGDSGPPG,1,train
NSI,0,train
QGKVGP,1,train
MGPA,1,train
KDGPR,0,train
GSPGSPGY,1,train
GGAAGS,0,train
AGTPGEKG,0,train
PGIKG,1,train
GVGPQA,1,train
APGTPG,1,train
SGIKGEKG,0,train
DRGPR,0,train
GHRGS,0,train
QPSQPGG,1,train
SPGPQGVK,1,train
LGPWV,1,train
GPSGPAG,1,train
PGPPGHA,1,train
SQQLEL,0,train
PGPS,1,train
FPALPDG,0,train
PAD,0,train
GPSGPS,1,train
DGITKT,0,train
PGKPGLTG,1,train
GEGGPQG,0,train
ALAQIRGP,1,train
QGKTGPPG,1,train
VFYPGAG,1,train
QGLPGPAG,1,train
RLG,0,train
AGPPGG,1,train
LLGAPGI,1,train
AYG,0,train
SVAYM,0,train
GVAGPPG,1,train
GEIGAT,0,train
RGLAGPP,1,train
VMG,0,train
RAGLC,0,train
VAVPGPMG,1,train
PPGEPGK,1,train
RPGER,1,train
LINKL,0,train
PSGKDGPK,1,train
KGDPGLPG,1,train
GPRGD,1,train
HAGAQGP,1,train
PPGAIGPS,1,train
LGPVL,0,train
PISGFP,0,train
HPG,1,train
PGEAGK,1,train
GPPGKNG,1,train
LNGPT,1,train
NLKKA,0,train
PGKDGEV,1,train
PMGLM,0,train
YGV,0,train
QGPPGLQG,1,train
LGEP,0,train
GIKGHRGF,0,train
TRRSV,0,train
QKQSSIK,0,train
PGAPGPLG,1,train
KGPPS,0,train
REGDPSS,0,train
EFRASP,0,train
AGPQGKVG,1,train
PGPRGPPG,0,train
PGVQ,0,train
DQGPR,0,train
IPGTK,1,train
TGPPGP,1,train
GPSGPAGK,1,train
AGNPGA,1,train
GLRGG,0,train
RVPGALA,1,train
GIKGPLA,0,train
KGQTGEP,0,train
GISVP,0,train
AQKNWY,0,train
APGILG,1,train
GEPGERGL,1,train
VGAKGEGG,0,train
LKGNPG,1,train
PPGLDG,1,train
SPGPK,1,train
AKAG,0,train
AGVPEG,0,train
GDPGLP,1,train
GKTV,0,train
PAGPPGEK,1,train
VGPFGGQQ,1,train
HPGKPGR,1,train
AGGFPG,1,train
PGSPGY,1,train
SHTGAWG,0,train
GAKGS,0,train
SVCQCF,0,train
PGPQGVKG,1,train
GVVGAGP,1,train
GVNGAPGE,0,train
PLPMM,0,train
AAYGV,0,train
REGR,0,train
RPGLNG,1,train
GGYGLP,0,train
PGLRGDPG,1,train
NPGS,0,train
PPGKP,1,train
PGFLG,1,train
PGNPGP,0,train
YEVDAT,0,train
PKLPGGYG,1,train
GPDGKTGP,1,train
WSE,0,train
SGNKGEPG,1,train
RGDGGPP,1,train
PPGPQGL,1,train
DGSR,0,train
TPATG,0,train
ELEKIISR,0,train
GVAGP,1,train
AKGPKP,0,train
GEPGKQGA,1,train
TSLK,0,train
PRSLLVL,0,train
AIGPSGPA,1,train
EFVTAAAG,0,train
PGVMGFP,0,train
GETGPQGP,1,train
RGFPGSPG,1,train
AGPRG,1,train
SKGP,1,train
SPGPP,1,train
EGS,0,train
APLLL,0,train
PPGPAGS,0,train
PGKDGTS,1,train
PPGKDGAP,1,train
AGEDGHPG,1,train
PGFQGE,0,train
IGPGG,1,train
PGATG,1,train
GSPGYQG,1,train
AGLVPG,1,train
FTGPPGPQ,0,train
PAAVPP,0,train
RGSTGPAG,1,train
GGLKGP,1,train
VGVPGL,1,train
GPAGFAG,1,train
FPGVGVLP,1,train
YGAAGA,0,train
ALPEQS,0,train
VGPPGPS,1,train
DENMPD,0,train
QRGAPGK,1,train
IESIR,0,train
PGQPGI,1,train
HLQ,0,train
VDGSRL,0,train
PGEKG,1,train
RFTYSVT,0,train
FGECCA,0,train
APAQAVA,0,train
QIEN,0,train
PVGPVGKH,1,train
KGLVV,0,train
SRPGGVP,1,train
PAGKEGPV,1,train
GQIE,0,train
CNY,0,train
PPGAA,1,train
RGEPGEP,1,train
PEGPPPQ,0,train
ELVAEGN,0,train
GSPGPAGP,1,train
KHVWV,0,train
GPFGGQ,1,train
GGFY,0,train
PGAAGRVG,1,train
ASGNPGTD,1,train
LPGTQA,1,train
GEPGLQG,0,train
APGND,1,train
QFGLVPG,1,train
SGEPGTAG,1,train
FPGIT,0,train
GPPGL,1,train
PKGSPGEA,1,train
GKDGLPG,0,train
GADQEIRL,0,train
KPEPC,0,train
GAPLL,0,train
VPGDLG,1,train
PGAVGPAG,1,train
VGPS,1,train
PGGDKGDT,0,train
VLC,0,train
GNNP,0,train
VPGGVFY,1,train
IPVVPGA,1,train
LPGPPGPS,0,train
WKIP,0,train
MGMPGQKG,1,train
GPSGD,1,train
SLNNQIE,0,train
KGEPGDI,1,train
MGRDQRA,0,train
PGLAGER,0,train
GQEGLPG,1,train
FYP,0,train
AWAE,0,train
ELRE,0,train
GAVVP,0,train
AGSKG,0,train
PGTL,1,train
GEPGRP,0,train
LKFC,0,train
GADGPAG,1,train
IGPPG,1,train
CESC,0,train
PATGTRM,0,train
QGGQ,0,train
YPTQPS,0,train
DVAPLD,0,train
ARGAPGER,1,train
PPQQE,0,train
APLDI,0,train
FALV,0,train
GFDLS,0,train
GLGQ,0,train
QGGVPG,1,train
GGPPG,1,train
GIQGP,1,train
PGPLGIA,1,train
GSPG,1,train
GMPGQ,1,train
FPGP,1,train
GK,0,train
LVGAAGL,0,train
MMANW,0,train
HSGEPG,0,train
NGETW,0,train
GARFPG,1,train
AGIPG,1,train
GGNK,0,train
ERGIP,0,train
ARGAP,0,train
ESPT,0,train
DRGDAGPK,1,train
SPGSCL,0,train
KPGEQG,1,train
EPGER,1,train
RGAQGPPG,1,train
RPGGV,1,train
FQPR,0,train
FEYGGQGS,0,train
PPGSNGN,1,train
PSPAPPSP,0,train
PGIAGAPG,1,train
AGRPGE,1,train
SKN,0,train
WTKS,0,train
MRSLTAAA,0,train
SAFA,0,train
FFHGG,0,train
GAQGPP,1,train
GESGPPG,0,train
SPGNI,1,train
GASGSPG,1,train
GPPGKAG,1,train
GPPGS,1,train
PGPPGIN,1,train
PIGPPGE,1,train
ASGSPGL,1,train
TIPG,1,train
KRGARGE,0,train
EPGGKG,0,train
VAAKA,0,train
SGKDGPKG,1,train
SLG,0,train
PGAGI,1,train
DKGAPGRA,1,train
MGPRGL,1,train
QRAVA,0,train
RPGFG,1,train
DAGPA,1,train
ALGGVGI,0,train
GPGFPGA,0,train
GDRGDAG,0,train
TTA,0,train
PIFPGGA,1,train
NGAPG,0,train
LLLLSIL,0,train
PAGKEG,0,train
VDTT,0,train
GGPPGE,0,train
TSSS,0,train
GGVGIP,0,train
GIGGGGG,0,train
NSKA,0,train
SPEIPFG,0,train
AIPSC,0,train
GVPGQA,1,train
TS,0,train
RPGLN,1,train
EYWIDPN,0,train
GPPSPPGK,1,train
QTTDDPLC,0,train
ARGPPG,1,train
QQSQG,0,train
VGPAGP,1,train
EAIP,0,train
TMRS,0,train
GFTGL,0,train
LSSQIETM,0,train
SPGAAG,1,train
IRGPPG,1,train
PGPIGPA,1,train
PEGPGFCP,0,train
GDKGPRGL,1,train
GAPGLQG,1,train
PQGLAG,0,train
FNVKS,0,train
LRLMS,0,train
AAPGW,1,train
GSDG,0,train
ARGFPGTP,1,train
SPG,1,train
ERGAAGL,0,train
DVCNF,0,train
QGPPGP,1,train
GDI,0,train
AAAGLV,0,train
LGGLV,0,train
PGWAG,1,train
TGPPG,1,train
AGVSVPG,1,train
PSGPSGLP,1,train
KGNPGQP,1,train
GPGFPGAP,0,train
PGGACLG,1,train
GADGSPG,1,train
GPRGFP,1,train
GSPGSPGP,1,train
RGPPGPVG,0,train
TGPAGIR,1,train
KGSAGAPG,1,train
MLLILL,0,train
AARRP,0,train
DRDV,0,train
LPGKDGET,1,train
AGQQ,0,train
SYGGGG,0,train
IQGPQGPR,1,train
PGPPGAAG,1,train
RVGPPGP,1,train
AEYYR,0,train
LGPGG,1,train
ARGIQGP,1,train
VPGVGVP,1,train
RNSK,0,train
KGDTG,0,train
CLE,0,train
PGPAGFAG,1,train
PPPIYG,0,train
GRDGLPGP,1,train
DFGDIGD,0,train
REGDPS,0,train
VGPVGKH,1,train
QGRKGD,0,train
QEGNNP,0,train
SSAQGPR,1,train
GIGKPG,0,train
VGPP,1,train
PKGEKG,0,train
GVPGAI,1,train
GIAGAPG,1,train
KGELGPV,1,train
RAASDLA,0,train
PGLTG,1,train
YTTG,0,train
PGKSG,1,train
PGFVGEK,1,train
GVGVAPG,0,train
LAGPKG,1,train
QKGT,0,train
PGTA,1,train
GIQGPQGP,1,train
LPGPPGSN,0,train
MPGER,1,train
LRGLPGKD,1,train
SGHA,0,train
SQGTP,0,train
PAGDR,0,train
LSAQIEN,0,train
RFPGVGV,1,train
VRGEPGPP,1,train
GPTGVT,1,train
GPMGLM,1,train
SGER,0,train
AQRVGLPG,1,train
GDT,0,train
VH,0,train
LLLF,0,train
GEQGPPGI,0,train
AALLLH,0,train
FASQMS,0,train
VFCN,0,train
KYGAAGL,0,train
DGKTGPP,1,train
VPGAGI,1,train
DQGPRM,0,train
PRVPGAL,1,train
QTDQEPMC,0,train
GPDPLQ,0,train
GNQS,0,train
PPAAA,0,train
PGHAGPSG,1,train
APVKY,0,train
DDLP,0,train
IGREG,0,train
SYGAPG,0,train
GPAGAAGA,1,train
PST,0,train
CVPG,1,train
EFRA,0,train
PSRPGG,1,train
ETGPQGP,1,train
GDSG,0,train
RPGLNGMK,1,train
VVAVVSV,0,train
VGPSGA,1,train
RP,0,train
LPGPIG,1,train
KGEAGPTG,1,train
APGFPGP,1,train
KGTEGD,0,train
GPRVSS,1,train
GAPGIL,1,train
FPGPRGPP,1,train
TPGPQGLL,1,train
GPPGES,1,train
GLRGDPGS,1,train
RGPV,0,train
IDGRPGPI,1,train
GSPGS,1,train
AAARR,0,train
DLS,0,train
PHGPP,0,train
LGAPGP,1,train
GEPGDKGP,1,train
QGLPGVRG,0,train
AAGE,0,train
NGDPGRPG,0,train
NAVAGL,0,train
RAGEPG,1,train
KPVPG,1,train
PPGEAGKP,1,train
NVLCDDV,0,train
LAGPP,1,train
GPVGLT,0,train
EGGP,1,train
SINNQ,0,train
VGEKGP,1,train
GAPGPRG,0,train
FPGG,1,train
EKGEK,0,train
RTGPA,1,train
GQP,0,train
PSGAPGP,0,train
IPGLKGE,1,train
FFGE,0,train
GARGSAG,0,train
GSTGPAGI,1,train
GPKGQTG,1,train
VAARPGFG,1,train
PLGPK,1,train
GISVPGP,1,train
PKGPA,0,train
PGPAGA,1,train
GDPGSH,1,train
GLTGPAGE,1,train
GGGVPG,0,train
PRMVF,0,train
AADFGPG,1,train
GPAGIATK,1,train
GSPGAA,1,train
QDEEAV,0,train
QDQ,0,train
LVTL,0,train
PGGLAGAG,1,train
TKTSR,0,train
DKGAPGR,1,train
GSEGPQGV,1,train
AGYGLPY,0,train
VSAR,0,train
EPGPLGIA,1,train
PGAAGH,1,train
LMGPRGP,1,train
PQGPR,1,train
VTTKEMA,0,train
PPLL,0,train
AVTFP,0,train
SYGPG,0,train
PLGPPGQK,1,train
EGGPPGVA,1,train
PRGRPGYD,0,train
VGPSGAP,1,train
VPPGP,0,train
GFPGAD,1,train
ADGPAG,1,train
PGSPGYQG,1,train
GHAG,0,train
WVGET,0,train
AKGEQGE,0,train
DIFAEV,0,train
QGPSGA,1,train
EPGAV,1,train
QDQSI,0,train
GRRPQGGN,0,train
PLW,0,train
SPGAQGLQ,1,train
GMPGRSV,1,train
PTDLLEM,0,train
DKGP,1,train
PGPL,1,train
PGDI,1,train
GAPGAVG,1,train
PTGARG,0,train
GFPGV,0,train
APGDKG,0,train
MNMAPIT,0,train
VSVPG,1,train
VSLFILAV,0,train
ILDIAP,0,train
NTTDEI,0,train
DRDLE,0,train
PPGPPSGG,1,train
PPTY,0,train
QPGRDG,0,train
QGAPGPAG,1,train
KSFV,0,train
PGKDGVR,1,train
GPLGI,1,train
RAGE,0,train
GLPGI,1,train
GPRGL,1,train
HGFLS,0,train
EPGKQGPS,1,train
WL,0,train
FPGA,1,train
VGPIG,1,train
NFAP,0,train
LTGPAGEP,1,train
GPTGS,1,train
LGIDGVK,0,train
FAGPPGA,1,train
GAPGAV,1,train
KGEPGDD,1,train
RRGPR,1,train
PGLKGERG,1,train
PGKAGERG,1,train
GLPGK,1,train
SAQGPREE,1,train
TGFPG,1,train
GSPGPDG,1,train
GSSG,0,train
LSPELREG,0,train
PGDDGP,1,train
GNNGA,0,train
PQGFQGPP,1,train
VPGMLL,1,train
RPGYD,0,train
GPMGLT,0,train
GPSGFQG,1,train
PPGQKG,1,train
IDVA,0,train
FVGEKGPS,1,train
GLPGGP,0,train
GNAGP,1,train
ALYTMM,0,train
GIAGPPG,1,train
KDIVGPK,1,train
VPGALAA,1,train
PGIDGRPG,1,train
LSM,0,train
GKAGEKG,0,train
PGAPGGKG,0,train
KDGEVGPS,1,train
AGPPGPQ,1,train
VPGAL,1,train
PPGFA,0,train
ATGPA,0,train
NAQCVPG,1,train
AGPAGPK,1,train
VQE,0,train
VRG,0,train
IPGRDGED,0,train
DGPKGA,1,train
IRGPP,1,train
VWKPS,0,train
GAPGFL,1,train
GPPGLR,1,train
GVPGE,0,train
GPQGPTGV,1,train
GPQGIAG,1,train
PAGE,0,train
SFVQSG,0,train
PSGLPG,1,train
AGLPG,1,train
KGERGFPG,1,train
DQGASGPA,1,train
GI,0,train
GPSGF,1,train
RGLPGPPG,1,train
KGDRGF,0,train
SGNAGP,1,train
PPGPRG,1,train
VRGLT,0,train
PPGERGA,1,train
PPGPRGRS,1,train
LGK,0,train
PSGPRGLP,1,train
TPPPP,0,train
PGIDGR,1,train
PGLAGPP,1,train
IAGV,0,train
LILI,0,train
ENSPAKT,0,train
VVPQP,0,train
PPGAPGP,1,train
TGVTGPKG,1,train
HSG,0,train
PGPPGR,0,train
AKGDAGAP,0,train
IVGPKGP,1,train
DDANVM,0,train
EQGVPG,1,train
PGNDGA,1,train
LTFLRLM,0,train
GEPGLVG,1,train
GPPGK,1,train
PPGASGPP,0,train
CQEVRRGP,1,train
GPAGAN,1,train
GVLPGAR,1,train
GVLPGV,0,train
KPGDQ,0,train
CCGGGV,0,train
GETI,0,train
GVSGFPGA,1,train
ARGPAGPQ,1,train
AVGPAGP,1,train
AGPPGT,1,train
PPGEAGK,1,train
MLI,0,train
DKGEPG,1,train
PGVS,1,train
GRR,0,train
GLPGAPGL,1,train
DIPPVTCV,0,train
SQKWV,0,train
GYDEKS,0,train
AQGLQGPR,1,train
SRTRRN,0,train
GPPGTP,1,train
KFCHPE,0,train
CQSCPS,0,train
ALPEQ,0,train
SRGPKG,0,train
GPRAS,1,train
GLHDV,0,train
GVPGFGA,1,train
LTGP,1,train
PQ,0,train
MFSFVDNR,0,train
DLKMCH,0,train
GAGP,1,train
APPGARPP,1,train
PGEAGLPG,0,train
MGN,0,train
QGPMG,1,train
VPGTL,1,train
REGDPSSS,0,train
SGVAVG,0,train
GQGPQGP,1,train
LPPQIPP,0,train
GPAGPPGF,1,train
HKG,0,train
KGDQGPPG,0,train
IAGAL,0,train
RGPPGPP,1,train
GDKG,0,train
GISVPGPM,1,train
IAGPK,0,train
GKDGPKGA,1,train
GLVG,0,train
NNGAQG,0,train
TGPQNYSP,1,train
MMG,0,train
LILLS,0,train
PAGPIGP,1,train
TKTTGFC,0,train
GGKGER,0,train
LRSVLL,0,train
SDGLPGLK,1,train
AGVAVPGP,1,train
KPQGPPPP,0,train
RPGEPG,1,train
EGSP,0,train
ATGTRMR,0,train
FAS,0,train
PPGLR,1,train
YSDKD,0,train
GIPGAKGS,1,train
HPPPI,0,train
EAGEPGE,0,train
GATGP,0,train
YGAR,0,train
GRPGEPGL,0,train
RDVW,0,train
VGPPG,1,train
WYGESM,0,train
GPAGVRGP,0,train
PAGRPG,1,train
AAGRVGP,1,train
LKGE,0,train
HTRW,0,train
SEGPQ,1,train
GPQGLLGA,1,train
EPGEP,1,train
LGAPGILG,1,train
AKFGAG,0,train
PSPPGKP,1,train
RGDGG,0,train
VPGVLGGL,1,train
DGLPGL,1,train
TVVGGYG,0,train
GPPGKAGE,1,train
PRGLPG,1,train
CFCDG,0,train
GSEGPQ,1,train
LTPEG,0,train
PPGHAGP,1,train
PGIDMSAF,1,train
GPSGPNGP,0,train
GPPGVSG,1,train
APGQRGEP,0,train
GLPGL,1,train
LPGGYGL,1,train
QSQGH,0,train
AGLGGVPG,1,train
GKTGPP,1,train
QGLPGEN,0,train
GFQGNPGE,1,train
GTPGLP,1,train
LGPREKGP,0,train
FQGPPG,1,train
NTKPG,0,train
PSGEPG,1,train
DHRAAY,0,train
RD,0,train
GTPGN,0,train
SLFI,0,train
VGPSG,1,train
GLQGPRGL,1,train
QRGETG,0,train
ETHLERL,0,train
VGPVGKHG,1,train
GFPGLP,1,train
GQSGPP,0,train
GRPGP,1,train
PGMPGRSV,1,train
PGPSGGG,1,train
GVQGPP,1,train
GIGGEK,0,train
DDPQCPSG,0,train
SFY,0,train
IESLR,0,train
GTKILYHG,0,train
TKSLA,0,train
PGALAAA,1,train
GIG,0,train
LGSCLQ,0,train
SDPST,0,train
GKQGAP,0,train
GDTGPRG,0,train
PTGP,1,train
MGPMGPR,0,train
GAPGPAG,1,train
GGTQFEY,0,train
LPGAPGLR,1,train
APGAP,1,train
EDGHPGKP,1,train
GKVGPSGA,1,train
GTQF,0,train
ARGPE,1,train
LLG,0,train
PSGPAGK,1,train
GILGLPGS,1,train
VGPTG,1,train
PGQPGL,1,train
YCDFST,0,train
PGFGVG,0,train
LPP,0,train
LGGNFAA,0,train
KPG,1,train
PPPSGFQP,0,train
QKGEPGD,1,train
SGSPATWT,0,train
PPGEPGKA,1,train
GSPGY,1,train
ISVPGP,1,train
GIPGPVG,1,train
TGTGVGPQ,1,train
RNEP,0,train
CLQ,0,train
LKSLSQ,0,train
DAGAPGP,1,train
FLLTL,0,train
GLQGIP,0,train
GEDGHPGK,1,train
DGTS,0,train
PRGPAGP,1,train
SQGAPGLQ,0,train
AYR,0,train
IGP,1,train
KGEVGAPG,1,train
AGKPGEQ,1,train
LGIAGPP,1,train
YFGSDVTV,0,train
LQGLP,0,train
GPTGVTGP,1,train
PGVVGP,1,train
EPGQQG,1,train
PPQGWPG,0,train
GPMGLMGP,1,train
PVGMNK,0,train
NDVCNF,0,train
DGNPGN,0,train
AGPPGMP,1,train
TGLRGD,0,train
GVLPGARF,1,train
GPQGHAGA,1,train
AVTFPG,1,train
PGLGVGA,1,train
LLPGT,1,train
AGNPG,1,train
SARAPPGK,1,train
QEPQ,0,train
GDGGPPG,1,train
PSGVTK,0,train
GIPGGVVG,1,train
MPFLFCN,0,train
GPPGVAGP,1,train
PGPAGPTG,1,train
GSEGT,0,train
GPGIDM,1,train
DGNKG,0,train
GLPGPRGI,0,train
PGSNGNP,1,train
ASK,0,train
GPTGKQ,1,train
GPPGPVGS,0,train
PGATGFPG,1,train
KPGPDG,0,train
LKDCPNA,0,train
PPGAR,1,train
KGDAGPAG,1,train
RGPAGPQG,1,train
GAPGKD,1,train
GPSGAR,1,train
TGPIG,1,train
NPGT,1,train
GQPGPAGP,0,train
PQGPPS,1,train
MGNR,0,train
GSDGID,0,train
GPAGEQGP,0,train
PWSLIFI,0,train
GKVPGVG,0,train
LRGP,1,train
AAGIKGH,0,train
GPMGPMG,1,train
GAKGD,0,train
GKVGPSG,1,train
SKC,0,train
GGVP,0,train
APGPC,0,train
PAVTFPGA,1,train
AVGP,1,train
VR,0,train
GHPGQGG,0,train
IPGG,1,train
PGFGL,1,train
GAPGP,1,train
DPNQ,0,train
GAAGTPGL,1,train
AGPKGANG,1,train
MP,0,train
GTMLVL,0,train
GKQGP,1,train
VPGAIPGG,1,train
LML,0,train
SGIAGP,1,train
QKGDAG,0,train
QGAPG,1,train
PGEPGLVG,1,train
GGCQCY,0,train
PSFRA,0,train
SAEPGQ,1,train
GPAGAPG,1,train
NNQIENIR,0,train
AGLGAGIP,0,train
APQMSYG,0,train
GPPGLRGD,1,train
IIC,0,train
TGPAGRP,1,train
APGPKGE,1,train
PGVAGV,0,train
DGAAG,0,train
GDKGEAG,0,train
DAIKVF,0,train
GPRGANG,1,train
GLPGARGL,1,train
KGEQGVSG,0,train
SRDVWKPE,0,train
SNG,0,train
LLFA,0,train
LEGP,1,train
PGGVVGAG,1,train
QR,0,train
IAGPPGA,1,train
AAAPRPG,0,train
QQARIA,0,train
ADFGPGPM,1,train
ILGLPG,1,train
LQGMPGER,1,train
FQGNPGEP,1,train
KGDPG,1,train
GGLPGG,0,train
KGPA,0,train
AGVMGP,0,train
VPGAI,1,train
RGI,0,train
PCQLGPDG,1,train
IRIGQD,0,train
DEDIP,0,train
QTGEPGIA,1,train
GKDGI,0,train
GAAGIK,0,train
ETGPAGR,1,train
PKGDPG,1,train
PGLVGY,1,train
GLVPGVGV,0,train
GPD,1,train
PGQKGSI,1,train
GPMGPR,1,train
GPRGF,1,train
DKGNRG,0,train
RGLTGRPG,1,train
GAPGPAGP,0,train
GSP,0,train
SCVQH,0,train
PGPGIDM,0,train
SGLPGI,0,train
PTGVTGP,1,train
PPGHAGPS,1,train
MGLMGPRG,1,train
GETGPM,0,train
KTAPR,0,train
GTPGPQG,1,train
KVAAKAQL,0,train
GRPGPPGK,1,train
PYALSK,0,train
DVH,0,train
PQGPKGD,1,train
GVPGVGIS,0,train
QGPQGPK,1,train
DSGSP,0,train
KGSIGAPG,1,train
GPGGK,1,train
PQS,0,train
RGDKGEPG,1,train
CDG,0,train
PGPSGKD,1,train
LTI,0,train
GQIESLIS,0,train
GKQGAPG,1,train
GHHGDQG,0,train
GKRGAR,0,train
KTD,0,train
IVGPT,1,train
GYGLPYT,0,train
GLPGKD,1,train
ASGPPGPP,0,train
PAGPQ,1,train
ILHP,0,train
FASRND,0,train
LQQAR,0,train
KPGAQGVP,1,train
SDKDVWK,0,train
QPGTA,1,train
AKTSAV,0,train
KLD,0,train
KGSRGH,0,train
AGPSGPS,1,train
GANGEP,0,train
PGKD,1,train
GPPGQPG,0,train
MPMN,0,train
GPAPP,1,train
IAGAPGFP,1,train
AGLGA,0,train
TTR,0,train
PRGMPG,0,train
CPNA,0,train
QGPTGV,1,train
PGSPGSP,1,train
FPGPRGP,1,train
PGPAGQDG,1,train
TIIEYKT,0,train
TPEGS,0,train
GAPGT,1,train
GFPGSPGN,1,train
CPVG,0,train
RGPSGL,1,train
GFQGNPG,1,train
YFIPYA,0,train
QEESPS,0,train
RVGPPGS,1,train
GKPGAQGV,1,train
RGAR,0,train
PQGPPSPP,1,train
FLLD,0,train
TTAIPS,0,train
LEVDTTLK,0,train
GLGAFPA,0,train
GRTGPA,1,train
GPAGQ,1,train
AGIGGEKA,0,train
PQGKV,0,train
KDVWKPSS,0,train
GYSGL,0,train
YED,0,train
GPPGAR,1,train
PGHAGPS,1,train
LSPELR,0,train
PGLQGM,1,train
FPGSK,0,train
LEIE,0,train
GPAGQPGD,1,train
APQTL,0,train
GQQGIMGP,1,train
LVRAAS,0,train
CDDVICD,0,train
YGPGG,1,train
RDGAPGA,0,train
MTSLKS,0,train
VGTPAA,0,train
GRQGP,0,train
AGPKGS,1,train
PGTQA,1,train
DDLK,0,train
SPGAAGHQ,1,train
GRAGEPGL,1,train
PQGPTGV,1,train
GPQGIAGQ,1,train
LRNGF,0,train
YDY,0,train
GPVGIP,1,train
GQPRAG,0,train
LSVSFYL,0,train
AGARGP,0,train
VGGIP,0,train
GEPGAVG,1,train
VTAPW,0,train
GLNGLPGP,1,train
QMAG,0,train
RGERGFPG,1,train
VPGGVFYP,1,train
FVALYT,0,train
ALVPGGV,1,train
NGRD,0,train
KLPGGY,1,train
PPGI,1,train
VGPQAAAA,1,train
DGTSGHP,0,train
ASPRSL,0,train
PRFLVFLL,0,train
NKGSKG,0,train
GGALGPG,1,train
PSGPRGL,1,train
GPRGRTG,1,train
GKEGSKGP,1,train
VGEKGPS,1,train
CGGQDCSG,0,train
GEFGL,0,train
PGHKG,0,train
PPGL,1,train
GPQGPPGK,1,train
AAAPLL,0,train
CLG,0,train
LCP,0,train
TVQSSNT,0,train
ENSPA,0,train
EKGS,0,train
TRT,0,train
GIDGR,0,train
GPSGGGYD,1,train
GPQGPT,1,train
GPAGASGN,1,train
MGPP,1,train
PGFPGA,0,train
DLRLL,0,train
LWVLG,0,train
APGIGPGG,1,train
PGTPGPQG,1,train
RGVVGLPG,1,train
GMKGHR,0,train
GPQAA,1,train
RGLPGKD,1,train
PGPT,1,train
PKFP,0,train
GNDGPPG,0,train
GELGP,1,train
GGQAGVP,0,train
GPAGK,1,train
QGPVGP,1,train
QLGVMQG,0,train
SAGVAVPG,1,train
GPAGFAGP,1,train
GPIGPVGA,1,train
CGPRAS,1,train
PGPAGPRG,1,train
ERGAPGNR,1,train
VCPGTK,0,train
AGKDGEAG,0,train
GVPGSAGP,0,train
GIPGLGVG,1,train
PSGEPGTA,1,train
GIPGH,0,train
EPKFPID,0,train
GSRGHPGP,0,train
GPRGLPGP,1,train
LGQSYA,0,train
GRKGPRG,0,train
GPAGDRG,0,train
KGDSGA,0,train
PGKN,1,train
DRGDAGP,1,train
VGEAGPE,0,train
GGKAA,0,train
LKLE,0,train
SAAPL,0,train
PGILGL,1,train
IAVPE,0,train
KAPR,0,train
KPQGPPP,0,train
PGPAGIA,1,train
GVLPGA,1,train
DPN,0,train
GGGHHGH,0,train
RGT,0,train
PGKDGL,1,train
PVGKD,0,train
PPSPPGKP,1,train
FTYSVT,0,train
CYG,0,train
MDFKIN,0,train
GAGVPGL,1,train
PPGHA,1,train
KDI,0,train
VPGVGG,1,train
AAGKE,0,train
PGQKG,1,train
PIYGAPP,0,train
AQGPM,0,train
DRDVWK,0,train
INHGFLS,0,train
AEVN,0,train
PSGPPG,1,train
MPDP,0,train
LLSN,0,train
GNVGNPG,1,train
YTNGIVE,0,train
KGEPGF,0,train
PCQI,0,train
NEPKFP,0,train
PGMLL,1,train
PGPDG,1,train
PPPS,0,train
LSG,0,train
KGAK,0,train
QGQPG,0,train
ESEAEVA,0,train
APWSLIF,0,train
VNVLM,0,train
GGNKPQG,0,train
PGPPGPNG,1,train
GKDGES,0,train
AVAV,0,train
SGITIPGK,1,train
GPPGPPGV,1,train
PGARFP,1,train
GPVGARG,1,train
ARGPAGP,1,train
PGRPGS,0,train
GPPGKA,1,train
LCAGTK,0,train
ETGAV,0,train
RGLPGE,1,train
GFSP,0,train
KPVPGG,1,train
VGPIGP,1,train
GKPGER,0,train
DGIT,0,train
GTPGP,1,train
AVTNT,0,train
PPHPG,1,train
GTML,0,train
KEL,0,train
GPRGA,1,train
TGEPGI,1,train
PPGHLT,1,train
QPSQPGGV,1,train
PPGKN,1,train
GKPGLPGL,0,train
RFPG,1,train
GPGGVAA,1,train
PGVKG,0,train
KGEPGGP,1,train
PGKQGAP,1,train
LGAFP,0,train
PTGPPGF,0,train
AH,0,train
CVCPGTKG,0,train
PGFQG,1,train
GAPGRPG,1,train
KGPTVSAQ,1,train
LGGVGIPG,1,train
PGKPGL,1,train
PPGVPGQA,1,train
GVPGFG,1,train
GLAGPKG,1,train
RRGP,1,train
IENI,0,train
ALVPGG,1,train
QSYES,0,train
LPILL,0,train
GPGF,1,train
GAPGERG,1,train
GPVGAAG,1,train
NSIAY,0,train
PGESGR,0,train
KEGPPGL,1,train
ASPGSCL,0,train
LWMLLL,0,train
KHSQTDQE,0,train
PGTLLK,1,train
RGLAGP,1,train
RGDAGPKG,1,train
GFKGEQG,0,train
DRVRFK,0,train
GRY,0,train
QGPPG,1,train
RTCDD,0,train
VGPKG,1,train
QIQIPNQ,0,train
PKGADGAP,0,train
GPPGPGI,0,train
IPGKPGA,1,train
QEVQFC,0,train
KGFGF,0,train
PGLPGPAG,1,train
AGPSG,1,train
LLLPT,0,train
FPGGACL,1,train
NPGADGQ,0,train
SFGFLGLM,0,train
GEPGT,1,train
GPAGPSG,1,train
NKT,0,train
AGKEGPVG,1,train
APGPLGI,1,train
GIT,0,train
GPAGANG,1,train
PGQPGIKG,1,train
SVGA,0,train
PAGERGE,0,train
SPGPAGPT,1,train
RPGRPG,0,train
GGFDF,0,train
MKRP,0,train
GATGFPG,1,train
LIA,0,train
EPGDDGPS,0,train
PGPVGIP,1,train
AGPR,1,train
LGDIM,0,train
QKTII,0,train
GSNGNPG,1,train
SGVTKTT,0,train
EPGPAGS,0,train
LQGLPGPP,1,train
PTGI,0,train
IPGP,1,train
LVFLLLT,0,train
SQHLPST,0,train
PAGPKGS,1,train
GPTGV,1,train
KGEKGVP,0,train
GKRG,0,train
AGKEGIRG,0,train
LPGAR,1,train
LGGAGQFP,0,train
GPQGPV,1,train
GNQSQGP,1,train
GNDNGC,0,train
QDSVKHY,0,train
PGPPGEVI,1,train
GVGAGVP,0,train
PPGLQGM,1,train
TGKQ,0,train
AAAKA,0,train
LPPSD,0,train
VSV,0,train
QGLPGE,0,train
NVN,0,train
KGDAGAPG,1,train
LGVMQGPM,1,train
GANGDP,0,train
SPGPAP,1,train
MPGERGG,0,train
GIKGPPSN,0,train
NTKAGHS,0,train
GMPGRS,1,train
SLLGLT,0,train
QPGAV,0,train
QPGAKG,0,train
FFI,0,train
CNLDAIKV,0,train
PGKPGRPG,1,train
NGCGFGR,0,train
VYCDF,0,train
GTGQALA,0,train
KQGPS,1,train
PPGNMGP,1,train
LKPVPGGL,1,train
PLWLLL,0,train
HGRGTCN,0,train
HAG,0,train
RPGEAGL,0,train
HGPP,1,train
PRGLPGE,1,train
AKAAKYG,0,train
GQRYK,0,train
DIVGP,1,train
GLPGSM,0,train
GPKGASG,0,train
RGLP,0,train
PGTKG,1,train
PGSPGSPG,1,train
VGAGPAA,1,train
RPGVGVG,0,train
YNDKDVW,0,train
PGPQGV,1,train
PGPQGH,1,train
PPGPR,1,train
AAVPGV,1,train
ARGPPGP,1,train
NSY,0,train
GPQGVKG,1,train
PGNRGFP,1,train
GARGLPGT,1,train
GADGI,0,train
YLPP,0,train
GRDGK,0,train
SAQGPR,1,train
GSQGAP,0,train
WLASAA,0,train
PILDIA,0,train
GKPGDQGV,0,train
LGGAGQF,0,train
NP,0,train
NMAPI,0,train
PSGF,0,train
APPGAR,1,train
PSGLAGP,1,train
AGPKGSP,1,train
LLPGV,0,train
AGLPGVA,1,train
VDGCSKKT,0,train
QYDS,0,train
QMGV,0,train
PRGNR,0,train
NQEPQSQ,0,train
QKGTKGA,0,train
PGPAGK,1,train
GESGAMG,0,train
VKGEK,0,train
PTGARGP,1,train
GPAGQD,1,train
AGIK,0,train
GPQPGVPL,1,train
AAKFGA,0,train
PGPAGQP,1,train
YGYGPGGV,1,train
GQGG,0,train
PPPGKPQ,0,train
DIFAEVNY,0,train
PRGQ,0,train
RGIQGPQG,1,train
PLLL,0,train
APGER,1,train
PVGPAAV,0,train
PEHS,0,train
DKGPPG,0,train
KPGAQGV,1,train
PGSPGNIG,1,train
KAARPGA,0,train
CPPGTKI,0,train
PGKDGEVG,1,train
GPSGPR,1,train
GRPGERGP,1,train
AGLPGMK,1,train
GPKGE,1,train
PGAPGSP,0,train
GPSGKD,1,train
AGVPGL,1,train
VCPGT,0,train
PGDKGP,1,train
DEAVP,0,train
AKGDAGPA,1,train
MNM,0,train
GAVGSPGV,0,train
PAGPKGSP,1,train
PGKDG,1,train
GGGGLGGG,0,train
HVGQMGP,0,train
PGSN,1,train
GRVGPPGP,1,train
ARGLPGP,0,train
GASG,0,train
SPGPDGKT,1,train
PGKE,1,train
RPGD,1,train
PGATGF,1,train
LEQQS,0,train
GETCIR,0,train
PIGPVG,1,train
RGAAGLP,0,train
KKYIGP,1,train
DFG,0,train
GKDGEAG,0,train
FDVPC,0,train
YGEI,0,train
GAGLGGVP,0,train
AVTFPGA,1,train
PGLTGPPG,1,train
CDCSG,0,train
PGAIGPS,1,train
RDLRL,0,train
RLGA,0,train
GLGPRE,1,train
GDQGAPG,1,train
KGQPGA,0,train
GAGGFPG,1,train
EGPPGLRG,1,train
RGQAG,0,train
AGPSGP,1,train
LTAAV,0,train
FVGEKGP,1,train
RGFPGERG,1,train
LID,0,train
PGQDGLA,0,train
RADDANVV,0,train
GPQGLPGQ,1,train
VAARPGF,1,train
PALRRWL,0,train
GLTAV,0,train
MGPRGP,1,train
GPPSG,1,train
HKNLFFL,0,train
PGAKGAN,0,train
GAQGPPG,1,train
GGFPG,1,train
VQS,0,train
GPQGKVG,1,train
GADGP,1,train
AGQP,0,train
PGAKG,1,train
CPV,0,train
PPCPQ,0,train
PGPPAVM,1,train
SSMKS,0,train
HPGKPG,1,train
PGPQGP,1,train
GLPGQ,1,train
GPPGPSGK,1,train
DAGPAG,1,train
GAMG,0,train
PAGPAGER,1,train
GARFPGVG,1,train
SVGEPGP,1,train
GPPGPTG,1,train
HSQD,0,train
YAA,0,train
GEGGP,1,train
PSGPRG,1,train
GAPGADGP,1,train
QMA,0,train
PQSPPGKP,1,train
RPGGVP,1,train
ILCCA,0,train
KSAAKV,0,train
KGEKGEPG,0,train
GSAGAP,0,train
GTTYSDKD,0,train
LANHAS,0,train
NSIAYMD,0,train
PRPGA,0,train
GVP,0,train
SPPGLPGE,0,train
YTM,0,train
KGDAGA,0,train
GPRGRT,1,train
GIDGEAGP,0,train
PTYGV,0,train
MPGQKGEK,1,train
GAPLLP,0,train
AGVPGF,1,train
IMSSMKS,0,train
GERGGPG,0,train
PVGPAG,0,train
ITKD,0,train
AGIT,0,train
RFPALP,0,train
LQGNP,0,train
PSSI,0,train
DGAKGEAG,0,train
LEVD,0,train
PGPVGPAG,0,train
NKGEPGA,1,train
EKGNPGQ,1,train
HGRGTC,0,train
ESPS,0,train
GQPGDKGE,1,train
NGEP,0,train
PPGAT,1,train
GSEG,0,train
DRDKY,0,train
GISVPG,1,train
APPCVC,0,train
RGW,0,train
LVGYQGPP,1,train
PPGPSGN,1,train
GPPGLAG,1,train
LPMPG,1,train
TKTTGFCA,0,train
RPGPIGPA,1,train
QPGGVPG,1,train
DATLKT,0,train
AVPGVLG,1,train
DAGP,1,train
RGSTGP,1,train
SPGEAG,1,train
AGKPGKS,1,train
CCGGG,0,train
AAGLPGL,1,train
TGPPGPQ,1,train
GSPGPQG,1,train
AGPAA,1,train
AGLGAF,0,train
TAGLPGMK,1,train
PGGVP,1,train
TKGNKG,0,train
GPAGQQ,1,train
LFGGF,0,train
PPGKAG,1,train
LPGIDGRP,1,train
SSGE,0,train
GGQ,0,train
PRGPRG,0,train
KASGPPL,0,train
VPGGLA,1,train
CSKKTN,0,train
RLPSLVF,0,train
EQGPKG,0,train
AGEPGKAG,1,train
EGPQGVR,1,train
AGVS,0,train
PPGENG,0,train
IDFLRF,0,train
GNAGVP,0,train
PPGAAGTP,1,train
AGVGG,0,train
KPEV,0,train
PGIGPG,1,train
MTGFPGA,1,train
PAGARGP,0,train
GSSGE,0,train
PPGLPG,0,train
GPQGPKG,1,train
KTGPIG,1,train
PAGPPGF,1,train
GDPGR,1,train
NTKTQF,0,train
GRPG,1,train
VGAPGAP,1,train
PGVPTGAG,0,train
DGHPG,1,train
EQSSAK,0,train
GQPGAK,0,train
EKGT,0,train
TNK,0,train
GEFG,0,train
LLHPAQPG,1,train
LPGPE,0,train
QPP,0,train
GPQGLL,1,train
LGGVPGV,1,train
CHSDWKS,0,train
GTN,0,train
PLQ,0,train
MSFV,0,train
PGEPGQ,0,train
TLLLLA,0,train
GLTYNDK,0,train
IPGVG,1,train
GYGP,1,train
MTGFPG,1,train
GDDGPSGA,1,train
SMTGGF,0,train
GPPGNMGP,1,train
GPPSGGFD,1,train
VPGVLG,1,train
FKINT,0,train
PTGPPGP,0,train
GSAGPPG,1,train
GPPPHPG,1,train
KYIQP,0,train
PGPDGKTG,1,train
KSGERGPP,1,train
RAGLCLL,0,train
GPPGPQ,1,train
AVGPAGK,1,train
PYYGDD,0,train
RKGPT,0,train
QKTIIE,0,train
PGLVGP,1,train
QDEEAVP,0,train
NLGEIMS,0,train
PGEKGSP,0,train
AGFAGPP,1,train
PPGFVG,1,train
GLPGERGA,1,train
KRHVWYGE,0,train
PGPSGIAG,1,train
KGDPGPPG,1,train
PAGASG,0,train
WVGA,0,train
GGIA,0,train
VSARD,0,train
AVSNTKPG,0,train
AGPPG,1,train
PSQPGGVP,1,train
GKDGGRG,0,train
QGGKG,0,train
TFPGALVP,1,train
KTGPIGP,1,train
GESGN,0,train
PAGPRGAN,1,train
LVGPRGER,1,train
ARGEPG,1,train
VPGVG,1,train
DEISAA,0,train
PPGKNGE,1,train
CGKCD,0,train
GVGA,0,train
PGGVV,1,train
TSRLPI,0,train
PGLTGPAG,1,train
MQGPMGPM,1,train
EPYI,0,train
GPDGLPM,1,train
GPPPPAGG,0,train
GYGPGGVA,1,train
KPPTYE,0,train
GPRGLPG,1,train
AGLTAVV,0,train
KPGR,1,train
GGQQPG,1,train
YESCEQK,0,train
HYDL,0,train
GPV,1,train
VGPAGKDG,1,train
FVDSR,0,train
IAGPP,1,train
YHCKNS,0,train
LGAPGIL,1,train
GLPGERGR,1,train
GPPGPPA,1,train
GGSD,0,train
AT,0,train
IKGPLAS,0,train
APGADGPA,1,train
VER,0,train
EVSARIA,0,train
PPGITGF,0,train
PGVPGQAQ,1,train
KTAP,0,train
LFLPL,0,train
GFPGPRGP,1,train
EGDPSSS,0,train
GEPGKAGE,1,train
PGASG,1,train
KGSKGEP,0,train
PPGAQ,0,train
SMKGPP,0,train
ISPPGP,0,train
TGPQGPP,1,train
GPKGDTG,0,train
AGIRGS,0,train
AGAPGTP,1,train
PGRD,1,train
PTGET,0,train
PGVPLG,1,train
GAIGPSGP,1,train
ASGSPGLQ,1,train
GPPGER,1,train
PNAKVPT,0,train
LGEPGPLG,1,train
QKGPVG,0,train
LKGQ,0,train
YC,0,train
PPGPSG,1,train
SGITIPG,1,train
PAGPA,1,train
GPPQ,0,train
QGKTGP,1,train
IGPGGVAA,1,train
NSRFTY,0,train
PGPSG,1,train
VGEPGPLG,1,train
DVGE,0,train
VFPTLG,0,train
DLLE,0,train
SPGSPGP,1,train
AVAGPALR,0,train
ELGPVGN,1,train
EVGLP,0,train
PGEQGVP,1,train
MPF,0,train
QKQ,0,train
PGLPGAR,1,train
VVGP,1,train
LPGLKGE,0,train
GAGVPGFG,1,train
RWKA,0,train
AWAET,0,train
LPGIDG,1,train
SISNGG,0,train
PPGMTG,1,train
GPSGA,1,train
PPGPD,0,train
VGAAGAPG,1,train
GQPGPPGP,1,train
PGDKGE,1,train
ILSVL,0,train
CPA,0,train
FFGEKG,0,train
GLPGM,1,train
SPGPAG,1,train
PRSPPG,1,train
VGLTGR,0,train
PGHAGP,1,train
VLPFRYG,0,train
CLQR,0,train
DGRIGQ,0,train
QPGDKGEG,1,train
FPGADGVA,0,train
DGIDG,0,train
KPQGP,1,train
GPWV,1,train
PGLRG,1,train
GVADA,0,train
EFTEDQA,0,train
GKQGPS,1,train
FVIAAP,0,train
APLPM,0,train
SIR,0,train
SAEPGQQG,1,train
PPGPNGGG,1,train
EQGPSG,0,train
PGAQG,1,train
HRG,0,train
PQMPPQIP,0,train
LAPG,0,train
QGPPSPP,1,train
GPRE,1,train
RFPSLPDG,0,train
FSPYY,0,train
DQPRSQP,0,train
LLGVL,0,train
LGPVGNP,1,train
APGNRGF,1,train
ALMP,0,train
ECCPICP,0,train
GDDGP,1,train
NPQGPS,0,train
VISGKPE,0,train
VFLVLL,0,train
GESGKPG,0,train
PPGVPG,1,train
RGGAGP,1,train
GVT,0,train
GGVFYPGA,1,train
PPGKNG,1,train
SKSAEPGQ,1,train
GEPGDIKD,1,train
NAGPP,1,train
PQGPTGE,0,train
HRGFTG,0,train
PGVHA,0,train
AGPQGP,1,train
GASGAP,0,train
PSGDKPKK,0,train
FAGLGQRE,0,train
PGDIKDI,1,train
LVPGVG,1,train
PFGGPQ,1,train
GPDPL,0,train
AAGLGA,0,train
FPGERG,1,train
FLLDT,0,train
PGNDGPPG,0,train
FVIAVP,0,train
NTKAGH,0,train
SQPEK,0,train
TDLATAS,0,train
PGPAGQD,1,train
AGPPGK,0,train
LLLFSS,0,train
ANGDPGRP,1,train
GHAGP,1,train
EKP,0,train
ALPEQSSA,0,train
LAQLRGPP,1,train
QQAR,0,train
GVPGAG,1,train
IAP,0,train
PPGPPG,1,train
LPGHPGQ,0,train
PPGINGS,1,train
RGPEG,1,train
PSPPGKPQ,1,train
NGNPGP,1,train
GAIPGI,1,train
ADDANVV,0,train
PSGDQGA,0,train
MLLL,0,train
PGNI,1,train
PGVPTG,0,train
PGVAGA,1,train
RGKKGS,0,train
GGVPGG,1,train
PAGPIGSA,1,train
GIAGAPGF,1,train
GPRGNR,0,train
RSARSPPG,1,train
IRSPEGSR,0,train
SGPAG,1,train
LCAGTKG,0,train
VKGHRG,0,train
RGDPGSH,1,train
SLVLL,0,train
LSAAPG,1,train
GLAGPK,1,train
AALF,0,train
PPGAPGPQ,1,train
RPGLKG,1,train
PPVKH,0,train
RDIWS,0,train
YAPV,0,train
PGERGVQG,1,train
LPGMKGH,1,train
TDV,0,train
LVPGPQ,0,train
GPMGLMG,1,train
AARPGFGL,1,train
VPLIDFLR,0,train
PPGPPGS,1,train
GAPGNRGF,1,train
AFM,0,train
ASQNI,0,train
PSGAP,0,train
EPGDD,1,train
GSEGPQG,1,train
MHHEINF,0,train
EPGGVG,0,train
PPGAAG,1,train
EKST,0,train
SVGM,0,train
FSPYYGDD,0,train
GPFGGQQP,1,train
LGGGA,0,train
VMR,0,train
GPKGANGD,1,train
GVSVPGP,1,train
QGLQGPRG,1,train
KEGPV,1,train
PPGN,1,train
RGPAGLP,0,train
DVK,0,train
QQPGLP,1,train
AKGEGG,0,train
GWCGG,0,train
ESPSLIA,0,train
SRSPPGK,1,train
AKFGAGA,0,train
FLLLL,0,train
GINGSPGG,1,train
PPGAIG,1,train
DGQP,0,train
DFHNL,0,train
DGP,1,train
EPGLMGP,0,train
AYAA,0,train
VAPL,0,train
GEPGTAG,1,train
DGPA,1,train
PGVL,1,train
GAQGPRG,1,train
KGERGYPG,0,train
PTGTGVGP,1,train
VPGQA,1,train
QCVPGGIF,1,train
RGPPGPQ,1,train
KGELGPVG,1,train
AAPGWA,1,train
AAAPR,0,train
TGETC,0,train
TEGDG,0,train
PGERGLKG,1,train
GTPGT,1,train
APGWAGA,1,train
PIGPQ,1,train
LRGLPGK,1,train
RADQPSF,0,train
MYLNR,0,train
LCPPG,0,train
PQIPFLLL,0,train
AGPPGPPG,1,train
GANGEKG,0,train
PGKAGEP,1,train
RAGVMG,0,train
GPQGVRGE,1,train
PPGTPGPQ,1,train
AHPPPIY,0,train
PGARF,1,train
NKYE,0,train
GSAGSPG,0,train
ELVVAA,0,train
PGEPGPKG,1,train
KGEPGAV,1,train
HAGPSG,1,train
AGLPGM,1,train
SAGFDFS,0,train
PAPPGAR,1,train
GSPGPKG,1,train
LRFPAL,0,train
GERGGPGG,0,train
LGPPG,1,train
PGAQGV,1,train
GAFP,0,train
GKTGPPGP,1,train
ALVL,0,train
EPGPQGE,0,train
EKGPSGEP,1,train
AGPK,1,train
LSAQ,0,train
GSM,0,train
GAVGPAGK,1,train
KPEVCLI,0,train
GPRGIP,1,train
QPRSPPS,0,train
RTGEVG,0,train
PGAKGLTG,1,train
AGPAAAA,1,train
SSAES,0,train
LLPPL,0,train
MGPSGPRG,1,train
KGVQGPP,0,train
GDDGPSG,1,train
NGSPGPMG,0,train
PGKPQGP,0,train
ALAAW,0,train
MPGE,1,train
CPHGW,0,train
RGIQGPQ,1,train
PPGF,1,train
PTGETGPM,0,train
GSPGK,1,train
EVIQPL,0,train
GILFI,0,train
MGHYDE,0,train
NIGPA,1,train
RGDSGPP,1,train
AVPGP,1,train
KAHD,0,train
GWF,0,train
QPRP,0,train
DGAPG,1,train
GAPGKDG,1,train
VPGVPG,0,train
GSPGEAG,1,train
GVRGEPGP,1,train
GGALGP,1,train
SPQSPPG,1,train
SGFPGAD,1,train
IPFLL,0,train
CKNS,0,train
LGGVPG,1,train
PGAQGPP,1,train
GPTG,1,train
GPAGSAG,0,train
IPST,0,train
PGGYG,1,train
PGQEG,1,train
GQREKGP,0,train
GLAGPP,1,train
GPKGPP,1,train
NDGQ,0,train
LLLLLLL,0,train
GQPGEK,0,train
FNKYET,0,train
GHRGL,0,train
GETGP,1,train
GVVGPQ,1,train
GHK,0,train
VVLF,0,train
CQSC,0,train
GEPGKQG,1,train
AGLG,0,train
NAV,0,train
AGPTGK,1,train
RTGPAGAA,1,train
PGLRGD,1,train
GPFGGP,1,train
EPGKQGP,1,train
LG,0,train
IGPAGVR,0,train
GLDGLKGQ,0,train
AGPPGPQG,1,train
KAAAKF,0,train
PGFKG,1,train
KINHGFL,0,train
RVPG,1,train
GLPGID,1,train
QPGVPL,1,train
PGGV,1,train
VPGMLLKG,1,train
SPGPMG,0,train
LPGMP,1,train
RFTT,0,train
PGINGS,1,train
PSPGP,1,train
KHVW,0,train
THLERLL,0,train
WYRNS,0,train
AI,0,train
KTGPPG,1,train
GASGNPG,1,train
VYYPGAGI,0,train
IAVP,0,train
LQGPRG,1,train
GLPYTTG,0,train
GAPGILG,1,train
LKGDQ,0,train
GLKGNPG,1,train
PAGPRGP,1,train
GGVFYPG,1,train
QGEPGP,0,train
GPRL,0,train
MPGRSVSI,1,train
VG,0,train
AGERG,0,train
YGGGGGS,0,train
PQNY,0,train
LGLPG,1,train
FLECHG,0,train
GERGAPGN,1,train
VGPTGSVG,1,train
AIGYTI,0,train
LR,0,train
GPR,1,train
HPGKP,1,train
SCLEE,0,train
GDAGPAGP,1,train
CGPR,1,train
PGTPG,1,train
NVLFVF,0,train
KFCHPELK,0,train
HQEGTTYS,0,train
GLIGR,0,train
IPGGK,0,train
GEDGPT,0,train
LQGMPG,1,train
PPGH,1,train
PGYQG,1,train
NGPTG,1,train
QPI,0,train
TGPPGPA,1,train
KGAPG,1,train
PPGR,1,train
SPGY,1,train
GEKGPSGE,1,train
GPQGLA,1,train
GDAGPAG,1,train
GPGVVGVP,0,train
GGIPPAA,0,train
GPPGEA,1,train
GPPGATG,1,train
VSVPGPM,1,train
GIPGLKGE,1,train
TFLRLM,0,train
GTAGPP,1,train
KYETDS,0,train
PKAQVGAG,0,train
PGKPGR,1,train
KPKKK,0,train
YYSN,0,train
LLFLL,0,train
SGPPGFVG,1,train
LQGNPG,0,train
LPGQRGE,1,train
GEEIACT,0,train
GDTGPP,0,train
GPAGFTGP,0,train
QKW,0,train
MGLMGPR,1,train
FPK,0,train
GAPGTP,1,train
KDGR,0,train
PDVC,0,train
GLPGQRG,1,train
FVDLRSVL,0,train
GGAAG,0,train
PIGSAGPP,1,train
MGPPGLAG,1,train
AQGPR,1,train
QPSR,0,train
LTGRPG,1,train
KLDVP,0,train
GPAGPIGP,1,train
PGHAG,1,train
GPPSPGPA,1,train
PGGYGL,1,train
GPQGHA,1,train
GVSLAAGL,0,train
APGNR,1,train
VLCDDV,0,train
PPGFVGE,1,train
LGYPIKA,0,train
IPVVP,0,train
LTGRPGP,0,train
PVVPG,1,train
ARPGV,1,train
ASGNPGT,1,train
GGPK,0,train
GLTGRPGD,1,train
DQGASGP,1,train
GMPGQKG,1,train
PGAPGSQG,0,train
VTCV,0,train
TFLRLMST,0,train
TGPPGPSG,1,train
RGFPGQD,1,train
VQGPPGP,1,train
RDGQPGHK,0,train
GLPGQR,1,train
FAGLGP,1,train
LMGPRG,1,train
AWGKT,0,train
GLGAGLG,0,train
VGVGVPG,1,train
FTY,0,train
FAGPPG,1,train
LLF,0,train
LTGPIG,1,train
VPGTLLKG,1,train
PPGSNGNP,1,train
SGPVGK,0,train
PGML,1,train
LPGLKGKR,1,train
MPGERGA,1,train
GLTGPIG,1,train
GKTGPIGP,1,train
LPGVAGA,1,train
KDGAPGR,1,train
SGKKYIGP,1,train
YGP,1,train
GITGPPG,1,train
KGEAGP,1,train
LPGPSGR,1,train
QHAA,0,train
PPPHPGK,1,train
PGKAGEDG,1,train
PV,0,train
RRARGI,0,train
PGSRGLP,0,train
GPPGPAGA,1,train
QGARGFP,0,train
PGPVGAAG,1,train
GFI,0,train
TLGL,0,train
GEGGK,0,train
ERGFPGE,1,train
KGESGS,0,train
LAAAKAA,0,train
IKAPK,0,train
CDE,0,train
EED,0,train
GAPGI,1,train
GARGQP,0,train
EDEAI,0,train
ARSPPG,1,train
PPGVAGPP,1,train
GARGAPGE,1,train
VGPKGPP,1,train
NHKNLF,0,train
PRGDRGDK,0,train
AGPAG,1,train
SNSYSFW,0,train
GPNGDA,1,train
GFPGERG,1,train
KVGP,1,train
GRAGEPG,1,train
GVGIPG,1,train
ISVPGPM,1,train
PEKP,0,train
LGPPGQKG,1,train
GPGA,0,train
SGPAGAR,1,train
GATGARGL,0,train
SNDVE,0,train
CNVN,0,train
LVLLTLL,0,train
PGPVGEQ,0,train
PPGLG,0,train
YGESM,0,train
GHRGFSG,0,train
VGV,0,train
YDLSF,0,train
PGSPGP,1,train
GPW,1,train
IPGQPGSP,1,train
LGGLGAL,0,train
LGPKGQTG,1,train
GPQGHQ,0,train
SCRI,0,train
SDSY,0,train
RADDANV,0,train
GPPGARGQ,0,train
PAGAAGPA,1,train
AEGPP,1,train
QTAL,0,train
PGPAGAAG,0,train
PVGNPGP,0,train
MMA,0,train
SVNGQ,0,train
DPGL,1,train
DIF,0,train
GPSGKDGP,1,train
GSPGAE,0,train
LGLPGSRG,1,train
RGDGGPPG,1,train
PGNRGFPG,1,train
QGPTG,1,train
GKAAL,0,train
PGIN,1,train
APGPKGA,0,train
GWFLLALS,0,train
IGPAGARG,1,train
PSGEEGK,0,train
APGFPGE,0,train
ITGRA,0,train
LLILSVLL,0,train
PGAVGQP,1,train
LEMLDF,0,train
AQGPPGLQ,1,train
PLVG,0,train
PMGMPGQK,1,train
PGSPGAAG,1,train
AGLT,0,train
PVGLPGI,1,train
INN,0,train
GRPGY,0,train
EPGSP,0,train
GKPGRPG,1,train
GIPGAAVP,1,train
SPGPAGAS,1,train
FVDLRL,0,train
GDAGPQGK,1,train
PGKP,1,train
PGPP,1,train
STGP,1,train
LASPGSC,0,train
GAPGPQGP,1,train
GPQPG,1,train
PGHPGQR,0,train
GYQGPPGE,1,train
SFLPQPP,0,train
PAGPKG,1,train
DLLEM,0,train
QEGLK,0,train
NIG,0,train
GEPGKA,1,train
VGAV,0,train
GPAGKEG,1,train
GANGL,0,train
APQTLV,0,train
GAPGA,1,train
LGSPGPK,1,train
EPGAVGQ,1,train
EQGEA,0,train
RLPVGP,0,train
VPG,1,train
PGQRG,1,train
CLSP,0,train
PMQ,0,train
IGGADQE,0,train
NGC,0,train
PGLWVLG,0,train
AADLAGI,0,train
IQLTFL,0,train
YGGA,0,train
DAGPKGA,1,train
SAGVAV,0,train
GPIGSAGP,1,train
AVPGPMG,1,train
VFP,0,train
GAIGSPG,1,train
KNGETGPQ,1,train
AAAGLVP,0,train
SLNSLKLE,0,train
PRGSEG,0,train
GAPGAD,1,train
AQVGA,0,train
GPVGPVG,1,train
GDRGPA,0,train
QPGSPGS,1,train
ERGPPGPP,0,train
TVV,0,train
QFAGGS,0,train
VAAAAK,0,train
GVPGQAQV,1,train
GLK,0,train
KIISRCQ,0,train
NDYS,0,train
PGKSGER,1,train
GAGVPGLG,1,train
GSPGPMG,0,train
GEPGA,1,train
AGFD,0,train
EFTE,0,train
QIRGPPGE,1,train
PGARGP,1,train
TGPQGPPG,1,train
GPPGKT,1,train
GAQGPRGE,1,train
GKPGEP,0,train
PEHSP,0,train
PGFGA,1,train
GLPGLKG,1,train
GGGGAA,0,train
DELKDC,0,train
TP,0,train
KGAP,0,train
PRGDR,0,train
PGLSGPV,0,train
SPGAQ,1,train
RSPDGSK,0,train
ASQNITYH,0,train
GPAGAA,1,train
VWYGES,0,train
KTGPPGPP,1,train
IWSEVHL,0,train
GPRGRS,1,train
IRGPPGE,1,train
IPGLKG,1,train
GVTGPK,1,train
NFFHG,0,train
GIPGVG,1,train
DSVKHY,0,train
AL,0,train
VKGERGS,0,train
PAGPTGKQ,1,train
PPGEPGEP,0,train
VPQPGAG,0,train
AYY,0,train
PGPPG,1,train
TLVLFA,0,train
EGAPGRP,0,train
GGVPGA,1,train
QLSYGYD,0,train
GSPGPPGQ,0,train
LAGERGE,0,train
RPGPA,0,train
GNPGQ,1,train
PVGPVG,1,train
IEYKTTK,0,train
PAGGPG,0,train
TGPPGNMG,1,train
GTPGQA,0,train
PGQRGER,1,train
GAPGPK,1,train
YQGPPGE,1,train
IN,0,train
PVKYIQ,0,train
AAAAAKAA,0,train
GKKYIGP,1,train
PKGETGP,0,train
GSPGEAGR,1,train
AGQRGIV,0,train
GVKTP,0,train
GPKGA,1,train
GNPGQP,1,train
VAGS,0,train
FQGNPG,1,train
GPTGSVGA,1,train
LNRDIWKP,0,train
GLPGPS,0,train
LLREKL,0,train
VDNRIL,0,train
ATGFPGA,1,train
GDQGASGP,1,train
PGEGG,0,train
GIPGLGV,1,train
PPGKPGA,0,train
GKPG,1,train
AQRVGPQG,1,train
PPGPS,1,train
KGNPGQ,1,train
QGEA,0,train
GDQGASG,0,train
PSR,0,train
PGPSGD,1,train
DPGLP,1,train
QFC,0,train
QPGIPGTK,1,train
LVPGGPGF,1,train
EYPY,0,train
GSQPRPP,0,train
LPGTAG,1,train
LPIQAS,0,train
FTED,0,train
PKGAPGER,0,train
GLAGPPG,1,train
LDGLPG,1,train
EKGEV,0,train
QGPPGEP,1,train
FAGPPGAD,1,train
ANHKN,0,train
LCPKIRI,0,train
LNN,0,train
TAGPPG,1,train
LPGS,1,train
AGITGARG,0,train
PTGVTGPK,1,train
GLQGPP,1,train
DYEVDAT,0,train
SAGV,0,train
PGQQGIM,1,train
CVQ,0,train
GPAGF,1,train
EGPG,0,train
PIPST,0,train
KPGTPG,0,train
FAGLGPRE,1,train
VVRDR,0,train
LSFVDTR,0,train
SPGTPG,0,train
EPGPKGD,0,train
LTYNDKD,0,train
FKGHTGD,0,train
DDPL,0,train
PGKDGDTG,1,train
GDQGLR,0,train
PPGPPGEQ,0,train
QPSFRAK,0,train
GPMGPP,1,train
GPKGQTGE,1,train
PGGPGF,1,train
GVLGGAG,0,train
YK,0,train
DNGNVL,0,train
RGAPGE,1,train
IVTK,0,train
SPGK,1,train
GDTG,0,train
GFPGE,1,train
LVPGPQA,0,train
PGSPGN,1,train
RSPPG,1,train
GPRASSG,1,train
KDIVGP,1,train
PGPDGKT,1,train
PGFPGPRG,1,train
FPGQ,1,train
PGALAAAK,1,train
GFSI,0,train
PQPPQEK,0,train
AVSN,0,train
VGQPGPPG,1,train
MRVK,0,train
GPAGGGY,1,train
PRGEPG,0,train
PRSPTS,0,train
DGGPPGM,1,train
AGLPGV,1,train
YQKQSS,0,train
GADGPA,1,train
SKGPR,1,train
QTTDDPL,0,train
DGGR,0,train
ERGPPGT,0,train
PGPKGDK,1,train
VQGPPGPA,1,train
IPGPVGAA,1,train
VPGAGVP,1,train
GPPGSN,1,train
GLPGSMG,0,train
GMPGE,1,train
GPPGPAGQ,1,train
PGA,1,train
GAAGIAGP,0,train
AGVPGVGV,1,train
GPPSN,0,train
VEL,0,train
VVGAGPA,1,train
TGGGYG,0,train
GLA,0,train
SNGAPGQ,0,train
PGAQGLQG,1,train
GPREEL,1,train
GVR,0,train
PGLKG,1,train
STGPAGI,1,train
PGERGAA,1,train
LPGTKGEK,1,train
PGQQGI,1,train
RPGEA,0,train
GLQGMPG,1,train
SPGYQGPP,1,train
TPGNP,0,train
SPQQQPSR,0,train
TGTRM,0,train
FGDIGDT,0,train
PKLPGG,1,train
PQGPPG,1,train
DFGPGPMG,1,train
GDAGQPG,0,train
SHRPP,0,train
QRTD,0,train
IVGPTGSV,1,train
QGPPGPT,1,train
DGVP,0,train
SVISGK,0,train
QGPPGY,0,train
AGLEGPPG,1,train
RGLPGERG,1,train
PHPGKP,1,train
KPGEPGP,0,train
SGHNGE,0,train
QGLPGLAG,1,train
TKGLPGA,1,train
LPGTP,1,train
GPRGET,1,train
KGPTVSA,1,train
EYW,0,train
DGSVGP,1,train
KGANGAP,0,train
LAGHHGDQ,0,train
GPQGPPG,1,train
FCAT,0,train
AKTSA,0,train
GEPGDKG,1,train
GQPGD,1,train
APGIAGA,0,train
VGGLGVPG,1,train
YTEG,0,train
LPGPSGRD,1,train
KPSS,0,train
CVQN,0,train
PGGVPGGV,1,train
GVAGSAG,0,train
PGPQGPT,1,train
TVQSSN,0,train
PGFV,1,train
FGPGVVG,0,train
TPL,0,train
KPGRPG,1,train
GLGAGIPG,1,train
FVGEKG,0,train
PKGPSGD,0,train
PAGPQGA,0,train
RGVQGP,1,train
VPNGE,0,train
AQGPPGAT,1,train
IGPSGP,1,train
YPTQPSV,0,train
PGISPP,0,train
PGPPGPPG,1,train
CNF,0,train
PGICQ,0,train
PGKNGETG,1,train
PGDKG,1,train
QPGP,1,train
PGKEGP,1,train
PGLPGPPG,0,train
QGLPGT,1,train
PGKPGLT,1,train
ERLLAQ,0,train
AGPQGK,1,train
GGQQ,0,train
PGPIGPPG,1,train
LGQPR,0,train
SPGPA,1,train
LPGPPGA,1,train
LKLEIEQ,0,train
KAA,0,train
HPGK,1,train
PPGHAG,1,train
QGHGQHH,0,train
PPGKTGPI,1,train
KGLNGPTG,1,train
GGFGG,0,train
GRPGPIG,1,train
TGAGVKP,0,train
IPGGV,1,train
VPGLGVG,1,train
PGD,1,train
EPGERGL,1,train
VCVFV,0,train
TDPGIHV,1,train
GARGPEG,1,train
ASLF,0,train
GITGPPGP,1,train
PGVRG,0,train
GSPGGKGE,1,train
GGNELCP,0,train
EAGVENF,0,train
EEIACTQ,0,train
PRGP,1,train
PGT,1,train
GPSGG,1,train
PPGLTGPA,1,train
VGGLGGIP,0,train
AVPGV,1,train
PGVAGAP,1,train
NG,0,train
RYKD,0,train
QRGEPG,1,train
PSPGPAPP,1,train
GGVAARPG,1,train
AGPAGGG,1,train
QVC,0,train
DLSFLPQ,0,train
AGAKGEA,0,train
PGIPG,1,train
GQQPGLP,1,train
KHYSPPP,0,train
YGYD,0,train
KPGEQ,1,train
SFVTA,0,train
YYEYPY,0,train
YDGCTS,0,train
RADQPER,0,train
IPGAKG,1,train
GPKGPA,0,train
MSAFAGLG,0,train
GPPGFQG,1,train
GARGEPGN,1,train
PGIVI,1,train
PGFIGSR,0,train
PGERGVQ,1,train
HRLL,0,train
RSQPSL,0,train
PGTAGL,1,train
GGPPGVAG,1,train
EGSKGPR,1,train
CEAP,0,train
ETGPQG,1,train
RGDRGP,0,train
QGLQGP,1,train
PSLIAGN,0,train
SSLLLL,0,train
MKGPPG,0,train
GGKAAL,0,train
GGGYG,0,train
CN,0,train
GHAGAQGP,1,train
QLLPGTQ,1,train
GTAGLPGM,1,train
AGLPGAK,1,train
GYDLSF,0,train
PIGPPGP,1,train
FPGV,1,train
GKPGLTG,1,train
GEPGPQG,1,train
TDPG,1,train
PGKPGAQ,1,train
GPSGPQ,0,train
QKWVI,0,train
CDNGN,0,train
DGLNGL,0,train
PKGARG,0,train
APGRAGL,1,train
PPPA,0,train
PPGLQ,1,train
GPAGT,1,train
LPQTA,0,train
AGPRGANG,1,train
GPPGGS,1,train
FPGTPG,1,train
PGSDGQ,0,train
VTAPWSL,0,train
IPGIGGIA,1,train
IDFL,0,train
RPGFGLS,1,train
AYMDQQT,0,train
SAKPP,0,train
KEGSKGPR,1,train
PGLMGPR,0,train
GNKGEPGA,1,train
VPGFGA,1,train
GLPGMKG,1,train
PVPG,1,train
TGVEGPK,0,train
PAGPQGP,1,train
EPGQQGI,1,train
PGVPLGY,1,train
RGIPGP,1,train
GPSGRDGL,1,train
PSGPA,1,train
QYF,0,train
EAGPT,1,train
RDLKM,0,train
EKGSPGAQ,0,train
ERGFPGI,1,train
HPELK,0,train
ETGLRGDI,0,train
TYSVTY,0,train
GPREE,1,train
PPGIV,1,train
YLPPSDSY,0,train
FEQRI,0,train
PGFLGLPG,1,train
DGEVGPS,1,train
AAVGF,0,train
GETGPAGR,1,train
RTG,0,train
PFGGQQPG,1,train
PGGI,1,train
GLVGAAGL,0,train
SAGS,0,train
CDNG,0,train
SGSCQCF,0,train
GPPGVA,1,train
GFAGPP,1,train
RSPA,0,train
AAIAAL,0,train
GPAGKEGS,1,train
GLHGP,1,train
SPPGKPQG,1,train
GPQGPPGP,1,train
APTGEKG,0,train
PGLPGARG,1,train
GPQGL,1,train
RGNDGQ,0,train
GKPGEQG,1,train
RALEP,0,train
AGPRGE,0,train
ELREG,0,train
FPKINH,0,train
TAGEAGKP,0,train
EPGDKGP,1,train
SGPRGP,0,train
FAGLS,0,train
REGSPGA,0,train
EPGPPGP,1,train
EPGLPG,1,train
PQGPVGP,1,train
ETMRSP,0,train
SGETGPA,1,train
PANS,0,train
VGPPF,0,train
APGNRGFP,1,train
GPPGR,1,train
GASGPA,1,train
QGPPSPPG,1,train
RGDPG,1,train
VPGQPG,1,train
PGPPGPS,1,train
EVDT,0,train
RVGPP,1,train
LKGNPGD,1,train
RYYDRDV,0,train
NGLPGPI,1,train
GPPSAGFD,1,train
GPSGRDG,1,train
GPAGKDG,1,train
RGPAG,1,train
FPAVTF,0,train
MRRQHA,0,train
GLGPR,1,train
YPGAGLG,1,train
DRGDVGE,0,train
GGGGGI,0,train
PSGPAG,1,train
SPGENGA,0,train
EKS,0,train
GGVADA,0,train
REKL,0,train
GPLASPK,0,train
PGPQGIAG,1,train
APGL,1,train
VPGADG,0,train
VGLPGP,1,train
GPPGHAGP,1,train
EGVTTK,0,train
PPGPNGG,1,train
FPGAAGRV,1,train
GPDGL,1,train
IVIGTGP,1,train
GFDGDFYR,0,train
PSGP,1,train
PGSNGNPG,1,train
DGSPGK,1,train
DAGPAGPK,1,train
IPGI,1,train
NGDPGIP,0,train
SPGAK,0,train
AKVAAKA,0,train
PGKPGDDG,0,train
GTPAT,0,train
GAQGPR,1,train
IGPPGPR,1,train
VGKEDFEK,0,train
VPGQP,1,train
LPGGYGLP,1,train
PGDDGPSG,1,train
PGIGPGG,1,train
KGNPGD,1,train
PGIPGQ,1,train
SAGAPGIA,1,train
PGFGLS,1,train
GVC,0,train
GVLPG,1,train
VGEKGPSG,1,train
FGPG,1,train
IPGIGG,1,train
PGERGP,1,train
PGLDGLPG,1,train
GYQG,0,train
KKP,0,train
SFVQKG,0,train
GNLKKAL,0,train
PPGPNG,1,train
GPIGPVG,1,train
SGPAGA,1,train
LRGDPGS,1,train
SPI,0,train
SSPRV,0,train
CSGG,0,train
QIPQYQ,0,train
NGIVGPTG,1,train
LNGPTG,1,train
APGFP,1,train
IAGAPGF,1,train
GPRGDK,1,train
MGR,0,train
FPGARGL,0,train
PPSPGPAP,1,train
QEPMCP,0,train
GPQGPRG,1,train
GPSGIAGP,1,train
AGEKGA,0,train
GRTGPPG,0,train
PGKPGQD,0,train
CNYYS,0,train
SGFQPR,0,train
LPFNVK,0,train
SVGEPG,1,train
GPPS,1,train
TGPQGP,1,train
PPGPPGH,1,train
RPLQLLGI,0,train
KPPT,0,train
YT,0,train
GPGP,1,train
PGMLLK,1,train
SWAPGLW,0,train
QGPREEN,1,train
AEPGQQGI,1,train
KGLTGS,0,train
RVPGA,1,train
QLRGPPGE,1,train
AGPAAA,1,train
AQLRGPP,1,train
YADGMEE,0,train
AGTP,0,train
GNRGFPG,1,train
KTF,0,train
EQQSQGH,0,train
DQGAPGAV,1,train
PRGPAG,1,train
ARGLAGPP,1,train
QMYLNRDI,0,train
LGAPGI,1,train
EPGLV,1,train
RDGLPGPP,1,train
LKGQPGA,0,train
PRGPPGP,0,train
GAS,0,train
AIGSPG,1,train
DEIIRDA,0,train
PGNIGP,1,train
GPSGIT,1,train
GYPGNAG,0,train
IGREGR,0,train
PGPPSAG,1,train
GAPGRP,1,train
SPGEAGR,1,train
GPAGN,1,train
GPAGPA,1,train
LMAAG,0,train
YGGPC,1,train
GGLGGIPP,0,train
LQGPPGP,1,train
MFKLLG,0,train
WQK,0,train
QGAPGAV,1,train
APGERGE,1,train
GKDGEVGP,1,train
GGLGVPG,1,train
GLPGSRGE,1,train
QCPSGTK,0,train
NPGNDG,0,train
EKGSRGP,0,train
VGPV,1,train
EVGPP,0,train
SAGVSVPG,1,train
PAGKEGP,1,train
LLPGTQAD,1,train
DVPCG,0,train
AQAV,0,train
NGLRV,0,train
EKGAPG,0,train
GLMGP,1,train
GPEGRQGE,0,train
NQIESIR,0,train
RGSPGAQ,1,train
APGPS,1,train
SKGESG,0,train
NQR,0,train
AAGTPGL,1,train
SPGYQG,1,train
CDCSGIK,0,train
TGSPG,1,train
LGPVG,1,train
LAAL,0,train
QGNPGE,1,train
GHPGQGGP,0,train
QGFQGPPG,1,train
VS,0,train
SGSP,0,train
GASGSPGL,1,train
PKAQ,0,train
DSGR,0,train
AMV,0,train
APGAVGP,1,train
QRVGPQGP,1,train
PLGGV,0,train
PPPHPG,1,train
AGLGGLG,0,train
PGNPGAP,0,train
GEPGGV,0,train
GGPGSPGP,0,train
LSQPE,0,train
MRRQH,0,train
GDPGL,1,train
PGAV,1,train
SGH,0,train
GVPGQP,1,train
GARGDSGP,1,train
GIPGQPG,1,train
PPSGGY,0,train
FVAYAA,0,train
GLPGS,1,train
GEKGEPG,1,train
VGVPGAG,1,train
PGEPGPK,1,train
PGEP,1,train
GRDGN,0,train
LPGQPG,1,train
FAGIP,0,train
GPPGH,1,train
NIGP,1,train
PGGVFYP,1,train
AGERGA,0,train
ITKTT,0,train
AGEKGPSG,0,train
SGERGPP,1,train
GHR,0,train
WIDPNQ,0,train
GPKGAA,1,train
LRYYDR,0,train
PMGP,1,train
KPGLTGPP,1,train
QGVPGDL,1,train
GPSGIAG,1,train
GDP,0,train
GDAGAP,0,train
PGKAGER,1,train
VSP,0,train
QPGPP,1,train
HYSL,0,train
TDLATA,0,train
MS,0,train
NGETGPQG,1,train
NGKPG,0,train
KVGPS,1,train
KTSAV,0,train
PGPPGH,1,train
LVLLL,0,train
ALGPGG,1,train
DGPAG,1,train
VQHGQR,0,train
AQV,0,train
GPPGEV,1,train
TEGDIG,0,train
NQSQGPP,1,train
GFGLSP,0,train
RGPN,1,train
AGLRG,0,train
SPGSN,0,train
PGLRGL,1,train
GPPGPSGI,1,train
DVSQEE,0,train
LRLLLLL,0,train
PGTPGPQ,1,train
VVA,0,train
GARGFPG,1,train
PGPMGPPG,1,train
LVGPRG,1,train
DAIKVYCD,0,train
PGIPGQP,1,train
QGAPGPSG,1,train
LILLSV,0,train
QPGS,1,train
ELR,0,train
GPVGPPGL,1,train
PGVSG,1,train
KGPT,1,train
GATGPL,0,train
GPSGLA,1,train
NFASQMSY,0,train
PGWAGAPP,1,train
GEVGPVG,0,train
KHPART,0,train
LAGAPG,1,train
GSYGPGI,0,train
GEQGDRG,0,train
GGPQPG,1,train
HPGPPGEV,1,train
YISRC,0,train
PVGPVGK,1,train
VPGVL,1,train
GGQQPGL,1,train
ERGPPGP,1,train
GKRGE,0,train
GPAGS,1,train
APGAD,1,train
LTGPIGP,1,train
MPGRS,1,train
ARFPGVG,1,train
GPTGP,1,train
PSGPR,1,train
LGAGEKG,0,train
IGPQ,1,train
PQGEPGP,0,train
QGMPGE,1,train
PQA,0,train
GTLTPLSS,0,train
GNPGVN,0,train
PGPQ,1,train
CNVNDVC,0,train
GPPGEKG,1,train
GDSGA,0,train
KSAGV,0,train
PPGRDGA,0,train
RFPGVGVL,1,train
IGPS,1,train
RGPA,1,train
RPQGP,0,train
LAGPPGES,1,train
SGEPGKQG,1,train
QTTD,0,train
AGNPQ,0,train
GPQGHQGP,0,train
GPAGA,1,train
QGGNQPQG,0,train
IRGPN,1,train
AAPGWAG,1,train
MSFVQCGT,0,train
PGLPGFKG,1,train
PMGPRGLP,1,train
AGSPGF,0,train
DGCS,0,train
GANGDPGR,1,train
YQGPPG,1,train
GSPGN,1,train
VGY,0,train
SGEEGK,0,train
GETWKPEV,0,train
GLMLVV,0,train
PPGSAGSP,0,train
NIGPAGK,1,train
AGTPG,1,train
LCCAL,0,train
PAGPPGG,0,train
IVGLPGQ,1,train
RQGEKGA,0,train
ARGLPGT,1,train
GDIM,0,train
EPPPIE,0,train
LPGTK,1,train
AAW,0,train
PGKDGAPG,1,train
LTAG,0,train
PRGSPGPQ,0,train
GEPGLV,1,train
KHTY,0,train
SFVQCGT,0,train
GRTGEVG,0,train
PGAKGL,1,train
PSTN,0,train
GDSGPPG,1,train
EKGPSG,1,train
LPGPIGP,1,train
KKGS,0,train
APGLQG,1,train
PSGAR,0,train
KPGAQG,1,train
SPGPDG,1,train
GKDGPRGP,0,train
PGGVADAA,1,train
TKTTG,0,train
FGGGK,0,train
GDPGLPG,1,train
PGAAVP,1,train
AGEPGKA,1,train
GFQGLPG,1,train
GLGAGI,0,train
AEVD,0,train
AGGFD,0,train
GGPQPGV,1,train
PVKNWY,0,train
PGPV,1,train
MGVMQGPM,1,train
GSMGI,0,train
GAPGRA,1,train
GARGPP,1,train
EARP,0,train
PCGGR,0,train
GPQGLLG,1,train
GLLWML,0,train
AGKDGEA,0,train
GELGPVGN,1,train
KYGARPG,1,train
RGFPGSP,1,train
PGQMGPR,0,train
PPPFY,0,train
GNAVAGLL,0,train
PGPNGG,1,train
AVGQPGPP,1,train
GLPGT,1,train
HNLPDGIT,0,train
GEQGVSG,0,train
GKRGRR,0,train
APGFPG,1,train
VGVPGLGV,1,train
PTPKP,0,train
GPTGK,1,train
APLLSS,0,train
PLI,0,train
GPSGL,1,train
GYDG,0,train
QQGIMGP,1,train
PPGATGFP,1,train
PRGFPGS,1,train
GVPGAV,1,train
GRTGP,1,train
GNVGNP,0,train
TPGLPGF,1,train
LPYGYGPG,1,train
PRGDRG,0,train
QGARGLPG,1,train
LPGIAGP,0,train
CPQRT,0,train
KPGE,1,train
GIPGAA,1,train
STGETCI,0,train
LYMCSF,0,train
SFYLFF,0,train
RPGLNGM,1,train
VTTKEM,0,train
ALCLLLL,0,train
KYGGPC,1,train
GVGPFGGQ,1,train
RVGLPGP,1,train
LGPP,1,train
PGHLTA,1,train
PMPG,1,train
GIPGTK,1,train
SNSAEK,0,train
GPMGPPG,1,train
PGPIGQ,0,train
SVGAAGPS,1,train
SGPPGP,1,train
GFQGKTGP,1,train
AGIPGLGV,1,train
SIS,0,train
PGPAGFA,1,train
PGGAC,1,train
GNRGFPGQ,1,train
PGGL,1,train
GEDGR,0,train
GGQGSD,0,train
GDKGEPG,1,train
EVQFCRGS,0,train
QPGRDGSP,0,train
GKKYGGPC,1,train
GIVGPTGS,1,train
AIPG,1,train
GANGDPG,1,train
DQGAPGA,1,train
AGTPGL,1,train
QGVRG,0,train
NRGFPGQ,1,train
APGWA,1,train
GTAGPQG,1,train
SIAA,0,train
VSANQG,0,train
GRPGHVG,0,train
IPGLKGER,1,train
GEAGK,0,train
IPGLGVG,1,train
PRSPPGKP,1,train
DGQPGAK,0,train
PGAIPG,1,train
GFQ,0,train
LPQPPQE,0,train
VKHYNR,0,train
IAGQRGV,0,train
YRGEPGEP,1,train
VEN,0,train
GIPGEEGK,0,train
PGENGAPG,0,train
QGIKGESG,0,train
NGPT,1,train
VTFPGALV,1,train
NGRDGKAG,0,train
AGAPGLR,1,train
GPMGPPGL,1,train
RGFPGT,1,train
MQGPM,1,train
PGLGVGAG,1,train
KGQTGEPG,1,train
GPPGA,1,train
CLGPWVS,1,train
LGSPG,1,train
IPGV,1,train
GRPGPPG,1,train
MGPVGA,0,train
PAKG,0,train
SGE,0,train
GPAGI,1,train
AKAAAKA,0,train
RGSEGP,1,train
DCPNA,0,train
ERLL,0,train
RDGLPGP,1,train
EDVSQEE,0,train
HRGFPGNP,0,train
SGNAGPPG,1,train
MPQPP,0,train
CPTDLA,0,train
SGLAGPKG,1,train
GSPGYQ,1,train
RGLTG,0,train
NKPQGPP,1,train
RGVQGPP,1,train
GTLTPLS,0,train
LGPGGKP,1,train
EYGGQ,0,train
AETH,0,train
AQLRA,0,train
SGPRGLPG,1,train
GSPGA,1,train
VGYQGP,1,train
RAEGNS,0,train
PGGKG,1,train
PPGLD,1,train
DGLAG,0,train
GVPLGYP,0,train
KAGEPG,1,train
PAP,0,train
TNKP,0,train
RMRGFI,0,train
ADGV,0,train
AGARGPP,0,train
PPGING,1,train
APGNDGAK,1,train
RDVD,0,train
GEPGAVGQ,1,train
PGQA,1,train
KAGERGVP,0,train
GPRGIPG,1,train
LVV,0,train
REGSP,0,train
GLGVPG,1,train
LQGN,0,train
APGFL,1,train
RGEPGN,1,train
VGS,0,train
PQGPVG,1,train
AGQPGD,1,train
AGQQGAI,0,train
GVGVGV,0,train
LPSGV,0,train
LGPVGN,1,train
RTGPPG,0,train
GAAGLP,0,train
ETGPAGP,0,train
PGQEGL,1,train
GDDGIPGP,0,train
LPGVAGS,1,train
LPGLA,1,train
PGY,1,train
GPKGEVG,1,train
WLLLLP,0,train
RRPE,0,train
IMGPR,1,train
NLP,0,train
IKDIVGP,1,train
DGLNGLPG,1,train
GARGQ,0,train
KAPKL,0,train
GFPGI,1,train
PGPVGPSG,1,train
PGKQGP,1,train
GGPCG,1,train
GEPGLPG,1,train
GLPGPI,1,train
IPG,1,train
KFCHPEL,0,train
NNPQG,0,train
QPGGVP,1,train
VNDVCNFA,0,train
EPGGP,1,train
GKAGEPG,1,train
PNGDS,0,train
GAGVPGVG,1,train
VYKSPPPP,0,train
QKNW,0,train
SRT,0,train
IRGPRGD,0,train
HAAP,0,train
SSRSPPG,1,train
RGEPGTP,0,train
GPVGP,1,train
AGPQGPR,1,train
GAAVPG,1,train
PGEFG,0,train
KGHRG,0,train
ALLLAL,0,train
RPPQG,0,train
LQGLPGLA,1,train
KIL,0,train
GLPGVAGS,1,train
GLTGSPG,1,train
NSIS,0,train
SVLL,0,train
VGQPGP,1,train
KNLFFL,0,train
PKGSPG,1,train
KPEPCQ,0,train
PVN,0,train
QIRGP,1,train
GERGH,0,train
GDKGNRG,0,train
PGDAGPQG,1,train
MPG,1,train
SGP,1,train
PPGFQGL,1,train
PGTPGP,1,train
PPGSN,1,train
PGPSGG,1,train
PQGF,0,train
GPRGQR,0,train
NRPQGPP,0,train
QEKS,0,train
PPGKT,1,train
DLKMC,0,train
GKPGLT,1,train
GGVPG,1,train
GDTGP,1,train
PGPLGIAG,1,train
RGLAGPPG,1,train
GPDGLRG,0,train
PPGV,1,train
VSGFPG,1,train
GGGGL,0,train
GAPGERGP,0,train
PEPK,0,train
LPGTKGE,1,train
GPQ,1,train
IPGL,1,train
QPGIK,1,train
PPGLRG,1,train
FPGLPGPQ,0,train
QLGP,1,train
PSGEPGT,1,train
AGVA,0,train
ASGERGP,0,train
GAVGPRG,0,train
ALGE,0,train
VNVLMV,0,train
APSGDK,0,train
GARGQPG,1,train
PGLPGV,1,train
DGKTGP,1,train
GVFYPGAG,1,train
PGPAGPAG,1,train
SPRVPGA,1,train
PSGVTKT,0,train
FPGQDG,0,train
IPGK,1,train
GPAGPK,1,train
KGEGGPP,1,train
PGMP,1,train
DDGPSG,1,train
QLGPDG,1,train
CPN,0,train
GSKCDCS,0,train
SGLPGERG,1,train
DKYRGEPG,1,train
KGHNGL,0,train
PLRGW,0,train
GTTGIPG,1,train
AAAAY,0,train
KKKPP,0,train
GHP,0,train
GAGIPGA,1,train
GPSGLAG,1,train
PPGVS,1,train
GEPGQPG,0,train
SAAPGWAG,1,train
DAGPKG,1,train
SKKHP,0,train
KGDPGLP,1,train
PGPQGPTG,1,train
EPGTAGPP,1,train
RPGEP,1,train
YWIDPN,0,train
PPPGP,0,train
GEVGPV,0,train
CGP,1,train
AAAKAAK,0,train
GLQGP,1,train
FSGLQGP,1,train
KPGLT,1,train
AGQPGDK,1,train
EAGE,0,train
DASQLL,0,train
GAPGFPGP,1,train
RIPLWL,0,train
GTAGPPG,1,train
PQYDSY,0,train
VYKS,0,train
GEDGHPG,1,train
PIGP,1,train
YDEKSTG,0,train
AGLLW,0,train
LALGVC,0,train
ENIRS,0,train
GPRGRSG,1,train
PPGKDG,1,train
DQGPVGRT,0,train
TGKQGDR,0,train
GSPGPQGV,1,train
AGADEGV,0,train
VKHYNRN,0,train
SLVL,0,train
TLLFLAA,0,train
AAAPLLP,0,train
VGAAGATG,0,train
GLTAAVP,0,train
ALVPGGVA,1,train
ANGDPGR,1,train
MERCSR,0,train
GPAPPG,1,train
GDPGSPGP,0,train
PGKPE,1,train
ANGIPGP,0,train
IQPLPIQA,0,train
PGTPGN,0,train
KYGAR,0,train
SRLH,0,train
GVKPKA,0,train
GFPGSKG,0,train
ILI,0,train
EPGPP,1,train
IPGRDG,0,train
SSF,0,train
IPVVPG,1,train
GGQDCSG,0,train
GAAAIAG,0,train
LGIDGV,0,train
GAFPAVT,0,train
GLWVL,0,train
GLPGPAGP,1,train
PSGLPGER,1,train
NEPK,0,train
FAGGSFK,0,train
LGVQG,0,train
DDANVVRD,0,train
GSPGAQ,1,train
TGLQG,0,train
AGIGGE,0,train
PGENGSPG,0,train
RGLPGL,0,train
PSQQEGL,0,train
GEGGPPG,1,train
PVGIPG,1,train
DGIPGQ,0,train
GLGAL,0,train
HRGFSGLD,0,train
SNI,0,train
APG,1,train
PGPPGK,1,train
IPGFPG,0,train
GKAGERGV,0,train
AVGQPGP,1,train
SPGPPG,0,train
PGLKGE,1,train
TPGPQGI,1,train
AIPGGVP,1,train
PSGLAGPK,1,train
PSGITGPP,1,train
SGITGPPG,1,train
VKGEKG,0,train
PGAAGR,1,train
GVPGA,1,train
EINFCK,0,train
GAPPQGGN,0,train
DPGIHVTL,1,train
NNP,0,train
GGKGEM,0,train
SPGGKG,1,train
PGPIGPAG,1,train
IRD,0,train
QPGIP,1,train
QIPPQMP,0,train
CPVGMNK,0,train
GPRGLP,1,train
QGPPGLQ,1,train
ETI,0,train
CVCDNGN,0,train
TAGLPGM,1,train
MTGGFQFE,0,train
SLISPD,0,train
TGIPGL,1,train
LPPLLL,0,train
NRGERGSE,0,train
AIAGIG,0,train
AQCVPG,1,train
GFPGQD,1,train
FPGADG,0,train
GLQGLPGT,1,train
AIGPSGP,1,train
GGGGGGI,0,train
VPGM,1,train
DPGIH,1,train
RALRFP,0,train
MGPPGN,0,train
GNLK,0,train
ALGPV,0,train
EPGPKG,1,train
GPPGARGP,1,train
WLLLPT,0,train
RGLPGER,1,train
AGAP,0,train
GTAGPQ,1,train
SGEPGK,1,train
GRDGS,0,train
YGARPGV,1,train
GVGPQAAA,1,train
LRGPPGE,1,train
KGEPGV,0,train
CLCAGT,0,train
GVGI,0,train
PVGPRG,0,train
RAITKD,0,train
NGLRVPNG,0,train
GERGFPGL,1,train
RHVWYG,0,train
ANG,0,train
GKQGAPGA,1,train
VFFFVC,0,train
GPAGPT,1,train
FAAH,0,train
GESG,0,train
AMGL,0,train
GPSGE,1,train
GVPGAIPG,1,train
NPARNC,0,train
NNPQGPPP,0,train
PGNV,1,train
GFPGAA,1,train
AGEEGKRG,0,train
GADGSPGK,1,train
AQIRGP,1,train
LPGPAGT,1,train
VPGLGG,0,train
DPLCPP,0,train
PGVMG,0,train
GKSGE,0,train
GAGPA,1,train
GGPQGPRG,0,train
VIMMP,0,train
DVG,0,train
GPQGV,1,train
GVPGAGV,1,train
GPAGKEGP,1,train
NGGN,0,train
GPQGLQGL,1,train
GARGAPG,1,train
PGS,1,train
GPTGSVG,1,train
GVLG,0,train
RGRTGP,1,train
PGAIGPSG,1,train
QPGVM,1,train
GLPGTAGL,1,train
GGVLPGA,1,train
LFAALLLH,0,train
FYPGAGL,1,train
GPQAAA,1,train
GPQGEKG,0,train
PGPPGPA,1,train
DQPSF,0,train
ILAV,0,train
QGAPGPA,1,train
GLAGP,1,train
YQGPPGEP,1,train
CTSHTG,0,train
GLLG,0,train
ETWK,0,train
HAGPS,1,train
PPGTPG,1,train
TVIEY,0,train
NQSQG,0,train
GQPG,1,train
KAQVG,0,train
IKPLP,0,train
GQMY,0,train
PGLGV,1,train
GRNCSVC,0,train
LPSTPSSP,0,train
LPGMPGRS,1,train
GGVY,0,train
LGGVAA,0,train
PRGHSGEP,0,train
GLL,0,train
GASGLL,0,train
TGSCVQ,0,train
TGEIG,0,train
LPGLAGLH,1,train
INNQ,0,train
AGPRGAN,1,train
GERGAPG,1,train
KGLPGA,1,train
PGALA,1,train
AGIR,0,train
GPAAAAAA,1,train
VKY,0,train
AAGAPGPQ,1,train
YKP,0,train
VAGP,1,train
SNWKI,0,train
APGIAGAP,0,train
ERGVVGP,0,train
PGEKGE,1,train
APGASG,1,train
IRGPNG,1,train
PKGDPGPP,1,train
DKGN,0,train
MASF,0,train
QVLLLPLL,0,train
TGVGPQ,1,train
GPVGK,1,train
GGLGVS,0,train
NDGAK,0,train
AAPRP,0,train
AAVPGVVS,0,train
GVFYPG,1,train
YMDQQTGN,0,train
PGAPGPQ,1,train
QGPPGAT,1,train
GGNQSHR,0,train
NGPP,0,train
SFVDNR,0,train
ADGSPGKD,1,train
RGKRG,0,train
PPG,1,train
HHGDQG,0,train
TGEV,0,train
NGIK,0,train
NRNEPK,0,train
LVDGCSKK,0,train
ERGFPGL,1,train
GPPGNPGP,0,train
TAFLYM,0,train
GPLPNTKT,0,train
IAGPPGP,1,train
AGPRGPA,1,train
IGSAGPP,1,train
PGPAPPGA,1,train
GPLQLLGV,0,train
EPGKA,1,train
GEKGDRG,0,train
PPGPAGF,1,train
DAGPKGAD,1,train
HQVC,0,train
GPSGFQ,1,train
CIR,0,train
SLSAQI,0,train
CNLD,0,train
PGTKGEK,1,train
GLQGPRG,1,train
PVGPPGLT,1,train
AVPGVL,1,train
GGIV,0,train
ERGSKGD,0,train
PQPPEP,0,train
QKGEPGLP,0,train
NVLMVVL,0,train
IGS,0,train
SSE,0,train
LGVPGV,1,train
EVCLI,0,train
GPPGLQG,1,train
GQG,0,train
LGPKGQ,1,train
PGVGPFG,1,train
SPGKDG,1,train
DRGIKGHR,0,train
TKAGH,0,train
PQGPKGDP,1,train
GPRGI,1,train
QGPQG,1,train
FPGL,1,train
GHQGPAG,0,train
LPGGYG,1,train
ADG,0,train
GASGH,0,train
PPGPPGAI,1,train
TGPAGI,1,train
GPPGFQGE,0,train
GFAGEKG,0,train
GKPGAQ,1,train
PGYDG,0,train
AGSI,0,train
PGSPG,1,train
TGPI,1,train
PGLH,1,train
AAKYGAAA,0,train
PTDLL,0,train
GFEGDFY,0,train
AGAPGFPG,1,train
GLPGARG,1,train
PGAQGVP,1,train
RSGETGA,0,train
RGCGGGR,0,train
SLKLEIEQ,0,train
PGLQGR,0,train
VGAAAI,0,train
YGKM,0,train
DGPSGAEG,1,train
SLIAGNP,0,train
SKSKGLV,0,train
QGASGPA,1,train
KGEPGDIK,1,train
VPGT,1,train
VAVPGPM,1,train
VVGAGP,1,train
LAGERGEQ,0,train
HPSRPG,1,train
NPGADG,1,train
VCD,0,train
GIRGPN,1,train
RGDGGP,1,train
CHGRGTCN,0,train
PGKA,1,train
GPRGP,1,train
GQPGEKGS,0,train
GLPGPPG,1,train
TCD,0,train
GTTGIPGL,1,train
PGLPGFK,1,train
EQGDRGIK,0,train
SGNPGPP,0,train
APGIA,1,train
TMLVLP,0,train
QSC,0,train
QPGSP,1,train
NSVA,0,train
FPGSPGN,1,train
QQEGL,0,train
PGPAGI,1,train
TGPQNY,1,train
GLWVLG,0,train
PGFGLSPI,1,train
GPPSP,1,train
GALLLS,0,train
QGPRE,1,train
GHYDE,0,train
ERGG,0,train
RGDAGPK,1,train
MQGPMG,1,train
AD,0,train
GDAGPVG,0,train
NGLQGLPG,1,train
FPGSP,1,train
PYALS,0,train
AGAK,0,train
GPRGAN,1,train
NNQ,0,train
GREGRQ,0,train
QRGAPGKD,1,train
DTTL,0,train
PGVGG,1,train
VSAAI,0,train
PPGQK,1,train
GEQGEAG,0,train
AGPSGPSG,1,train
PPGKDGT,1,train
GPQGPR,1,train
GSAGKAG,0,train
PGDAG,1,train
PGAAV,1,train
VQDGL,0,train
DGPKGARG,1,train
PPGVSGGG,1,train
AIPGGV,1,train
PGAAGA,0,train
PGSPGA,1,train
LPGERGRT,1,train
PKGP,1,train
QGPRGD,1,train
FHNL,0,train
RGKKGPP,0,train
RGPS,1,train
GEAGEPG,0,train
PGIHVT,1,train
ANI,0,train
PPGARGPP,1,train
PHPGK,1,train
VKPKAQ,0,train
SARSPPGK,1,train
LCAGTKGE,0,train
MQFPME,0,train
GAPGPSG,1,train
PGFVGE,1,train
GGVPGAVP,1,train
GLAGAPGL,1,train
VTKTTGFC,0,train
GGAAIA,0,train
AGWFLL,0,train
CCAVC,0,train
LMGPRGPP,1,train
PGIKGDR,1,train
KQSSIK,0,train
TRWKAPR,0,train
LVLLA,0,train
LEGPPGKT,1,train
LQGPRGLP,1,train
IPGA,1,train
GKQGPSGA,1,train
EAGRPGE,1,train
PPGPTGP,1,train
LVGAAG,0,train
TC,0,train
LVLF,0,train
PGHLTAAL,1,train
VGPSGP,1,train
SGGCQ,0,train
DGEAGKPG,1,train
DHRAAYD,0,train
IENIL,0,train
PPGFQ,1,train
PGEPGKA,1,train
APGILGL,1,train
GPWVS,1,train
KAVILQG,0,train
VRRSLSP,0,train
GGKGA,0,train
DGDTGP,1,train
MQKGPVG,0,train
PPGLTG,1,train
EAGAP,0,train
GARGGA,0,train
YHCKNSIA,0,train
GNFAS,0,train
GPPGING,1,train
LPGV,1,train
PSSSQH,0,train
LPPSDS,0,train
GEPGPKG,1,train
QLAF,0,train
QPGV,1,train
APRSL,0,train
PGKPER,1,train
GIDGRPG,1,train
TSAQRVGP,1,train
QPGGVPGA,1,train
PLS,0,train
EDGHPGK,1,train
PQIP,0,train
AAQFGLVG,0,train
GEPGPLG,1,train
SRCTVC,0,train
GPAGARGE,1,train
SGQPGP,0,train
GVMQGPM,1,train
PQGV,0,train
FIFTRH,0,train
LCAGT,0,train
NKY,0,train
RGPPGPS,0,train
GPQGFQGN,1,train
FVTAAA,0,train
GKL,0,train
KTA,0,train
KVPGV,0,train
IFAEVNY,0,train
TSVLHY,0,train
GFPGTPG,1,train
TGPQNYS,1,train
LCLLLAAL,0,train
KDG,0,train
IPGAAVP,1,train
GGVPGVG,1,train
LGPD,1,train
AAKFGAGA,0,train
GALGEP,0,train
EPPP,0,train
SAFAGLGP,1,train
GEAGPQ,0,train
CLGPWV,1,train
IAGALGE,0,train
VVGA,0,train
SPIFPGG,1,train
AEKFLR,0,train
NPGAP,0,train
EGDPS,0,train
PFGGP,1,train
EGAQGPR,1,train
PGARG,1,train
RGV,0,train
LQGPPGPP,1,train
KGIC,0,train
EVGPA,0,train
VGPFG,1,train
KEDR,0,train
AQRNDRS,0,train
DPGP,1,train
PGKQG,1,train
YPTG,0,train
KNGSPGS,0,train
WKI,0,train
RGPRGQ,0,train
PGAIP,1,train
EPGPAG,0,train
LGLPGS,1,train
SQGPPPH,1,train
LSMKGPPG,0,train
AAGEPG,1,train
AGRD,0,train
SIFF,0,train
KKHVW,0,train
RGSPGA,1,train
FGLVP,0,train
PGLKGDQ,0,train
PPGSPGS,0,train
YYRADQ,0,train
PGVV,1,train
PGPVGPP,1,train
ERGHPGP,0,train
PGP,1,train
KAGEPGL,1,train
PSGGYD,0,train
GAPGTPGP,1,train
GVKPKAQV,0,train
PAPPGARP,1,train
QPPQEKAH,0,train
RGCFCVG,0,train
IPGVGP,1,train
KAKK,0,train
PGQPGSPG,1,train
PLKPVP,0,train
AKSA,0,train
FAPQ,0,train
PSRPGGVP,1,train
VGAAGL,0,train
VCP,0,train
IGPK,0,train
QPMQ,0,train
TGPKGAR,1,train
DGV,0,train
PPGNVGN,1,train
ISPDGS,0,train
EGAQGPRG,1,train
GIGGG,0,train
PGVSGP,0,train
LSQP,0,train
SFVIAVP,0,train
AYKFVAYS,0,train
CVQDGQR,0,train
NPGQ,1,train
LFCNVN,0,train
LMVVL,0,train
LNG,0,train
GLTG,0,train
TPGLPGFK,1,train
VPGV,1,train
WVIGL,0,train
PGKAGED,1,train
GQPGIPGT,1,train
GAFPAV,0,train
KFDVPC,0,train
AGVPGV,1,train
EGGKGA,0,train
GSVKWFDT,0,train
GPPGT,1,train
VPLID,0,train
VAGAP,0,train
PRGR,0,train
IMG,0,train
VGQN,0,train
QSQGP,1,train
IIEYKTN,0,train
PGGVFF,0,train
YLFFLY,0,train
GRGTCNY,0,train
RGDR,0,train
SPGEA,1,train
EWQKT,0,train
FSFVDN,0,train
IPPC,0,train
AGRVGPPG,1,train
FGGQQPGL,1,train
PGDDGE,0,train
AALGPTT,1,train
PGAIPGGV,1,train
PGPMGPA,1,train
LGL,0,train
SDKDV,0,train
PGPRGHS,0,train
MPGQKGE,1,train
GPPGTPG,1,train
YCEHY,0,train
GPAGNPG,1,train
AAAPL,0,train
RSGETG,0,train
FVSD,0,train
LLLLSI,0,train
DFH,0,train
VGPRGE,1,train
GPPGVAG,1,train
QRVGPQ,1,train
GVGGL,0,train
GGQDC,0,train
DFGPGPM,1,train
PGAKGAA,1,train
KDGETG,0,train
LLLVLL,0,train
GPMGPRG,1,train
GAPGTPG,1,train
VCPGTKG,0,train
VAAY,0,train
GPQNYSPQ,1,train
PGVVSPEA,1,train
APGRP,1,train
AGVLP,0,train
GRIGQP,0,train
PPGARGQ,0,train
GFLN,0,train
ADQPSL,0,train
CGGQD,0,train
SFVIAAP,0,train
ATGPLGP,1,train
LST,0,train
LQGSNDV,0,train
PPGHLTAA,1,train
AGEPGE,0,train
AGISVP,0,train
EH,0,train
LGVPGVG,1,train
PGTAGPQG,1,train
GSPGPD,1,train
KPGT,0,train
RTDLC,0,train
AIGSPGP,1,train
MSSRLRI,0,train
CPSGTK,0,train
AGEPG,1,train
PPGYGKMG,0,train
ERGGL,0,train
PGIDMS,1,train
FLSAD,0,train
EAGK,0,train
LLALS,0,train
AIPGGVPG,1,train
GRIGQ,0,train
SANQGV,0,train
QEGNKP,0,train
LVGYQGP,1,train
PGPI,1,train
APGIG,1,train
ARGLPG,1,train
GKTVIEYK,0,train
CQP,0,train
PPGLAGPP,1,train
PERKPK,0,train
GSPGPQ,1,train
GQSGP,0,train
RAITK,0,train
ATGPL,1,train
AARPGFG,1,train
EAGRPG,1,train
PGQEGLPG,1,train
QGLPGPA,1,train
EKGPSGE,1,train
AGAQGP,1,train
RTLLLLA,0,train
SGPPGK,1,train
SGLLE,0,train
FQPRP,0,train
SGGFDFSF,0,train
TAGPQG,1,train
PGEK,1,train
HPGQRGE,0,train
PVGIPGL,1,train
KGERGY,0,train
SIKG,0,train
AGIAGP,0,train
LGVGA,0,train
PGES,1,train
AVGPA,1,train
PPHPGKPE,1,train
GEPGLVGY,1,train
GPRGEP,1,train
PGEKGFP,0,train
DDGPSGAE,1,train
ARGFPG,1,train
GRVGDRG,0,train
APRP,0,train
QAVAVHS,0,train
NGDSG,0,train
PPGPAGQ,1,train
PGALVP,1,train
GDGGPPGM,1,train
GLVGPRGE,1,train
FQFEYGG,0,train
LGAPG,1,train
SWLLL,0,train
DGPPG,0,train
RGRVGAP,0,train
AQLRGP,1,train
GIPGSH,0,train
GLLGAPG,1,train
PGLPGF,1,train
CRI,0,train
VGIPGG,1,train
RGLPGTAG,1,train
DGHPGKP,1,train
EPGQQGIM,1,train
KPGKSGER,1,train
LVGPRGE,1,train
QNGQ,0,train
AGTKGNK,0,train
PGSHGLPG,0,train
GLQGLPG,1,train
KDR,0,train
GPPGHLT,1,train
PRGDRGP,0,train
GMEEIF,0,train
VGPPGPSG,1,train
NGLRVP,0,train
GLPMPG,1,train
KGSPGEAG,1,train
GVKGQ,0,train
IPGTKGLP,1,train
PVLRLA,0,train
PGERGLK,1,train
DIKDIVGP,1,train
VGAPGA,1,train
GPKGDK,1,train
GCSH,0,train
SGLQGPP,1,train
ITG,0,train
RQR,0,train
GPMGMP,1,train
QGAPGLQ,1,train
APRFL,0,train
FE,0,train
PQLLQV,0,train
PGERGPPG,1,train
ETGPAG,1,train
GNPGPPGP,0,train
HVPGMLLK,1,train
HATL,0,train
GPPGPAG,1,train
GLPGAPG,1,train
LKGQQG,0,train
PAVTFPG,1,train
EKGEPGD,1,train
GPPGSPGE,1,train
GGHHGH,0,train
GAPGPQ,1,train
GQPGR,0,train
KSLSQ,0,train
GKPLKPV,0,train
LGIA,0,train
LRP,0,train
GPPGKD,1,train
LQR,0,train
PGIHV,1,train
PPGMP,1,train
KGADGAP,0,train
LPGEKGFP,0,train
MKGDPGL,1,train
IPGTKGL,1,train
GPDGKT,1,train
GEF,0,train
PGPNG,1,train
GPFGGPQ,1,train
SDW,0,train
GLAPGV,0,train
GPCG,1,train
CG,0,train
GPRVS,1,train
TLGSC,0,train
VAVVS,0,train
PMGE,0,train
QGGNK,0,train
PLLLLLL,0,train
GGYGGGG,0,train
EDD,0,train
TKTQF,0,train
APGPAGEE,1,train
DGRPGPI,1,train
QRYKD,0,train
LPGM,1,train
SPIFPG,1,train
LFFLCF,0,train
ANGAPGIA,0,train
CEGPAIA,0,train
SGPPL,0,train
GKNGETGP,1,train
KYGGPCG,1,train
PGEQGP,0,train
AGLPGLH,1,train
GSQPRPPV,0,train
GPPLR,0,train
GYAPVKYV,0,train
PGVLLI,0,train
NGK,0,train
AGPPGM,1,train
PQPGVP,1,train
QGLRG,0,train
LPGLK,1,train
FGAGAAGV,0,train
GPAAAA,1,train
FVDNRI,0,train
MAYY,0,train
GPRGETGP,1,train
SRGER,0,train
QPGIPGT,1,train
NPGANGL,0,train
SAGP,1,train
SAGPPGF,1,train
RGFPGL,1,train
GRDGKAG,0,train
GPAGPPGN,0,train
GIPGQPGS,1,train
DAGPV,0,train
PPGKD,1,train
IPGVAG,0,train
QQSQGHG,0,train
DSGRPGEP,0,train
ATGTR,0,train
SSCRI,0,train
PGDLGAP,1,train
ITIPGK,1,train
GPAGPAGE,1,train
KGNDGA,0,train
FYPGAG,1,train
GPPGERGA,1,train
GAVGP,1,train
LPGLPG,0,train
VAGLLWML,0,train
KISVFFC,0,train
DLGTLGS,0,train
IPGGVP,1,train
VPGGVA,1,train
GPKGAAG,1,train
PQGFQGN,0,train
PGMPGRS,1,train
GGNFAS,0,train
KITAFLY,0,train
LLLFLLLL,0,train
LGPK,1,train
QSQGPPPH,1,train
DYEVDATL,0,train
QEDEAIP,0,train
RAAS,0,train
VRGEPG,1,train
ILGLPGSR,1,train
GGPGAKG,0,train
EIACT,0,train
GPSGNA,0,train
PPQPIS,0,train
IPGLG,1,train
PAGGPGF,0,train
PGLRGGA,1,train
EQGPAG,0,train
APGQ,0,train
GEPGE,1,train
IAAG,0,train
TQFEYN,0,train
GHNGLQG,0,train
PPGPAGQP,1,train
SRSPPG,1,train
TGPAGAAG,1,train
RGFPGS,1,train
YNR,0,train
GKEGPPG,1,train
YYPGAGI,0,train
RGPSGLA,1,train
VPPLLLL,0,train
KGPAGERG,0,train
PGPAGQQG,1,train
KDIVGPKG,1,train
GPKGANG,1,train
EKGP,1,train
PGEPG,1,train
DFGDIG,0,train
PPGPPGPP,1,train
LSSLLLL,0,train
SPGE,1,train
PPGPT,1,train
GAV,0,train
CDNGNVLC,0,train
KGPRGDR,0,train
SGPP,1,train
GKVS,0,train
NPGP,1,train
GQPGPPG,1,train
GVRRAK,0,train
FPGPPG,0,train
DPGRP,1,train
GPAGPTG,1,train
GIPGGK,0,train
GNKPQGPP,1,train
NLPDG,0,train
GAP,0,train
PGPSGA,1,train
LRRW,0,train
PIFPGG,1,train
PGVGLP,0,train
PQGARGLP,0,train
KTMVQ,0,train
DFE,0,train
GSCLEEFR,0,train
GTKGLPGA,1,train
IHN,0,train
GDAGPK,1,train
KWF,0,train
GCGPR,1,train
RNSKAKK,0,train
PPGVAGP,1,train
GVQGP,1,train
LPGTAGLP,1,train
QGPPPPG,0,train
EQGPK,0,train
RGPP,1,train
GVPGPA,0,train
CTQ,0,train
SPQSPPGK,1,train
RAPPGKPQ,1,train
GPPGPPGS,1,train
EEIFG,0,train
GIAGFKG,0,train
LLILS,0,train
GIPTYGVG,0,train
LLANHASQ,0,train
GEPGP,1,train
GPPGNVGN,1,train
PPGPTG,1,train
PC,0,train
GPVGN,1,train
PLPIQA,0,train
VQAA,0,train
RGPKG,0,train
GMPGR,1,train
RGAPGN,1,train
DYE,0,train
GIPGQ,1,train
PGVVSP,1,train
GQPGT,1,train
EPGAVGQP,1,train
MGPPG,1,train
PGEPGLP,1,train
GFLGLPG,1,train
KAKKHV,0,train
RVPNGE,0,train
GSPGAEG,0,train
LRGN,0,train
GEVGAPG,1,train
APGPQGPV,1,train
PAPPG,1,train
KDGPRGP,0,train
LQPSQPG,1,train
GPAGTA,1,train
IGPAGA,1,train
GPRGPAGP,1,train
PRGLPGPP,1,train
CAT,0,train
TAGP,1,train
WAEARP,0,train
DKGEPGG,1,train
TIPGKP,1,train
PMGPPGL,1,train
GPPGPTGP,1,train
GLKGNPGD,1,train
NDYSYWLS,0,train
AVL,0,train
TGPAGRPG,1,train
GPNGD,1,train
NPGR,0,train
PQGLPG,1,train
LRGDPG,1,train
KPGASGH,0,train
EPGG,1,train
QGLPGLA,1,train
GNKPQGP,1,train
GPAGPKG,1,train
MWV,0,train
VPAP,0,train
PGSPGPAG,1,train
SPRSPPG,1,train
PAVT,0,train
GPKGQT,1,train
DPGKP,0,train
PGTG,1,train
GGWCGGSD,0,train
TGPIGPPG,1,train
LGPKG,1,train
LRGLPG,1,train
GPSGDQ,1,train
PSGIAGP,1,train
GPKGQ,1,train
RLLAQKS,0,train
GDRGDAGP,1,train
GADGPAGA,1,train
SLKSV,0,train
GNPGPP,1,train
NDVC,0,train
PGQP,1,train
PGFGAGAD,1,train
PGTAGPPG,1,train
DKGDT,0,train
SLIL,0,train
PGEAGKP,1,train
GLPGIDG,1,train
QGEKGA,0,train
AAALGP,1,train
PGAPGPL,1,train
QGPPP,1,train
GTVVG,0,train
VGPIGPPG,1,train
FAA,0,train
PPPGKPE,0,train
DSYD,0,train
AAVPGVV,0,train
AGLVPGG,1,train
AIQLTF,0,train
GPSGDQG,1,train
SRLP,0,train
SGNPGP,0,train
AEGPPGP,1,train
PGFPGPR,1,train
TAGPP,1,train
KGLTGSPG,1,train
GYPPQP,0,train
GQDGRPG,1,train
RSLTAA,0,train
GTKGEKG,0,train
GSPGPMGP,0,train
EAA,0,train
NLDAI,0,train
QGGNRP,0,train
VGVAPGIG,0,train
EIL,0,train
GPVGPPFR,0,train
GPIGQM,0,train
PILDI,0,train
TSRMQFP,0,train
VGPRGERG,1,train
GPVGL,1,train
ALFGAQG,0,train
PKGPPGP,0,train
GKPGAQG,1,train
PQGGNKP,0,train
EAGPE,0,train
TYNDKD,0,train
VKWF,0,train
PIGQM,0,train
GPKGEVGA,1,train
NLPSGV,0,train
GSR,0,train
RPGE,1,train
SQGPPPHP,1,train
EPGK,1,train
GYGGW,0,train
ASG,0,train
GPPGEK,1,train
LIFILFT,0,train
FPGVGVL,1,train
PPCPH,0,train
KGETGEQ,0,train
VKGERGSP,0,train
PPGPVGI,1,train
MGARGP,0,train
KPPAV,0,train
SQPG,1,train
FLGLPGS,1,train
ARGLAGP,1,train
GPPAVMP,1,train
GVTGMPV,0,train
SSLTLL,0,train
GPTGA,1,train
VGEPGPL,1,train
VVS,0,train
ADGVPGK,0,train
QTTDDP,0,train
LGPPGQ,1,train
LPGQR,1,train
EKGEPG,1,train
PSTPSSP,0,train
GPAGARGS,1,train
VSW,0,train
VPGDLGAP,1,train
APLVG,0,train
LPGPIGPP,1,train
GERGPPGP,1,train
APGWAGAP,1,train
FQ,0,train
QTTDIP,0,train
TQQN,0,train
IRGPNGD,1,train
AKGEAG,0,train
PGEPGL,1,train
RGPNG,1,train
TTGIPG,1,train
GFPGAAG,1,train
PRGIPGPV,1,train
PGTQAD,1,train
GPPGQKG,1,train
VNGQI,0,train
GGALG,0,train
GLRGLPGK,1,train
DGGEYY,0,train
TW,0,train
NGETGP,1,train
PGPPSGGY,1,train
GFAGPPG,1,train
DTRIL,0,train
RGLPGKDG,1,train
YKTN,0,train
LNGLPG,1,train
APGWAG,1,train
VSQEE,0,train
PGHA,1,train
AAKYGA,0,train
GEYWIDP,0,train
PGVGGLG,1,train
PGPPGVVG,1,train
KVGPSGA,1,train
GERGPSGL,1,train
PGPPSPGP,1,train
PAGPK,1,train
SPGN,1,train
PGPSGARG,1,train
GQKGDA,0,train
LPGPAGPA,1,train
PSLPDG,0,train
TGPTGA,1,train
PEPCQI,0,train
GAPGLQ,1,train
AGPAGG,1,train
AIGPSG,1,train
GRTGPAGA,1,train
PGKTGPIG,1,train
QCFCDG,0,train
LGAPGPSG,1,train
VQNG,0,train
PGPAGTA,1,train
SLLGLTA,0,train
GPREEN,1,train
EATLK,0,train
PPGKNGET,1,train
GIVECQ,0,train
PSGSS,0,train
CKV,0,train
QGLPG,1,train
RGFPGE,1,train
EPGPK,1,train
CPEGT,0,train
QPGVPLG,1,train
GLRGLPG,1,train
VPGAIPG,1,train
VHL,0,train
GPQGK,1,train
GGVVGAGP,1,train
IVGPTGS,1,train
ENIRSPEG,0,train
TAVP,0,train
GPKG,1,train
PGGVPGG,1,train
ATGFPGAA,1,train
GYGG,0,train
GTR,0,train
PGARGL,1,train
EGTTY,0,train
PPGKRG,0,train
EEG,0,train
PAGPPG,1,train
PQPPT,0,train
PPGEP,1,train
YGGP,1,train
AGPQGLL,1,train
LIDFLR,0,train
AGPPGEK,1,train
CPQTW,0,train
SSSEDVSQ,0,train
DRGFPG,1,train
SQQE,0,train
VQKGSWLL,0,train
GPVGAA,1,train
EPGKQG,1,train
PPGLT,1,train
LPGERG,1,train
KGARG,0,train
GGPG,1,train
KV,0,train
GPRGLPGT,1,train
PPGEPG,1,train
SSIKG,0,train
AIKVYCD,0,train
GKPGR,1,train
GGVPGVGG,1,train
GAAGLPGV,1,train
CEGPA,0,train
LPFN,0,train
APGLRGGA,1,train
FAAQMAG,0,train
SRLMQEDE,0,train
AQFGLVG,0,train
GPPGKNGE,1,train
GEPYAL,0,train
GTPA,0,train
FSFM,0,train
PGDIK,1,train
PGFQGLPG,1,train
VYPTQP,0,train
RIVTKH,0,train
LVPGP,0,train
ATGPAGP,0,train
DQAAGG,0,train
GSQGPAGP,0,train
MKQRAAL,0,train
YTEGDGEG,0,train
VVSPE,0,train
PQSPPGK,1,train
SDGLPG,1,train
KEGSKGP,1,train
GAPGFP,1,train
AVNVL,0,train
GHPGK,1,train
PGPAGAS,1,train
PGPAGAN,1,train
PLGIAGPP,1,train
PGPSGRD,1,train
ILH,0,train
QSPPG,1,train
PAGPSG,1,train
AGLEGPP,1,train
GKEGIR,0,train
GAPGFLG,1,train
FPGTP,1,train
TKEMA,0,train
GADGPPGR,0,train
ESMPDPL,0,train
GEPGPP,1,train
NIR,0,train
LAGPPGM,1,train
APGAS,1,train
MPFLFC,0,train
DENM,0,train
GLGALGG,0,train
LVLLLL,0,train
GAPGLRG,1,train
GSPGEQ,0,train
LQGP,1,train
QPSQPG,1,train
GEKGP,1,train
QEGLPGK,1,train
VGPPGL,1,train
TGPQG,1,train
AGADEVS,0,train
PPGVVGP,1,train
CLLLAA,0,train
VRRSKGV,0,train
PKPEKPPT,0,train
LPGA,1,train
PGLTGPP,1,train
PQSPPG,1,train
GPKGEV,1,train
GLPGG,0,train
IVGPTG,1,train
SRPGG,1,train
AGPPGGS,1,train
GAQGLQGP,1,train
WLLG,0,train
GAPGPL,1,train
RGPPGP,1,train
GIQGPQG,1,train
PGPPAV,1,train
QCFPEKGA,0,train
GPIGPA,1,train
DTGP,1,train
QEGLPG,1,train
PGGVFY,1,train
PGEDGRP,0,train
GPLG,1,train
PGPPGV,1,train
VPGPPG,0,train
MKGPP,0,train
AAVPPL,0,train
GLTGPPGN,1,train
LLLVL,0,train
PFLECHG,0,train
GPRA,1,train
LPGPP,1,train
KKGSRG,0,train
PGGGPPR,0,train
QGCNL,0,train
KTSAVS,0,train
QGARGFPG,1,train
KHYNR,0,train
TKGLPGAP,1,train
SKE,0,train
DGETGA,0,train
SLPG,1,train
CLGPW,1,train
GLKGPR,1,train
APKLPGG,1,train
NRRD,0,train
GYS,0,train
GTRM,0,train
CLSPEI,0,train
QEKAH,0,train
TPAL,0,train
GPPGKTGP,1,train
PPGVPGQ,1,train
DPADV,0,train
LRGG,0,train
LGALGGGA,0,train
GGRDCS,0,train
PPFYKP,0,train
LSAAPGW,1,train
ADQAAGG,0,train
LPGVA,1,train
GNKGLK,0,train
VPGMLLK,1,train
CLL,0,train
PAGPPP,0,train
GVQGGQ,0,train
YGAAVPGV,1,train
VGPK,1,train
PGPSGKDG,1,train
DGQPGA,0,train
LPGLHGPP,1,train
VGPHG,0,train
GEEIA,0,train
ISNIYGT,0,train
PGWAGAP,1,train
DPGSH,1,train
PPSAG,0,train
GHPGQRG,0,train
TAGAPGT,0,train
LGIAG,0,train
LIAPE,0,train
PGLDGL,1,train
VGPFGGP,1,train
QPGDKG,1,train
GCGPRASS,1,train
DKGPRG,1,train
FQGVPGEP,0,train
PTIRI,0,train
MQGPMGP,1,train
AGP,1,train
GGKAALL,0,train
ATGD,0,train
SRCHR,0,train
GSKGPRGE,1,train
GEVGPS,1,train
SAGAPG,1,train
PGFGAG,1,train
NPGQPGL,1,train
GTDGPK,0,train
GHVGQM,0,train
KPGPD,0,train
FGI,0,train
FFFV,0,train
GGLKGPRG,1,train
GVPGAVP,1,train
RY,0,train
SARAPPG,1,train
VPGVQ,0,train
GQGPQGPK,1,train
LPGLHGP,1,train
GRDGIP,0,train
QGEKG,0,train
PCQLGP,1,train
AGPAGERG,1,train
GYGGGG,0,train
DARKLGP,1,train
AAGPPG,0,train
GFPGPR,1,train
RGFPGI,1,train
PRSL,0,train
PPGEVIQ,1,train
PMDFK,0,train
GPQGF,1,train
PGILGLP,1,train
SQPEKG,0,train
LSVSF,0,train
ADEG,0,train
GSTGPAG,1,train
PGLVGYQ,1,train
GPSGK,1,train
IGSAGPPG,1,train
GGGSG,0,train
GPAGPQG,1,train
GLSPIFPG,1,train
SIGAPG,1,train
VGAGVPGL,1,train
GAGGFP,0,train
GPPGAIG,1,train
PGIG,1,train
LGAGIPGL,1,train
GIPGR,0,train
VPCGGR,0,train
PGGVPGAI,1,train
GPAGGPG,0,train
GYGPGGV,1,train
PTGDR,0,train
GRKGP,0,train
VTGPK,1,train
PGPTGP,1,train
AGKPGE,1,train
GPK,1,train
PGPPGHL,1,train
FYPG,1,train
LDAIKVF,0,train
SGFQGLPG,1,train
GAGIPGL,1,train
GPAGIRGP,1,train
GSGP,0,train
SVWLLLL,0,train
GKPGKSG,1,train
GALAAAK,0,train
MKLRGVS,0,train
FCHPEL,0,train
PKGDKGEP,0,train
IGF,0,train
PPGRAGEP,1,train
MGPRGLP,1,train
HPGKPGRP,1,train
RDA,0,train
VPAPRS,0,train
GSHGS,0,train
VVGLPG,1,train
KGESG,0,train
HGVKGQ,0,train
LPGLAGH,1,train
YAAVIA,0,train
VDTRTL,0,train
IGPG,1,train
VKGE,0,train
LNRD,0,train
FPGALVP,1,train
AGDLTN,0,train
GFPGPPG,0,train
PGQAG,0,train
GPPGFP,1,train
QGPPPHPG,1,train
GVKPPHA,0,train
QGPPPH,1,train
RTGDAGP,1,train
KLWL,0,train
TMDA,0,train
GPPGLQ,1,train
GEPGPLGI,1,train
VAVV,0,train
VGAGPAAA,1,train
GARGDS,0,train
GHHG,0,train
GLPGVAG,1,train
RKLGP,1,train
LGIAGPPG,1,train
PGRPG,1,train
PSGPSG,1,train
QTIDD,0,train
ISG,0,train
GPQGPRGD,1,train
QGPV,1,train
RGFPGLP,1,train
KGPRG,1,train
LLGAPG,1,train
PGIV,1,train
EGRP,0,train
DCSVC,0,train
PGPQGF,1,train
SPFLE,0,train
GVF,0,train
DPGPP,1,train
KDVWKPE,0,train
RQHAAP,0,train
GPPGQKGS,1,train
GPKGDRG,1,train
AAI,0,train
PGVPGQA,1,train
ETGPPGP,1,train
PGVAGSVG,1,train
AGHHGD,0,train
AGKDGR,0,train
QGPPGPP,1,train
ETGP,1,train
TAP,0,train
NKGEPG,1,train
PGK,1,train
QEGA,0,train
VPGAGVPG,1,train
NVGAPG,0,train
RPGEPGL,1,train
APD,0,train
AGEQGP,0,train
NGN,0,train
GPPVSFQ,1,train
PGGYGLPY,1,train
GTKGPK,0,train
TKEM,0,train
GPPGPQGA,1,train
PGPSGI,1,train
GHPGKP,1,train
DIGGADQ,0,train
GERGRVG,0,train
GQRGAPGK,1,train
PFISLA,0,train
QGKTGPP,1,train
SPSV,0,train
PPGARG,1,train
PGPAGKE,1,train
AVGQPG,1,train
SQPGGVP,1,train
MGKVS,0,train
PPGAPG,1,train
MGPMG,1,train
GKAGYPTG,0,train
GPQGHAG,1,train
HPSRPGG,1,train
PLGGVAAR,0,train
SNSYSFWL,0,train
KLPYGYGP,1,train
PRGLPGER,1,train
PPGPQGA,1,train
TDQE,0,train
SAQGP,1,train
KRGSTGE,0,train
PKGDTG,0,train
GALGPG,1,train
PGMTGFP,1,train
AVGPR,0,train
DCSGIKG,0,train
SKSAEPG,1,train
GVVGAGPA,1,train
SGPKGDAG,0,train
PQCPS,0,train
EPGPQGHA,1,train
PPSPPG,1,train
QCVPGGI,1,train
GQREKG,0,train
AAATASP,0,train
VVGAG,0,train
PPGLA,1,train
RPGERGL,0,train
LPTT,0,train
PGPQGLLG,1,train
EINFC,0,train
PGLPLGY,0,train
QCF,0,train
ASGLLE,0,train
GCNYLG,0,train
QGMP,0,train
ASGSPG,1,train
QQPG,1,train
GPPGEVI,1,train
YKSPP,0,train
EVGP,1,train
PGGA,1,train
DPGR,1,train
KGAAGE,0,train
GPMGL,1,train
AEGSPG,0,train
FPGQD,1,train
KPGEA,0,train
SPGSPGPD,1,train
PPHPGK,1,train
SIAAV,0,train
VIGL,0,train
PPGASG,1,train
PGRSVS,1,train
VGPVGK,1,train
EAGKPGE,1,train
GPAGPRGA,1,train
GPPGKN,1,train
FPGPRG,1,train
EYPYYED,0,train
GDSGPP,1,train
TGPPGNM,1,train
DSGPPG,1,train
ILD,0,train
RNCSVCQ,0,train
SGIKG,0,train
EEIM,0,train
RDCS,0,train
AQCVPGGI,1,train
NITY,0,train
RDLGQP,0,train
PGPPGAP,1,train
GKMG,0,train
GYGPGG,1,train
AGTKGNKG,0,train
VGAAGA,0,train
DTRI,0,train
GNIGFP,0,train
TKDTWQR,0,train
PAGTPG,0,train
FIP,0,train
AEVA,0,train
PKA,0,train
SKGEPG,0,train
GFPGERGV,1,train
GPSGARGE,1,train
IDGVKP,0,train
SLSQQIE,0,train
SGLDG,0,train
RGPNGDA,1,train
SGRDGLPG,1,train
SPGG,1,train
APGPLGIA,1,train
GPPGAAGT,1,train
NRGER,0,train
IRIGE,0,train
VENF,0,train
PLPE,0,train
MPGR,1,train
QGVPGD,1,train
KLSTLFAL,0,train
MPGQ,1,train
SGPGPMG,0,train
QQGGVPGA,1,train
EKGEPGDD,1,train
RGPPGPPG,1,train
GAGIPGLG,1,train
RNC,0,train
AGLTAAA,0,train
RSPPGK,1,train
VFVALY,0,train
LTGPI,1,train
QQSQGH,0,train
SSQHL,0,train
GDPGLPGV,1,train
LRNGFL,0,train
YGYGPGG,1,train
TAGAD,0,train
RRSLSP,0,train
PSPPGK,1,train
PGPQGL,1,train
TCVY,0,train
GEPGTPGN,0,train
GPPGP,1,train
ESPSLI,0,train
IPGLGVGV,1,train
KAP,0,train
GVPGFGAG,1,train
LVGAVN,0,train
APPG,1,train
TGPAGE,1,train
APGLQGM,1,train
VPGPAG,0,train
DGLAGP,0,train
PRVPGA,1,train
PTGPS,0,train
FW,0,train
GLAGER,0,train
KAADFGPG,1,train
DPGIHV,1,train
LVLIL,0,train
AVG,0,train
GITGPP,1,train
TTRGFVF,0,train
NKPQGP,1,train
LPGE,1,train
ELVA,0,train
IFTR,0,train
VGVPGLG,1,train
GPPGPSGD,1,train
IGPA,1,train
GVPGG,1,train
TSLKS,0,train
EPQSQ,0,train
TYSVTYDG,0,train
PLLLLLLW,0,train
LGPG,1,train
LALVAV,0,train
PPGPAGFA,1,train
CGPRVSSG,1,train
PGTPGTD,1,train
TPGLP,1,train
VAGVP,0,train
GPAGKD,1,train
VGPPGS,1,train
TAGPQGL,1,train
PPQGGNK,0,train
GPMGERGH,0,train
GLPGLH,1,train
PIGPPG,1,train
GVPGSAG,0,train
PRVPGALA,1,train
AGLVPGGP,1,train
GPSGITGP,1,train
GESGAMGL,0,train
PVKYIQP,0,train
QGAPGASG,1,train
GEKGPSG,1,train
PGNIG,1,train
FPGGACLG,1,train
KGEPGD,1,train
PGLPGPA,1,train
GIPGQP,1,train
GVPGLGVG,1,train
LFAAT,0,train
TGDAGPAG,1,train
PGKNGSP,0,train
WFDT,0,train
YH,0,train
YLGQS,0,train
GIPG,1,train
GDFY,0,train
VLHY,0,train
GLPGIDGR,1,train
KSLSSQ,0,train
LVFLV,0,train
KDGLN,0,train
AGPPGES,1,train
RPGLKGER,1,train
QRVGPQG,1,train
PPPSGF,0,train
GIPGPV,1,train
ALGVC,0,train
QTGEPG,1,train
GPKGELG,1,train
GRDGLPG,1,train
PGKPG,1,train
NNPQGP,0,train
PGQ,1,train
REGS,0,train
IQGPQG,1,train
LQGVQ,0,train
VGEPGP,1,train
CKN,0,train
RGEPGPQG,1,train
AIPGIGG,1,train
SGIAGPP,1,train
PGAAGHQ,1,train
PPPAGPP,0,train
GLQGMPGE,1,train
TFP,0,train
GGISVPGP,0,train
VLPGA,1,train
KGPPGP,0,train
AGQPGDKG,1,train
AGIPGVGP,0,train
LPLLLVL,0,train
AGPPGE,1,train
PPGPSGIT,1,train
AFLY,0,train
LGAPGFL,1,train
GQSYE,0,train
DQGPP,0,train
VADAA,0,train
LPGVLLLF,0,train
PPGASGSP,1,train
GSPGLQ,1,train
EYWI,0,train
KGDKGEQ,0,train
QRGEPGP,1,train
SAGPEGE,0,train
GEQGPP,0,train
NSNSAE,0,train
KAGERG,0,train
PKEKRH,0,train
PGAK,1,train
EPGPLG,1,train
GQPGI,1,train
GARGERGP,0,train
RGPAGPS,1,train
PGEAGRPG,1,train
VKGESGS,0,train
GPSGGGYE,1,train
GCNYL,0,train
SPPGKP,1,train
VPGVGGLG,1,train
GFQGPP,1,train
SGPPGFV,1,train
DVN,0,train
GTVVGGYG,0,train
GIVGLPGQ,1,train
KQGAPGAS,1,train
GGAGP,1,train
PGDLGAPG,1,train
SIQ,0,train
RRGKPGRR,0,train
DKGAPG,1,train
DTTLKSL,0,train
LGAG,0,train
PGALLLS,0,train
NQGCNLD,0,train
IVGPK,1,train
LHPAQPG,1,train
GQRGIVGL,0,train
FGSDV,0,train
ITGPP,1,train
LVPG,1,train
GELGPVG,1,train
GEPGN,1,train
FRAITKD,0,train
GEPGPQ,1,train
QGPRGEP,1,train
PGPDGK,1,train
EKAHDG,0,train
TWQRI,0,train
GYP,0,train
PGVLGGLG,1,train
ARGQPGVM,1,train
ADAAAA,0,train
TMNQE,0,train
PGPVGA,1,train
QLLPGT,1,train
LTPEGSR,0,train
PDGSRK,0,train
PGLV,1,train
KGDKGEPG,1,train
DGCTSHT,0,train
EKGTEG,0,train
DPNQGCNL,0,train
VWLLL,0,train
PPGPPSG,1,train
GPQGFQGP,1,train
YPGL,0,train
GPPPH,1,train
PGVH,0,train
IPGPVGA,1,train
HAGPSGGG,1,train
GPTGAAGL,1,train
AQI,0,train
HK,0,train
PQGARGF,0,train
GLGVPGV,1,train
APSG,0,train
PGRAGLYG,1,train
APGP,1,train
GLC,0,train
TGKLPY,0,train
PPSPG,1,train
GVRGS,0,train
GLVGYQGP,1,train
PSGAEGP,1,train
ATD,0,train
ENGTPG,0,train
GLHGLKGQ,0,train
DVWKPS,0,train
LPGLHG,1,train
GAPGR,1,train
PFRYGGDS,0,train
AGTKGN,0,train
PRGKKG,0,train
PGNMG,1,train
AGPPGEAG,1,train
AGPPGTPG,1,train
GPAGQDGR,1,train
LKGP,1,train
VPGP,1,train
SMGIPG,0,train
PGQAQV,1,train
LDGA,0,train
PEGP,0,train
VGGLAGY,0,train
PAGPRGRD,0,train
VGGM,0,train
PGPPGI,1,train
RSK,0,train
EGGPPG,1,train
PGASGSPG,1,train
APGPSGFQ,1,train
GNQSQGPP,1,train
DCSGSCQ,0,train
PGPD,1,train
ASGPP,1,train
GKDGAPGR,1,train
FPAVTFPG,1,train
GYGGWCG,0,train
PGLRGG,1,train
GTSG,0,train
IAGFKG,0,train
IPGQPGS,1,train
LLAQKS,0,train
GPPGLA,1,train
HTGA,0,train
GNPGA,1,train
YGAAA,0,train
PTSLRPK,0,train
GSPGL,1,train
IPVVPGAG,1,train
PGLVG,1,train
APGPQGP,1,train
GKPGTPGP,0,train
GQKGER,0,train
GERGVQ,0,train
GVPGQPGI,1,train
APGFLGLP,1,train
KYIGP,1,train
PPGPP,1,train
GREGSP,0,train
PGPQGFQ,1,train
PPGPPGIN,1,train
DGPKG,1,train
CGF,0,train
PGIHVTLK,1,train
DLASLG,0,train
GLLFLC,0,train
PAGFAGPP,1,train
KPGKAGE,0,train
APCQLGP,1,train
QGPKG,1,train
FCKGSAK,0,train
GRTGDAGP,1,train
GPKGSPG,1,train
SVKWFD,0,train
GPRASSGG,1,train
APP,0,train
RLSV,0,train
DGPS,1,train
GLPGPAG,1,train
DKGEK,0,train
EVGAPG,1,train
IGPAGAR,1,train
TGP,1,train
VGLA,0,train
TGAAGLPG,1,train
VCPQPP,0,train
GLRGPR,0,train
GSPGYQGP,1,train
PGVSGGG,1,train
AGKPGRPG,0,train
PGRAGEPG,1,train
PGFKGIRG,1,train
GPKGDRGD,1,train
KGSPGA,0,train
PGPNGGGY,1,train
MPGERG,1,train
LALV,0,train
SSVGK,0,train
AAGLVPG,1,train
GLAGQRGI,0,train
PGGACLGK,1,train
GEPGEP,1,train
SGLPGER,1,train
GPRGERG,1,train
PKGELGP,1,train
KFDV,0,train
FVALYTM,0,train
CGGRDCSV,0,train
ADQAA,0,train
PGERGR,1,train
NLKKAVI,0,train
VPGLG,1,train
PLGTQQ,0,train
PPGRAGE,1,train
SQGSQGP,0,train
PT,0,train
GVG,0,train
PGPMGLT,0,train
GSNGNPGP,1,train
AVGA,0,train
GGLKGPR,1,train
RPLG,0,train
MGPRGLPG,1,train
SVPGPMG,1,train
LRI,0,train
YRADQP,0,train
AEVDATL,0,train
RRW,0,train
GPLGPP,1,train
RSVDG,0,train
VPGAV,1,train
PALC,0,train
LSPIFPG,1,train
GHTGD,0,train
GPPGPR,1,train
VGAGVPGF,1,train
PQGPPSP,1,train
PPGPPGVS,1,train
QPGGV,1,train
GPPGIC,0,train
LGA,0,train
TGPAGIRG,1,train
PGNM,1,train
KFDVP,0,train
KKTN,0,train
APGPQ,1,train
FAAHG,0,train
PGTPS,1,train
PVGPSGP,0,train
SDGSVGP,1,train
FPGFGV,0,train
GPPGNM,1,train
LTGPPGNM,1,train
AGAPGTPG,1,train
VGI,0,train
GEQGPRG,0,train
PLPEF,0,train
TNV,0,train
VGPTGS,1,train
GPPAVMPT,1,train
GPSGITG,1,train
PGIGGIA,1,train
PQGPQ,0,train
GVKGQK,0,train
PGVG,1,train
DQET,0,train
ARFPG,1,train
PRGPA,1,train
GGACL,0,train
SGHNG,0,train
KGEPYAL,0,train
IENIRSPE,0,train
EPGPL,1,train
GLQGRKG,0,train
NYYLR,0,train
GPRGFPG,1,train
KDGPKG,1,train
NVLC,0,train
GGLG,0,train
ARKLGP,1,train
LPGGY,1,train
RGSE,0,train
PGLAGLH,1,train
EGLPGKDG,1,train
LAN,0,train
GLPGAK,1,train
GVPGD,1,train
GAPGRAGL,1,train
GPAGAR,1,train
RRAK,0,train
RGIPGEF,0,train
KDGPRG,0,train
PGYQGPPG,1,train
GPPGRDG,0,train
QGPKGDP,1,train
EPGI,1,train
VVGVPGA,1,train
AGPSGG,1,train
PPGFQG,1,train
NQSQ,0,train
VILQGSN,0,train
MGPS,1,train
KGPTV,1,train
LILIVL,0,train
AGPIGP,1,train
GYDF,0,train
GRPGPIGQ,0,train
KQGP,1,train
SKAADFGP,1,train
GPAAAAA,1,train
GNKSQGP,0,train
TGDA,0,train
ALS,0,train
PGVVS,1,train
QGARGQPG,1,train
PANSISN,0,train
PPGPPGPA,1,train
VKWFDT,0,train
LKFCHP,0,train
PHPGKPE,1,train
AGTPGLQ,1,train
PGPKGNDG,0,train
GAGIPG,1,train
YGGWC,0,train
VGIPGGV,1,train
VGVGVPGL,1,train
GPKGAPG,0,train
PVGSRG,0,train
DPSTN,0,train
NPGAD,1,train
EPGEPG,1,train
GVKGDRG,0,train
MSSRL,0,train
AAKYGARP,0,train
APPGKP,1,train
GPRGIPGP,1,train
GDAGAPGP,1,train
RAQP,0,train
GEPGPPG,1,train
GPPGINGS,1,train
AAGLPGVA,1,train
GQPGDK,1,train
GENGKP,0,train
APGAV,1,train
VPGALAAA,1,train
RMAY,0,train
RGLTGPI,1,train
PGQAQVK,1,train
IGPSGPA,1,train
GPQGLPG,1,train
ICQS,0,train
ATDLADLG,0,train
LPGKPGLT,1,train
LPGERGA,1,train
KSQGPP,0,train
AGAPGP,1,train
RGRD,0,train
GATGF,0,train
IPGVGPFG,1,train
NSVAY,0,train
TTGK,0,train
GVSGPMGP,0,train
GLEGPP,1,train
GPIGS,1,train
LSSA,0,train
KNP,0,train
PSGSSGE,0,train
EQR,0,train
GPVGPVGK,1,train
SS,0,train
GEPGAP,0,train
PGVGPF,1,train
ALGP,1,train
KPGEP,0,train
CSGGCQ,0,train
EKGNPG,1,train
CRDLRLSH,0,train
PAPRSLF,0,train
GLSGERG,0,train
QGPPGPAG,1,train
GAPGK,1,train
RGVQGPPG,1,train
GVPGLGV,1,train
EPGAPGEN,0,train
EPGPQGH,1,train
AARPGF,1,train
PPGPPGVV,1,train
LGLLFL,0,train
SGPPG,1,train
DKGPRGLP,1,train
QIRGPPG,1,train
AVVPQPGV,0,train
PGALVPG,1,train
PGNIGPAG,1,train
VKGHRGY,0,train
KGPSGEPG,1,train
PGMPG,1,train
GPGI,1,train
QGPAGPPG,1,train
GLVPGVG,1,train
EKFL,0,train
AGPAGGGY,1,train
QMGVMQ,0,train
LNSLKLE,0,train
TVFPT,0,train
PGAGV,1,train
LPGAKGLT,1,train
PGPPSA,1,train
NRR,0,train
EKSTGI,0,train
AVGPAG,1,train
VNVLMVV,0,train
GPTGPGGD,0,train
GKTGPPG,1,train
RKGSV,0,train
GSVGAAGP,1,train
SGNPGPPG,0,train
NCSVC,0,train
QGLPGL,1,train
LHPSRP,0,train
RRGDPG,0,train
SGIA,0,train
LLPT,0,train
DGPAGA,1,train
GEPGQTG,0,train
STGISVPG,1,train
PGLGVGV,1,train
PPGS,1,train
GF,0,train
AAGAP,0,train
HGNRG,0,train
AIAGV,0,train
RGFTG,0,train
YQP,0,train
GVAGPPGG,1,train
AAYDY,0,train
PGRDGN,0,train
GSAGSPGK,0,train
GPPLRGWL,0,train
EPGTAG,1,train
ERGYPG,0,train
EVIQP,0,train
IPGKPG,1,train
GPAGERGE,1,train
RSVLLL,0,train
PTIRIG,0,train
NILS,0,train
GKQ,0,train
GDIGD,0,train
TPGQAG,0,train
GPMGPA,1,train
PYISRC,0,train
KDGL,0,train
AGQRGV,0,train
DAIKV,0,train
SGPSGLPG,1,train
GIPGVGP,1,train
DDPQ,0,train
SAGPPGAT,0,train
PGAPGP,1,train
IGK,0,train
INGSPG,1,train
RPGPPG,1,train
YPGLI,0,train
KYIQPM,0,train
PRGETGP,1,train
AGEPGK,1,train
QPGY,0,train
GLPG,1,train
GPVGPV,1,train
QPSF,0,train
MGF,0,train
SDCY,0,train
KGLVVLAL,0,train
GLEGPPGK,1,train
AEVDATLK,0,train
YQPLG,0,train
CHSDWKSG,0,train
VKW,0,train
AGPPGTP,1,train
LPGTA,1,train
TFPGAL,1,train
APPGA,1,train
GEQGVPGD,1,train
PGPQG,1,train
GGGR,0,train
LTAVVP,0,train
QGPTGVTG,1,train
PPGKDGTS,1,train
GVTK,0,train
PGILG,1,train
PAAAAA,0,train
ADGR,0,train
ETT,0,train
GRTGPAG,1,train
EPGLQ,1,train
PMGPPG,1,train
FKINTEE,0,train
PGRAGE,1,train
EVLLL,0,train
LIQDEE,0,train
GVVGAPGT,0,train
AQGPREEN,1,train
AKYGARP,0,train
RGLPGT,1,train
GPPGLGGN,0,train
GDKGPQGE,0,train
GPIGSA,1,train
KPGLTGP,1,train
ARGIQGPQ,1,train
ETGASGP,0,train
GVPGGV,1,train
ANHA,0,train
YHDR,0,train
GDKGPQ,0,train
AAGLPGLH,1,train
YESCE,0,train
AQGPPGA,1,train
SGPPGF,1,train
GNMGP,1,train
AEKFL,0,train
GSPGSPG,1,train
ELEKII,0,train
NPGD,1,train
MRSPD,0,train
PGVGP,1,train
KAPKLPG,1,train
PNGDSGR,0,train
EPGDIKD,1,train
LEIEQM,0,train
VSGG,0,train
PPGARPP,1,train
IGSPG,1,train
PDGKTGP,1,train
AGVPGFGA,1,train
PAPPGA,1,train
GRE,0,train
LLGAPGIL,1,train
ETINGG,0,train
TAG,0,train
IPGKP,1,train
FQGLPGPP,1,train
GICESCPT,0,train
PPGIVI,1,train
QESP,0,train
AQLRGPPG,1,train
RVGPPGSN,1,train
LPDG,0,train
KQGPSGA,1,train
PGQAQVKE,1,train
GLPGFKGI,1,train
PGEQG,1,train
VGE,0,train
PGKAGE,1,train
HPGKPER,1,train
AGQKGDAG,0,train
PAGIRGP,1,train
LAQKSYE,0,train
DGPKGAR,1,train
QYMRAD,0,train
AQKN,0,train
PGPQGAR,1,train
ATGPLG,1,train
LFS,0,train
SRDV,0,train
GSPGGK,1,train
LEGPPGK,1,train
PPGKNGD,0,train
GPRGDQ,0,train
EPGQTGP,0,train
APGLRGLP,1,train
KPQGPP,1,train
GPAGPAG,1,train
IGPAGKE,1,train
TGEPG,1,train
EQGEAG,0,train
KYIQ,0,train
PLKPVPGG,1,train
LLTA,0,train
PLDIG,0,train
VQGP,1,train
GPKGSP,1,train
EIFGS,0,train
TSK,0,train
FQFAGG,0,train
PVGPSGKD,1,train
PPGEVIQP,1,train
DGPAGAP,1,train
GRVGDR,0,train
PPGVV,1,train
VAGPPGG,1,train
ETDSG,0,train
FRGVKGEK,0,train
GQESP,0,train
KGPPHF,0,train
PGPLG,1,train
RLPV,0,train
TDD,0,train
GPFG,1,train
DGIPGA,1,train
PGNPGA,0,train
PDMGL,0,train
LPGP,1,train
LVPGGPG,1,train
GPLGIAG,1,train
LWLLL,0,train
LV,0,train
GPPGASG,1,train
RGIQGP,1,train
LVGEPG,0,train
FLFC,0,train
DNRLLV,0,train
GPPGFQ,1,train
WAEARPL,0,train
FGPGPMGL,1,train
LLPLLLV,0,train
PPGLRGD,1,train
IFPGGA,1,train
NGAPGQ,0,train
VVGVPG,1,train
RGFPGQ,1,train
QGLPGTG,1,train
TGIPG,1,train
ERGPSGL,1,train
FAGEKG,0,train
GQPGRD,0,train
PGFKGIR,1,train
PGGS,1,train
LSYGY,0,train
PGNMGP,1,train
SEGP,1,train
PARTCRDL,0,train
GPAGPE,0,train
ILGLPGS,1,train
LVGP,1,train
ADGRA,0,train
QKELEC,0,train
PGGVAGA,1,train
LIFIL,0,train
GFVGEKG,0,train
QGAPGA,1,train
LPDMG,0,train
PGPPSPG,1,train
GMEE,0,train
AVTFPGAL,1,train
GNPGT,1,train
PGEPGK,1,train
PPGER,1,train
APGNDG,1,train
NDGQPGP,0,train
GSPGAAGH,1,train
DGPK,1,train
VPGVGVA,0,train
FPGTPGLP,1,train
AAAAKSAA,0,train
PGKEGPP,1,train
PSLRPKD,0,train
RGDKGET,0,train
NGET,0,train
NPGTD,1,train
GPAIAI,0,train
GGGA,0,train
SLPGP,1,train
EGGKPG,0,train
FQGPK,0,train
EEFRA,0,train
PPGPPGP,1,train
KSAGVS,0,train
IQGPQ,1,train
RTGDAG,0,train
RGAPGPAG,0,train
LGPT,1,train
LSSAES,0,train
QCVPGG,1,train
VPLGYPI,0,train
GIPGAK,1,train
EVNY,0,train
GLRGLP,0,train
TGPIGPP,1,train
PGSRG,1,train
YAQRN,0,train
KEGPP,1,train
GERGVV,0,train
EPGTPG,0,train
VGPPGLTG,1,train
YDGC,0,train
PGPMGMPG,1,train
YYSNS,0,train
GPNGGGY,1,train
AGSAGKA,0,train
PGTAGPP,1,train
PGKDGTSG,1,train
GNVG,0,train
PGAS,1,train
GSCLEEF,0,train
KTGP,1,train
PGKTGP,1,train
KGEQGV,0,train
RFPGV,1,train
YTE,0,train
GKPGLTGP,1,train
PGPK,1,train
GSAGPP,1,train
GFGKPG,0,train
NYYSNS,0,train
GYQGP,1,train
NDKDVWK,0,train
PGDLG,1,train
HVKRTM,0,train
RGANGA,0,train
AEKFLRPP,0,train
EGPPGK,1,train
GTGGG,0,train
IEIRAEG,0,train
SAAPG,1,train
DIVGPKG,1,train
QKVSL,0,train
GPPGQ,1,train
LPAGY,0,train
ARGDSGPP,1,train
VGIPGL,1,train
PGAA,1,train
AGPAGPKG,1,train
APGLRGG,1,train
GSRKN,0,train
ITGV,0,train
LSGPVG,0,train
TDDPLC,0,train
GPPGPSGN,1,train
GAGVPG,1,train
GPVGPSGP,0,train
PGQPGS,1,train
KPPAVT,0,train
VVPGAG,1,train
IPGLK,1,train
PQPGVPLG,1,train
APGPLG,1,train
IGPPGP,1,train
PGADGI,0,train
GPAGPI,1,train
GPQP,1,train
SDV,0,train
PGADGPA,1,train
RLSLLG,0,train
GSIGAPG,1,train
PAGPPGFQ,1,train
LHDVG,0,train
EIRAE,0,train
PSPGPAP,1,train
YPTGTGV,0,train
GPPGPQGV,1,train
VVPQPGV,0,train
VPGTLLK,1,train
AQLRAAA,0,train
ALGPGGKP,1,train
CQI,0,train
VLLLF,0,train
GPTVS,1,train
MAVLPG,0,train
GKRGST,0,train
GLPGKDGE,1,train
LPEQS,0,train
ALGPQ,0,train
PGALLL,0,train
GGLV,0,train
GAPGFPG,1,train
DRGPQ,0,train
GPSGPA,1,train
APGIGP,1,train
VPQPG,0,train
VRAASDLA,0,train
FLNGKN,0,train
AAGATGAR,0,train
RRGCGGG,0,train
GAPGAS,1,train
MGERGHP,0,train
RGLKGH,0,train
EAE,0,train
GPLP,0,train
GFPGAR,0,train
GEPGTA,1,train
YCD,0,train
FLPL,0,train
SRGERGL,0,train
GQRGERGF,0,train
PGLWL,0,train
LTAA,0,train
GPPAVMPP,1,train
TPSSPRV,0,train
GPPGM,1,train
RAKDY,0,train
EAGKPGKS,1,train
ISGKPE,0,train
IACTQN,0,train
PEDIP,0,train
GPAGAS,1,train
GEAGAPG,0,train
AAAR,0,train
KQG,0,train
APGERG,1,train
ASGPPGF,1,train
AGPQGKV,1,train
FAGPP,1,train
AGKEGPV,1,train
GCGPRA,1,train
GPQGA,1,train
GGAGVPG,0,train
QEESLF,0,train
AQLRAA,0,train
GARGPAGP,1,train
KKTRR,0,train
AEARPL,0,train
GIPGS,0,train
ADGSPGK,1,train
GGVLPG,1,train
PGAQGPPG,1,train
GVSVPG,1,train
SLVFLVL,0,train
GPGPMGL,1,train
IAPEF,0,train
RSLS,0,train
GEGET,0,train
GGAC,0,train
GLDGLPG,1,train
MLLILLS,0,train
FPGTPGL,1,train
GFGK,0,train
QVGA,0,train
VKRTMNQE,0,train
DPGPPG,1,train
RDLRLSH,0,train
CVP,0,train
IKGPP,0,train
GEAGTAG,0,train
FQGLPGPA,1,train
PGAVGP,1,train
NAGPPGPP,1,train
VGPFGGQ,1,train
GNKGEPG,1,train
GDPGP,1,train
TDP,0,train
LPGLKGN,1,train
GLGGVPG,1,train
IAGPPG,1,train
PPSNTK,0,train
RGP,1,train
LTPLSS,0,train
CFCD,0,train
AGER,0,train
DEV,0,train
RGPRG,0,train
AKGEVGPA,0,train
YNVEGVTT,0,train
PPR,0,train
FGSL,0,train
LSSAQGP,1,train
GPSGEPG,1,train
GPDGLP,1,train
LGVPGVGG,1,train
SIPPC,0,train
ITCVQNG,0,train
GLGQR,0,train
EGIRGPRG,0,train
PGGP,1,train
LEMLD,0,train
GLSQPE,0,train
PIGPPGER,1,train
LGPAGP,0,train
QGPRGLP,1,train
MAVQ,0,train
QGAPGL,1,train
VVGPQGPT,1,train
PGGIF,1,train
SFVQKGS,0,train
PGQQG,1,train
AGQPGAK,0,train
AAAI,0,train
APGI,1,train
GPDGKTG,1,train
GPLGPK,1,train
LPGQ,1,train
QGMPGER,1,train
GPPSPP,1,train
GPSGAEG,1,train
GVGPQ,1,train
TFPGALV,1,train
ARPGVG,1,train
EVN,0,train
TY,0,train
VKYVQ,0,train
PGPPGAPG,1,train
QPGDKGE,1,train
PGRSVSI,1,train
PGRRGDP,0,train
RGLPG,1,train
GPDGLPMP,1,train
GLPGFKG,1,train
ANGIPG,0,train
TGRPGDA,1,train
AGPTGA,1,train
PGQAQ,1,train
SGPGPM,0,train
RYRGEPGE,1,train
FPGGAC,1,train
PGKDGLNG,1,train
VRFKAS,0,train
DLKMCHSD,0,train
PGERGPSG,1,train
VPAPRSL,0,train
VGPFGGPQ,1,train
AIGSPGPA,1,train
PGIK,1,train
TAAAGDLT,0,train
RPQGPPP,0,train
PSRPG,1,train
GIAGVGTP,0,train
PGLRGDP,1,train
LKGQKGT,0,train
GEVGP,1,train
AGPAAAAA,1,train
ENFFH,0,train
GSDGLPG,1,train
DIV,0,train
LFVF,0,train
KPGEQGVP,1,train
RGAN,0,train
RVPGAL,1,train
SPQQQ,0,train
NGAQGPP,0,train
RDGSP,0,train
RGPAGPQ,1,train
CVY,0,train
GTGGVP,0,train
PSVA,0,train
EAGKPGEQ,1,train
KLPG,1,train
SGPSG,1,train
GPVGAR,1,train
GLPGPSG,0,train
PGPSGITG,1,train
RDGNP,0,train
FGLVGAAG,0,train
GVPGV,1,train
DKGEAGPS,0,train
ALFGG,0,train
SLIS,0,train
PGEV,1,train
LSFLPQ,0,train
TGPAGAA,1,train
GAPG,1,train
AQCVPGG,1,train
LGPPGQK,1,train
SLPGPSGR,1,train
NAAALGPT,1,train
PDGNK,0,train
NNGAQGP,0,train
NGETGPQ,1,train
GPGPMG,1,train
TGFC,0,train
DAT,0,train
GY,0,train
KPGRPGER,0,train
PGAAGTPG,1,train
GEKGAP,0,train
CVPGGI,1,train
PGLPGP,1,train
PTL,0,train
DGLPGPP,1,train
SGHP,0,train
GADEGVRR,0,train
ATA,0,train
LPGVKGHR,0,train
KTNEWQ,0,train
EPGDIKDI,1,train
MPLSE,0,train
GAGPAAA,1,train
NPG,1,train
GADEV,0,train
RSY,0,train
SPGPKGDK,1,train
TMR,0,train
GTQQN,0,train
QGPPGL,1,train
AAKAQLRA,0,train
PPGLAG,1,train
VQNGLRYY,0,train
PSGNAGP,1,train
GSPGHLGP,0,train
PGRR,0,train
GAPGADG,1,train
EKG,0,train
YET,0,train
GVRRS,0,train
GAPGPLGI,1,train
PGGVAGAA,1,train
IVGLPG,1,train
AGPP,1,train
ALF,0,train
GPAG,1,train
LLALVA,0,train
LQGRKG,0,train
GQPGVM,1,train
PPGPPGPS,1,train
SARSPPG,1,train
HPGKPE,1,train
FRASPF,0,train
DLKM,0,train
GDDGIPG,0,train
GKGEMG,0,train
PGAR,1,train
GAAGLGGL,0,train
ASFLVLA,0,train
PAGSPGT,0,train
GPPGIVIG,1,train
QLLGVL,0,train
PGFQGL,1,train
NGTP,0,train
GTPGPQGL,1,train
LGQSYAD,0,train
LCLLLA,0,train
ADGP,1,train
VPGGVAD,1,train
TAA,0,train
EDVKD,0,train
GMPGRSVS,1,train
GLPGLKGE,0,train
KGHTGDS,0,train
SPGPPGSP,0,train
RGPEGAQG,1,train
GPGGP,0,train
PGPPGKA,1,train
PPGTPGP,1,train
ATGARGL,0,train
SPPPP,0,train
GEPGTAGP,1,train
RPGF,1,train
TGFQGK,0,train
RDGQ,0,train
IPGTG,0,train
CQLGPDGL,1,train
GIGP,1,train
VSARIA,0,train
PPGFPG,0,train
KGPE,0,train
GPQGPA,0,train
ITGPPG,1,train
KGNKGSKG,0,train
QEESPSVI,0,train
GAGPAAAA,1,train
RGAPG,1,train
GIPGAAV,1,train
PGVGVLP,1,train
LLAQK,0,train
ISR,0,train
AGEPGLQG,0,train
GYPGPAG,0,train
PPGASGS,1,train
GAEGP,1,train
PGPN,1,train
PGLNGMK,1,train
GQGSDP,0,train
PPGES,1,train
KRGSTGEI,0,train
PGGVAD,1,train
GDTGPT,1,train
GPQGARG,1,train
SGSSG,0,train
ELKAMV,0,train
GPPGKDGA,1,train
YPGA,1,train
PGNVG,1,train
IKVFCNM,0,train
LGAPGFLG,1,train
SGARGE,0,train
EGAQGP,1,train
GLLLFS,0,train
PGKDGET,1,train
EGPP,1,train
EGLPG,1,train
VGSR,0,train
PGIDG,1,train
SKGPRGET,1,train
AGLTAVVP,0,train
QRGPA,0,train
QLGPD,1,train
VKNWYRNS,0,train
QGPPGATG,1,train
LGPRE,1,train
ETHLE,0,train
GVGPFGG,1,train
PGPPGAS,1,train
VCEGPA,0,train
IEYKTNK,0,train
TGSVGA,0,train
FAAQYD,0,train
TDG,0,train
ERGPPG,1,train
EGG,0,train
GEVGPA,0,train
GAAGAPG,1,train
GKAGERG,0,train
YPYYED,0,train
PPGVVGPQ,1,train
PGADGPAG,1,train
GPPGIV,1,train
VAG,0,train
GTCNYYSN,0,train
FNKYE,0,train
TFSVVAVV,0,train
SPGAQG,1,train
PQGPPGK,1,train
PGIAGF,0,train
APGLRG,1,train
PPGPQGAR,1,train
SKGPT,1,train
AGPPGAR,1,train
KRHVWYG,0,train
PPSGGF,0,train
IFP,0,train
TGPK,1,train
VHAT,0,train
PAPPSPAP,0,train
GEPGAV,1,train
PQGATGPL,0,train
PGPAGAR,1,train
FLVLLAL,0,train
GERGYP,0,train
EARPL,0,train
GPSGEPGK,1,train
PSGPS,1,train
CCAVCPQ,0,train
GPPGLDGL,1,train
GPRGPP,1,train
TGSCVQHG,0,train
AIPGIG,1,train
LPLGYPIK,0,train
PGERGV,1,train
FGPGGVA,0,train
QGLLGAPG,1,train
GPGPMGLM,1,train
DTW,0,train
GPIGPPGP,1,train
PGDA,1,train
PGSKGD,0,train
GSKCDCSG,0,train
PGLRGGAG,1,train
GRSGETGP,1,train
PPGPQGLA,1,train
IGSPGPA,1,train
IPGGVVG,1,train
GRPGPIGP,1,train
QEKSQ,0,train
PPGPPGPN,1,train
FQGLP,0,train
QTGP,0,train
PGAVGPA,1,train
KGEPGA,1,train
SMKGPPG,0,train
GEPGER,1,train
IVGLPGQR,1,train
PGEGGK,0,train
EPGPLGI,1,train
PKPP,0,train
PEGGKG,0,train
GSKGEP,0,train
PGDK,1,train
LIFI,0,train
ERGLPGP,0,train
VGPQ,1,train
GTVIMM,0,train
GAAGLPGL,1,train
VCDNGN,0,train
AGADEV,0,train
LPSLLL,0,train
DDGP,1,train
GPN,1,train
QGPTGPSG,0,train
EWQ,0,train
GPPQQE,0,train
VVGGYG,0,train
PGLRGLPG,1,train
AGANGE,0,train
QIPPQI,0,train
IGQ,0,train
IPGTKG,1,train
GGPRG,0,train
NGSPGG,1,train
PGLQGN,0,train
KLLGLT,0,train
DFGPG,1,train
FRASPFL,0,train
SINNQI,0,train
QRYND,0,train
PGPPGPQG,1,train
NYVH,0,train
GQQPGL,1,train
GPSGKDG,1,train
PTGPQN,0,train
RVGPQ,1,train
TSLPG,1,train
QGEYL,0,train
PGPVGAA,1,train
VGPAGPR,1,train
PGQPPQGW,0,train
GRYYRADD,0,train
FVSDHRA,0,train
GDVGE,0,train
GVPGQ,1,train
NWA,0,train
APKLPAG,0,train
GRRGES,0,train
VVPGA,1,train
VFPTL,0,train
AGG,0,train
APGPQGFQ,1,train
RILLLLA,0,train
EFEQRIKA,0,train
MKSNWK,0,train
QEGNNPQ,0,train
PGIPGTKG,1,train
LGPGGKPL,1,train
PPVKHYS,0,train
QPGT,1,train
IPGLGV,1,train
SGPPGPP,1,train
YDFG,0,train
LYH,0,train
APGEAGR,0,train
PLGPP,1,train
YAP,0,train
LLSNV,0,train
GPEGGKG,0,train
EVGPS,1,train
EGPPPQ,0,train
GPKGARGD,1,train
RGSAGPP,0,train
GADGPAGS,0,train
IGSR,0,train
GIGPGGVA,1,train
TGARGL,0,train
TGPAGR,1,train
PGVVGPQG,1,train
GS,0,train
PGKNG,1,train
PLPS,0,train
FPGPR,1,train
GKEGPV,1,train
GGFDEKA,0,train
YV,0,train
GPQA,1,train
NVGNPG,1,train
VNFCK,0,train
PVGLPG,1,train
PGKSGE,1,train
GQPGH,0,train
CNYY,0,train
GAPGLM,0,train
GPKGDKGE,1,train
PGPPGEP,1,train
GPAGRP,1,train
IRAQP,0,train
AGVRG,0,train
AGAPGT,1,train
EKSTG,0,train
LGGVLGGA,0,train
SYEH,0,train
LPGMK,1,train
GYGGA,0,train
PGWA,1,train
HGHG,0,train
AGKEGP,1,train
PPGNVGNP,1,train
GLAGAPG,1,train
GVSVPGPM,1,train
APPGK,1,train
GDAGPKGA,1,train
GLPGAP,1,train
DGHPGKPG,1,train
PGVGVP,1,train
NGDPG,1,train
GSEGP,1,train
APV,0,train
GIGPGGV,1,train
PPGNMG,1,train
QGVS,0,train
AAGPP,0,train
PPGP,1,train
GPLGIA,1,train
PPQM,0,train
EGPPGLR,1,train
CPQTWR,0,train
VDSRTL,0,train
EDFE,0,train
GKPGEQ,1,train
GKPGL,1,train
PYGYGPGG,1,train
GPPGLQGM,1,train
YPIKAPK,0,train
YEYP,0,train
AGPAGPI,1,train
GPMGPRGL,1,train
ASGPPGFV,1,train
PSGPVGK,0,train
PGLPGA,1,train
IKPL,0,train
PGGLAG,1,train
GSKL,0,train
PPGFV,1,train
PPLRG,0,train
KGPSG,1,train
PDGSK,0,train
GAVGQPG,1,train
SPGGK,1,train
PLCPPG,0,train
PILDIAP,0,train
WT,0,train
GPGGKPL,1,train
AQGPRE,1,train
FAPQMSY,0,train
VGLAPGV,0,train
VTN,0,train
LMAAGAD,0,train
KGEGGP,1,train
GRQGEKGA,0,train
DVGEKGP,0,train
QRP,0,train
AGSPGSNG,0,train
PPGPPGA,1,train
DNRIL,0,train
GPRGPT,0,train
EPGKAGEP,1,train
SFVDSR,0,train
LGVGVGV,0,train
PGAGIPGA,1,train
PEKGSRG,0,train
VAPGIG,0,train
QPMQK,0,train
MDQQ,0,train
EYLPDMGL,0,train
KGVQGP,0,train
LAGI,0,train
APGDK,0,train
PGRSV,1,train
PIFPG,1,train
LGAGI,0,train
SPGAA,1,train
GTPG,1,train
GEDDL,0,train
PAGAPG,1,train
GIPGRD,0,train
ERGVQGP,1,train
RDG,0,train
NGNPG,1,train
LRFLV,0,train
GTPGPAGE,0,train
PGRDGAAG,1,train
RLSLL,0,train
GGLR,0,train
APGTPGPQ,1,train
QAA,0,train
TKTTGF,0,train
PGLA,1,train
KGDTGP,0,train
RLSVW,0,train
GPAGANGE,1,train
VLPFR,0,train
DGIPGAK,1,train
MATQLAFM,0,train
PPGVGK,0,train
PRGPVGP,0,train
YGES,0,train
GNS,0,train
PPGM,1,train
GSPGSP,1,train
VPGGIF,1,train
PGPQGPP,1,train
RDGLPG,1,train
APGAVG,1,train
PPGAS,1,train
LLLQGSNE,0,train
PQSLVLL,0,train
VQGPPG,1,train
HYDES,0,train
GTDGPKG,0,train
WAEARPLL,0,train
GGLRQH,0,train
TIPGK,1,train
LGALGGV,0,train
PRPL,0,train
EGPAIAIA,0,train
KGEQGE,0,train
PVPGGLAG,1,train
IPPQMP,0,train
LLLLW,0,train
ALVPG,1,train
TGASGP,1,train
QGMPGERG,1,train
VVPGAGI,1,train
PQGFQG,0,train
TVVGGY,0,train
AGAVGEP,0,train
ETTGV,0,train
EPGKAG,1,train
DIVGPKGP,1,train
PVGPPG,1,train
GSPGICE,0,train
KGSPGE,1,train
NRN,0,train
GPLGPKG,1,train
PGAIGP,1,train
LSAAPGWA,1,train
PGPPGPAG,1,train
LSSQIE,0,train
NQSHRPP,0,train
PGLQG,1,train
GPTGVTG,1,train
QGVPGEA,0,train
AIGS,0,train
GNIGPA,1,train
GFPGN,0,train
PRGETGPA,1,train
EMGPAGI,0,train
PRGPVG,0,train
VGNPG,1,train
LDGAKGD,0,train
LKGHR,0,train
PSGAEGPP,1,train
KVPTD,0,train
NGAPGQR,0,train
PGKQGAPG,1,train
QDEDI,0,train
GSPGPDGK,1,train
GQPGIPG,1,train
AVPPR,0,train
VDSRTLV,0,train
HVPG,1,train
PGERGL,1,train
LAGPKGAN,1,train
GPRVSSG,1,train
GKPGEQGV,1,train
QGPPGI,0,train
GPQGLP,1,train
DTT,0,train
QGNPG,1,train
PGPLGI,1,train
DEKA,0,train
LPGPEG,0,train
GILGLPG,1,train
GHAGPSGG,1,train
EGPQGVRG,1,train
GYDLSFL,0,train
VPGQPGI,1,train
VQPGP,0,train
GVAGAP,0,train
ERCSRC,0,train
GEDG,0,train
IPGSHG,0,train
PGMKGHR,1,train
YLGQ,0,train
CTQNGQM,0,train
PGKT,1,train
PGSPGPD,1,train
LPGER,1,train
KAARPGAL,0,train
PRGFPG,1,train
VSA,0,train
GEAGAP,0,train
SGSPGLQ,1,train
ANHAS,0,train
NGETG,0,train
PEGGKGA,0,train
KGAPGA,0,train
PGAGLGAL,1,train
GLPYT,0,train
PGPQGIA,1,train
PGPQGPV,1,train
GAAGAPGP,1,train
QLGVMQGP,1,train
RYRGEPG,1,train
KGEQGPKG,0,train
PFISL,0,train
GGPPGVA,1,train
AGKPGKSG,1,train
VGSP,0,train
KGLP,0,train
PGRPGERG,1,train
GSIQDSV,0,train
SLNSLKL,0,train
TGVGP,1,train
ETGPPGPA,1,train
AEPG,1,train
QGPVGPV,1,train
TINL,0,train
IPGPP,0,train
ARGP,1,train
VGPQG,1,train
KNWYI,0,train
QPGEKGSP,0,train
IGPAG,1,train
IDVAPLDV,0,train
LTISL,0,train
ATGPLGPK,1,train
PQGARGQ,0,train
LVLLALG,0,train
GPVGPPGF,0,train
LVFLL,0,train
GQPGTA,1,train
GPAA,1,train
EN,0,train
APPGARP,1,train
GPPGPP,1,train
GWPGS,0,train
LVLLLLW,0,train
AEGP,1,train
RPGPP,1,train
GARPGV,1,train
GITIPGK,1,train
QQGIMGPR,1,train
NQRPPP,0,train
QGGQAG,0,train
GPIGSAG,1,train
GVPGDLGA,1,train
LPGTKG,1,train
QGPM,1,train
SAKDIFA,0,train
PTDLLE,0,train
PGSPGPDG,1,train
AQGPRGE,1,train
PPPH,0,train
QGAIGSPG,1,train
KGNPGQPG,1,train
PGLG,1,train
SRPG,1,train
EIMSSLKS,0,train
PKKKPP,0,train
IGPP,1,train
AIKVFCN,0,train
VGPPGP,1,train
KGPTG,0,train
GPPGPN,1,train
SGEPG,1,train
GMPGERGA,1,train
PAGQPGDK,1,train
KVLL,0,train
ECCPI,0,train
SGLAGP,1,train
GLAGYPG,0,train
PGLKGNPG,1,train
SMGAPG,0,train
LGAPGPS,1,train
GLKGQ,0,train
FPGGA,1,train
VPGL,1,train
PGVSGGGY,1,train
IAGPPGAR,1,train
SPGNIG,1,train
NFFHGG,0,train
PGAQGP,1,train
PPGPMGMP,1,train
VGPR,1,train
GPVGKH,1,train
LPGSM,0,train
GPIGQMGP,0,train
YGYGPG,1,train
PPGKPQ,1,train
AGRVGPP,1,train
GPQG,1,train
PGPPGLG,0,train
PGIPGT,1,train
DVDV,0,train
GLLGAPGF,1,train
TTGKL,0,train
QARI,0,train
GGPQP,1,train
EPGDK,1,train
AGAKGE,0,train
PGMPGR,1,train
GTRMRGF,0,train
ARGPEG,1,train
HVPGMLL,1,train
GSNEIE,0,train
QEGL,0,train
EGPVGLPG,1,train
VGP,1,train
PSCPEG,0,train
KKG,0,train
GSPGNIGP,1,train
PGLHG,1,train
GSTG,0,train
IDGEA,0,train
DGLPMPG,1,train
PGFG,1,train
QPGPPGPS,1,train
MQEDEAIP,0,train
PPVTCVQ,0,train
QRPPP,0,train
AGPQGL,1,train
ATGPWSL,0,train
GPAGTAGE,1,train
PNG,0,train
MMPFQ,0,train
GPKGAP,0,train
PPPHPGKP,1,train
GLLLF,0,train
GPPGADG,0,train
GTGVGPQA,1,train
EDGHPG,1,train
QGLPGPP,1,train
VTGPKGA,1,train
RIKAYRFV,0,train
PGAGIPG,1,train
GPSG,1,train
PPGPM,1,train
GLPGVAGA,1,train
ECCAVC,0,train
TGPAGPP,0,train
PAKTSA,0,train
GLPGTAG,1,train
QRYN,0,train
NSN,0,train
RGAPGKD,1,train
GVSA,0,train
YGYGP,1,train
AAGR,0,train
SPSVISGK,0,train
SLSA,0,train
AALGPT,1,train
LPGKPGL,1,train
PGVAGPP,1,train
GPPGFVGE,1,train
VCHYAQR,0,train
QPPE,0,train
RPGALL,0,train
GPPGPAGK,1,train
LPG,1,train
GFPGAAGR,1,train
TTKT,0,train
GAPGPLG,1,train
GPRG,1,train
SQEESLF,0,train
GERGPSG,1,train
PGPPGL,0,train
GPPGPAGF,1,train
TQNGQMY,0,train
KNLFF,0,train
MLVVLLT,0,train
KGDPGL,1,train
PGAPGPQG,1,train
VGPPGSNG,1,train
KQGAPG,1,train
PGIA,1,train
ICDEL,0,train
GPSGAS,1,train
LPGAKGL,1,train
PAQPGG,1,train
VGLPGIDG,1,train
LLPTTAL,0,train
KPGRP,1,train
PGDD,1,train
KGNK,0,train
ALRFP,0,train
DDANVV,0,train
ERGAPG,1,train
GQMGPMGA,0,train
GDGGP,1,train
KGLNGPT,1,train
PIGPPGPR,1,train
SKGPTV,1,train
GAGVPGF,1,train
DGEAGK,0,train
LPGG,1,train
LPGQP,1,train
AGARGEPG,1,train
VVPG,1,train
VPEG,0,train
LPGARFP,1,train
PQGPRGDK,1,train
GKPGK,1,train
ERGPPGPQ,1,train
PLGPPG,1,train
PGPPGAA,1,train
RGEVG,0,train
KNFWKISV,0,train
PGPRGRT,1,train
GGVPGV,1,train
KGSPG,1,train
LVVLA,0,train
GLPGLQG,0,train
NWYI,0,train
QKSYE,0,train
APGKNGER,0,train
ISA,0,train
GRPGSP,0,train
KLPAGY,0,train
ALGDIMG,0,train
RLLYA,0,train
LPGSMG,0,train
PRGERGF,0,train
LPGFKG,1,train
NPGQPG,1,train
AGLPGL,1,train
MNMAPITG,0,train
APGKDGEV,1,train
RGSTG,0,train
PLSE,0,train
QAAP,0,train
KGLTG,0,train
PAGPSGP,1,train
KGAAGEPG,1,train
PGAGL,1,train
PPGLQGMP,1,train
FQGVPG,0,train
SSAQGPRE,1,train
NWYISK,0,train
ASGNPG,1,train
GPQGKV,1,train
GPPGRAGE,1,train
GPTGAR,1,train
SVGAAGP,1,train
RKGPTGDR,0,train
MLVVL,0,train
GPAGIRG,1,train
PGEVIQP,1,train
GSKGD,0,train
EAGLPG,0,train
LQGLPG,1,train
AGFAGPPG,1,train
TPTGIK,0,train
EVDATL,0,train
GPKGDPGP,1,train
AVPGPMGP,1,train
GMPGQK,1,train
KSGERGP,1,train
WA,0,train
VPGG,1,train
RGSEGPQG,1,train
GERGE,0,train
GEPGDD,1,train
PPGLAGP,1,train
ERGAPGN,1,train
SPGL,1,train
DGPT,0,train
GLPGTG,1,train
PGIGG,1,train
KGICP,0,train
PGEAGR,1,train
RFTYSV,0,train
GASGP,1,train
PGQKGS,1,train
GEPGLP,1,train
PGLAGAP,1,train
QGLLGAP,0,train
VGGAG,0,train
VI,0,train
QPQGPPPP,0,train
PQNQ,0,train
QKGERGL,0,train
QRDVD,0,train
PGKQ,1,train
ITIPGKPG,1,train
SRLMQ,0,train
EPGT,1,train
GHY,0,train
PWSLIL,0,train
ETMRSPD,0,train
YPGAGL,1,train
INGSPGG,1,train
ALPD,0,train
GPPGPNG,1,train
DGEAG,0,train
GIRGPNG,1,train
GVPGL,1,train
PGLAGLHG,1,train
TGVGPQAA,1,train
PPSPGP,1,train
PGAKGLT,1,train
VSGFPGAD,1,train
KGAAGLPG,1,train
PPVT,0,train
PGIPGTK,1,train
PGERGPP,1,train
YKTT,0,train
ARIAA,0,train
TGISVPG,1,train
VQDGLT,0,train
QPGG,1,train
GERGPS,1,train
GAWGK,0,train
AGLGPRE,1,train
AAGAPG,1,train
GLQGPPG,1,train
GQPGLP,0,train
PGPRGP,1,train
CVPEKG,0,train
TE,0,train
ETGPA,1,train
DVAI,0,train
ANAQCVPG,1,train
GYAPVKYI,0,train
GEQGPKG,0,train
EQGD,0,train
PLLLF,0,train
QGPREE,1,train
RYYRADDA,0,train
FG,0,train
VGISP,0,train
LAGPPGE,1,train
AGIPGARG,0,train
PAGP,1,train
CAPPC,0,train
GAPGPA,1,train
DAGQP,0,train
YIGP,1,train
MRGFIF,0,train
RGRTGPAG,1,train
PGPGI,0,train
RGEPGPP,1,train
VAVP,0,train
RPGVL,0,train
ARGPPGPP,1,train
GPE,1,train
TLTP,0,train
GAVN,0,train
NTTDEII,0,train
FPGAL,1,train
TGTGVGP,1,train
YRF,0,train
GSSFQ,0,train
KGDT,0,train
GTPGL,1,train
TTMP,0,train
VPGQAQ,1,train
GPSGAP,1,train
SGRPGE,0,train
GAPGPQG,1,train
PGNDGAK,1,train
GPKGEKG,0,train
APGKDG,1,train
PFLFC,0,train
PNQR,0,train
AGEPGL,1,train
GIPGP,1,train
PGARFPG,1,train
LLAV,0,train
RGVVGLP,0,train
SVGE,0,train
PCGG,0,train
RPGGVPGA,1,train
YEG,0,train
GNPGADG,1,train
GPVGLP,1,train
AEPGQQG,1,train
QGIMGP,1,train
SGVAV,0,train
CDCSGI,0,train
AASDL,0,train
ETMRSPDG,0,train
DGGE,0,train
GPRGE,1,train
RGAPGK,1,train
AGPPGFP,1,train
ADFGPGP,1,train
MTG,0,train
PII,0,train
GLPGPP,1,train
VPGGVF,1,train
AGPQG,1,train
RYK,0,train
GLPGAR,1,train
CSKKTNE,0,train
AGPPGPP,1,train
AGPPGEA,1,train
GLMGPRG,1,train
DPGS,1,train
AGLPGLHG,1,train
RAAAGL,0,train
GARPGVG,1,train
PGPQGI,1,train
GGPC,1,train
LLANHAS,0,train
SPGPAGP,1,train
PGLKGKRG,1,train
GVGIS,0,train
VPGVGTPA,0,train
PLSSLLL,0,train
DGNPGNDG,0,train
PPGKPQG,1,train
QKGER,0,train
FQGKTGPP,1,train
AGPRGA,1,train
GIPGT,1,train
GGI,0,train
ATW,0,train
AGPAGNP,1,train
VVGPQGP,1,train
APGK,1,train
PSFR,0,train
AGAPGLRG,1,train
IGGADQEI,0,train
FVLIAPE,0,train
GVMQ,0,train
GLGGVPGV,1,train
ICESCPT,0,train
PGER,1,train
NRGFPG,1,train
PAGPP,1,train
QGVQ,0,train
NTKT,0,train
QGPRGL,1,train
PGERGAP,1,train
KDGDTGPT,1,train
QFG,0,train
GGSG,0,train
MGYPPQ,0,train
GYGPG,1,train
VGSRG,0,train
IPGQPG,1,train
GPCCGGV,0,train
GPAGPQGP,1,train
ERGLPGVA,1,train
VWYG,0,train
GEPGRDG,0,train
GPAGPIGS,1,train
TGEVGP,0,train
QIENIRS,0,train
DGGPPGMT,1,train
VPPL,0,train
NIGPAG,1,train
HHL,0,train
ILQPSQPG,1,train
TAIAAL,0,train
SPGPKGD,1,train
WIDP,0,train
PGGKGE,1,train
KTGPPGPA,1,train
RGGAGPP,1,train
FQGP,1,train
PVGLPGID,1,train
PGKEGPPG,1,train
GNVL,0,train
VGLPGV,0,train
APGIGPG,1,train
PPN,0,train
SVGPV,0,train
PGVGPFGG,1,train
FAPQMS,0,train
RADQPRS,0,train
KVPTDEC,0,train
FILA,0,train
PGAGIP,1,train
QGPSGLP,0,train
DGDTGPT,1,train
ELVV,0,train
GQPGPP,1,train
IGPPGER,1,train
KGH,0,train
PPGIN,1,train
GQKGERG,0,train
GPLGPPGQ,1,train
VWYGE,0,train
PGFGAGA,1,train
PVGPS,1,train
PADVA,0,train
LLPL,0,train
PGALV,1,train
RPGR,0,train
TCV,0,train
LINKLWL,0,train
PQPGV,1,train
AGIRGPN,1,train
GFRGVK,0,train
AVPQ,0,train
AGVPGLGV,1,train
KPGTPGPA,0,train
HCKNSIA,0,train
EPGLPGAR,1,train
TGPPGPP,1,train
LGEPGPL,1,train
GIKGE,0,train
GAPGKN,0,train
DKGPR,1,train
KELEC,0,train
LGPGPM,0,train
GGQQPGLP,1,train
GPDGLR,0,train
KNPARN,0,train
LVPGGVA,1,train
APGG,0,train
GPPGEAGK,1,train
PPGKNGSP,0,train
GPAGEK,0,train
GNPGANGL,0,train
APGPA,1,train
ADDAN,0,train
PAGAPGT,1,train
VGLPGQRG,1,train
GKTGP,1,train
QGVT,0,train
PPGPPGSP,1,train
GVAARP,0,train
HVPGTL,1,train
ECHG,0,train
GDQGAPGA,1,train
AVAGL,0,train
LAAGLFL,0,train
GMKGH,0,train
GFPGL,1,train
VGPVG,1,train
GAAGTPG,1,train
GIPV,0,train
LPGKDGE,1,train
FWL,0,train
QPGI,1,train
FPGVG,1,train
EGPAIA,0,train
VLGGLV,0,train
FVDSRLL,0,train
PPGPAGPR,1,train
TAGPPGTP,1,train
PPGPPSA,0,train
AGEAGKPG,1,train
KF,0,train
GDKGEA,0,train
GLQGLPGL,1,train
IESLIS,0,train
GSSGDPGK,0,train
GPEGARG,0,train
DPGPPGI,1,train
ASGPA,1,train
PAKT,0,train
QPGSPGSP,1,train
TL,0,train
VPGQAQVK,1,train
KPGAQ,1,train
GEAGRPG,1,train
GEPGRD,0,train
GAQG,0,train
VPGVGV,1,train
PGSPGS,1,train
EDE,0,train
SQEES,0,train
PYTTGKL,0,train
QGEY,0,train
PGPM,1,train
SFM,0,train
PGLAGPPG,1,train
LAFM,0,train
GNRR,0,train
GGPPGV,1,train
GLPGF,1,train
LLLTLLLL,0,train
SAQRVGP,1,train
IGPVG,1,train
KGSKGE,0,train
PAGPQGPR,1,train
PGAQGLQ,1,train
SAGPPG,1,train
GPAGEP,1,train
GPPSNTK,0,train
QEVRRGPR,1,train
VGPKGP,1,train
LVPGG,1,train
GPAGP,1,train
GERGQPGI,0,train
APGN,1,train
KLDVPC,0,train
LAQIRGPP,1,train
LAGPPGMP,1,train
GELGPV,1,train
HPGPPGE,1,train
FDGDFY,0,train
SNVL,0,train
RGLPGV,1,train
TLGSCL,0,train
VAGAAG,0,train
AVGFS,0,train
VFYPGA,1,train
LPGVAGSV,1,train
LGGNFA,0,train
FLYMCS,0,train
KGVC,0,train
GLQGPPGP,1,train
PGPMGLM,1,train
QGPAG,1,train
KYGGP,1,train
GPPSGG,1,train
EQQSQGHG,0,train
GPQGVKGE,1,train
VGIPGGVV,1,train
CCGGV,0,train
GLPGQPG,1,train
TGGVPG,0,train
AGPAGE,1,train
AGPI,1,train
PQGIRGDK,0,train
RAQPED,0,train
LPGERGR,1,train
GPQGPTG,1,train
GDAGPQG,1,train
RLLAQK,0,train
VCQ,0,train
GPAGFTG,0,train
PQGKVGPS,1,train
PPGPQGVK,1,train
RGLPGP,1,train
KSLATGPW,0,train
LVR,0,train
RGPVG,0,train
LISGKPEG,0,train
ISVP,0,train
ATGPG,0,train
ASP,0,train
AQA,0,train
PRGSPG,0,train
PPGPPP,0,train
FSGLQGPP,1,train
PMGHQG,0,train
VVGVPGAG,1,train
AAAP,0,train
SAGKAG,0,train
RFP,0,train
PQPG,1,train
DGGEY,0,train
TGPPGPAG,1,train
MANW,0,train
IGPPGERG,1,train
IWKP,0,train
TSGHP,0,train
AARRPE,0,train
IGPPGPRG,1,train
PGSPGIS,0,train
GEPGPL,1,train
PEGPGFC,0,train
AIPGI,1,train
DGLPGP,1,train
FGFI,0,train
YLR,0,train
RGEPGPQ,1,train
GIPGLKG,1,train
GSNGA,0,train
PQGFQGP,1,train
IPGR,0,train
PGLQGNP,0,train
GPAGQPG,1,train
QDCSGSC,0,train
GPRGETG,1,train
PNTK,0,train
QIC,0,train
LGSCLQR,0,train
AGSDGLPG,1,train
NGNPGPP,1,train
GLPGQPGT,1,train
GPQNY,1,train
GTLTP,0,train
DGEAGA,0,train
PGIPGQPG,1,train
GPVGLPG,1,train
QFGLVPGV,1,train
LFLIS,0,train
EFEQRI,0,train
MFSFVDLR,0,train
PGPPGPQ,1,train
FHNLPSGV,0,train
PPGTP,1,train
PGPPGIVI,1,train
SGPAGARG,1,train
GGPP,1,train
PMEMAA,0,train
PGPPAVMP,1,train
QFFIP,0,train
QPGR,0,train
GAPGLQGM,1,train
RGLPGVA,1,train
PPGLQG,1,train
LPGPPG,1,train
YSDK,0,train
PQGPPGP,1,train
CLAQLRGP,1,train
GSVGEPG,1,train
QGCN,0,train
PGPAGPR,1,train
FSTGETC,0,train
PGDL,1,train
PPGVA,1,train
PAGPT,1,train
QLLPG,1,train
PLSS,0,train
GRDGNPGS,0,train
PPGFKGH,0,train
KPDVC,0,train
HVPGM,1,train
ITIPGKP,1,train
RSQPS,0,train
NSRFTYT,0,train
SPGKD,1,train
GIPVVP,0,train
EESPSV,0,train
PGMKG,1,train
GETGPQ,1,train
PGKDGT,1,train
DGVKTPHA,0,train
SAFAG,0,train
GTKGLPG,1,train
VFYPG,1,train
SLPGPS,1,train
PGNVGNPG,1,train
APGAVGPA,1,train
AAGPAGNP,1,train
SGPPGKDG,1,train
TGRPGD,1,train
RGPPG,1,train
GQPGSP,1,train
GLAP,0,train
VGAPG,1,train
SGLD,0,train
GLVPGV,1,train
RLLL,0,train
PGLNG,1,train
GPAGAPGT,1,train
TQY,0,train
GSPGISP,0,train
AGSVG,0,train
PGANG,0,train
GPRGPV,0,train
GIAGPRG,0,train
VPGALA,1,train
GGVPGAIP,1,train
KLE,0,train
PGILGLPG,1,train
ETGAVGAP,0,train
LTPLS,0,train
GLPGFK,1,train
GETGE,0,train
LLGV,0,train
PGDDG,1,train
YRGEPGE,1,train
YWLSTPAL,0,train
GSKLI,0,train
KPPTYEP,0,train
AAALGPT,1,train
TASPR,0,train
CSGVKG,0,train
EPGL,1,train
VYC,0,train
GAPGLRGG,1,train
GPPGAA,1,train
SGPS,1,train
PPGMPG,0,train
PGTKGERG,0,train
AAGLV,0,train
GEEGKEGR,0,train
PGKPQG,1,train
VFPKINHG,0,train
QMKRPL,0,train
CGPRASSG,1,train
RGLPGADG,0,train
PTGIK,0,train
ESGA,0,train
PGNDGAKG,1,train
LDGLPGL,1,train
GPNGGG,1,train
SAQRVGPQ,1,train
KPGKSG,1,train
GPQGVRG,1,train
PGFP,1,train
RPGVG,1,train
AGPTG,1,train
LPGKDGDT,1,train
TML,0,train
SFVQC,0,train
SVCHCVPE,0,train
RGLTGP,1,train
QGPA,1,train
PTGDRG,0,train
LMPM,0,train
KAQVGAG,0,train
RTGP,1,train
RNS,0,train
MNMAP,0,train
GGLVP,0,train
GPAGPAGG,1,train
PGQK,1,train
QTW,0,train
LGPGP,0,train
LQPSQPGG,1,train
LECHGRG,0,train
AVGPAGKD,1,train
ANSISNG,0,train
GPRGM,0,train
RGSV,0,train
AGPKGAD,1,train
RGLPGVAG,1,train
VGPVGP,0,train
GPPGHA,1,train
GPRASS,1,train
PGSPGI,0,train
PGGPG,1,train
YYYE,0,train
ATGFPG,1,train
ALGPTT,1,train
PGPPGVV,1,train
GIMGP,1,train
EHYS,0,train
PGTPGL,1,train
GEL,0,train
GETGPP,1,train
TFPGA,1,train
SSDP,0,train
QRGAPG,1,train
PGPMGP,1,train
GSGGGGG,0,train
GVVSPE,0,train
RDRDL,0,train
KVSA,0,train
ETGPPG,1,train
AAGTP,0,train
PGMTGFPG,1,train
AGATG,0,train
VGPAGPI,1,train
QPRPP,0,train
DKGEPGGP,1,train
GKDGTS,0,train
QPGPPG,1,train
VRDRDL,0,train
VGQPG,1,train
KGEKGNPG,1,train
HKNL,0,train
IGLLLFSS,0,train
EEGKEGR,0,train
GPM,1,train
IGGEK,0,train
RRGKP,0,train
PSGEAG,0,train
VPGGI,1,train
QIPF,0,train
PLVSAN,0,train
PGHLT,1,train
LSQQI,0,train
GQPGSPG,1,train
APGE,1,train
NME,0,train
GPPGPA,1,train
IPGAKGS,1,train
VL,0,train
GVGGIPGV,0,train
PSGPPGKD,1,train
KGET,0,train
LQGPR,1,train
PGTQ,1,train
AGEKG,0,train
RDGEP,0,train
KPGKS,1,train
PERKP,0,train
GAPGPSGA,1,train
SPGSPGPP,1,train
KPPH,0,train
IALRG,0,train
GPPGSPGP,1,train
GRDQRA,0,train
PGQPGIK,1,train
QGPPSP,1,train
PGPPGSPG,1,train
GAVGE,0,train
TGPPGPS,1,train
PGRAGLY,1,train
KYI,0,train
TFSVV,0,train
LSFVDT,0,train
GPPSAGF,1,train
GIGPGG,1,train
GANGA,0,train
GPLGPPG,1,train
PGQPG,1,train
GGGAL,0,train
GLTGRPG,1,train
ETGAVGA,0,train
PGHKGER,0,train
KGEPGDK,1,train
LPEQSSA,0,train
KDGVR,0,train
NQEP,0,train
QALA,0,train
GAIGP,1,train
GPAGARGI,1,train
FPGPKGPS,0,train
PGAGIPV,0,train
MGVM,0,train
GERGPP,1,train
GPTGAA,1,train
AGSAG,0,train
ARFPGVGV,1,train
DGPSG,1,train
PAGPRGPA,1,train
GLPGGVP,0,train
PPGT,1,train
KGPTVS,1,train
GTRMRGFI,0,train
IKGHRG,0,train
PSLRPKDY,0,train
VAGA,0,train
GPPGNMG,1,train
KGPRGLP,1,train
GSKKHP,0,train
RPGG,1,train
GIPGPVGA,1,train
DKGE,0,train
TGPIGP,1,train
SQPGGV,1,train
KSAEPG,1,train
GARGPA,1,train
GKGER,0,train
PGKS,1,train
ETG,0,train
PGIP,1,train
EKGNKG,0,train
EPGVSGP,0,train
CGGRDCS,0,train
SSRSPPGK,1,train
GPAGAAGP,1,train
CHHLLL,0,train
DIAPLDI,0,train
PAQPGGVP,1,train
GRPGPP,1,train
GVVGLPGQ,1,train
GPEGA,1,train
HRLLLF,0,train
PGTPSVDH,1,train
CPGT,0,train
AGLEGP,1,train
AGPIGPV,1,train
PLQYM,0,train
AAGLVPGG,1,train
APGPAGP,0,train
QGPVGRT,0,train
EIIRDA,0,train
IGPSG,1,train
GLLWM,0,train
QGPQGPKG,1,train
VGR,0,train
PGSNGAP,0,train
IAVHSQTT,0,train
VPGAGIPG,1,train
QPGL,1,train
GGVGIPG,1,train
LEKIISR,0,train
GGVLPGAR,1,train
LPGPSGEP,0,train
GITGP,1,train
SVSFY,0,train
GPPAV,1,train
HGP,1,train
YAAVI,0,train
AGPPGP,1,train
PGPQGLA,1,train
AAV,0,train
QSGGLKGP,1,train
VLGGAG,0,train
QGIMGPR,1,train
FGAQG,0,train
PGLAGH,1,train
QLRGP,1,train
ETGPP,1,train
KGSPGEA,1,train
GETGPQG,1,train
SQQEGLK,0,train
ARAPPG,1,train
GVMQGPMG,1,train
LGQREK,0,train
MGPIG,0,train
KGPRGL,1,train
PSGARG,0,train
FGGPQP,1,train
TGSPGSP,1,train
KGAAGEP,0,train
GAPGAP,1,train
VPLIDFL,0,train
RGIVGLPG,1,train
KDGP,1,train
CQLGPD,1,train
PWSLIF,0,train
FYPGAGLG,1,train
AGSKGE,0,train
GARGPPGF,0,train
GGYDFS,0,train
GETGPA,1,train
PSGNAGPP,1,train
AGPPGN,0,train
ARGPA,1,train
RVGDRGP,0,train
GPMGMPG,1,train
PPGEKGEP,1,train
ARGQPG,1,train
PQGPP,1,train
AGTK,0,train
GLPGERG,1,train
GFITPD,0,train
ADLA,0,train
AGPKGSPG,1,train
GPIG,1,train
GDPGRP,1,train
ATI,0,train
VMVSPE,0,train
PGMNGQ,0,train
EG,0,train
PPGGS,1,train
GQKGEPG,1,train
EGPPGKT,1,train
SCPS,0,train
SSIFF,0,train
GYPGN,0,train
PPGVSG,1,train
LVLP,0,train
SQTTDIPP,0,train
QSPPGKP,1,train
QEVRRGP,1,train
AGY,0,train
VPGA,1,train
PGPSGK,1,train
PSQPGG,1,train
PPGHLTA,1,train
EKF,0,train
GAEGPPGP,1,train
AAGFPG,0,train
RGETGPAG,1,train
DGPSGAE,1,train
SPPGK,1,train
RGVV,0,train
RPGV,1,train
FSFLP,0,train
LGGG,0,train
GLKGD,0,train
PGLDGAK,0,train
VGARGPA,1,train
PPGRA,1,train
GSKGP,1,train
YYLRNG,0,train
PAGN,0,train
PAGIRGPN,1,train
GPPGFV,1,train
MGLMGP,1,train
PGLVGPRG,1,train
PGSPGEQG,0,train
AGVLG,0,train
GGIAGVGT,0,train
AGPQ,1,train
GASGPPG,1,train
AGIPGL,1,train
AET,0,train
GPAGPP,1,train
APGW,1,train
PGEQGVPG,1,train
PPGPQGAT,0,train
VGPIGPP,1,train
PGFCPQ,0,train
SPGS,1,train
GPI,1,train
SGLPG,1,train
RGPEGAQ,1,train
QDCS,0,train
GPPGPPSG,1,train
PVTCVQN,0,train
RSSRSPPG,1,train
PGRAGEP,1,train
GLSAGL,0,train
SGPSGL,1,train
MPGQK,1,train
KTDPGV,0,train
GTGGV,0,train
AGGAQM,0,train
PGPIG,1,train
FYK,0,train
PTGTGV,0,train
PPGPN,1,train
PGVGGLGV,1,train
ERGGPG,0,train
GDKGER,0,train
PPGIPGR,0,train
PGQKGE,1,train
ITGPPGP,1,train
QGPPGE,1,train
GPIGPAGA,1,train
LHGP,1,train
TGPLG,1,train
GDPGPPG,1,train
KGEPGDKG,1,train
QDARKLGP,1,train
PGRDG,1,train
ERGPAGLP,0,train
VKGESGK,0,train
AIPGG,1,train
RPGERG,1,train
VRGPNG,0,train
LTKSL,0,train
APGADG,1,train
ANH,0,train
GEPGKAG,1,train
PGSPGNI,1,train
GMPVSAF,0,train
NFAAQM,0,train
KNL,0,train
GEPGLQ,1,train
DKGH,0,train
GSPAPP,0,train
RGPRGE,0,train
KAYR,0,train
TSLPGPSG,1,train
PTGPPGPP,0,train
DRGDKGE,0,train
PEGAR,0,train
SGPRGPP,0,train
GPTVSA,1,train
PKGIPG,0,train
IMSSLKS,0,train
GPTGAAG,1,train
SQGSQ,0,train
DDGIP,0,train
QGPKGDPG,1,train
GPAGRPG,1,train
PGPAGTAG,1,train
LPE,0,train
LEGPP,1,train
KVERLLA,0,train
RVGLPG,1,train
SRNDYS,0,train
LLAAGA,0,train
PGNIGPA,1,train
RGAPGNR,1,train
YDGCTSHT,0,train
EPGEPGL,1,train
QGPKGD,1,train
GPAGIR,1,train
PIGPAGAR,1,train
RHS,0,train
SLLLL,0,train
EVH,0,train
GEPGI,1,train
GPPGMT,1,train
GNAVAG,0,train
MKSS,0,train
ISVPG,1,train
DKGEAGP,0,train
PGND,1,train
PGM,1,train
SNDV,0,train
SVCH,0,train
CGK,0,train
GQIESL,0,train
VLP,0,train
GLEGP,1,train
VGPSGKDG,1,train
GDRGPRGE,0,train
IWSEVH,0,train
RGIKGHR,0,train
EGPPGPQG,1,train
KGLPG,1,train
VPGDLGA,1,train
MGPRGF,0,train
HVPGT,1,train
GNRGERG,0,train
KGFRGV,0,train
PGLNGM,1,train
TGPLGP,1,train
GQPGAPGV,0,train
GPIGPPG,1,train
VRGLTGP,1,train
GIRGDK,0,train
LEGPPG,1,train
TAPTRPPN,0,train
GPAGPPGS,0,train
ILQGSN,0,train
NSNSN,0,train
QSARAPPG,1,train
KFVAYA,0,train
IAAPEV,0,train
QRGETGF,0,train
VPPR,0,train
EGGF,0,train
GGGAA,0,train
RLP,0,train
RNEPK,0,train
QGVQGGK,0,train
VGAGVPG,1,train
AGNAG,0,train
QGPRG,1,train
GPAGQQG,1,train
QPGH,0,train
RGETGPPG,1,train
SLRPKDY,0,train
VGPI,1,train
GLPGLKGK,1,train
AGNPGAD,1,train
GHPGQRGE,0,train
VPGAVP,1,train
ACTQH,0,train
IPGHPGQ,0,train
EVST,0,train
RYKDKDVW,0,train
RVGPPG,1,train
SGPKG,0,train
FGSLN,0,train
AGPKGE,0,train
HGYS,0,train
PGPAGPT,1,train
PERK,0,train
LLLLLLW,0,train
PPGPRGH,0,train
PGPKGEVG,1,train
KGLKGQ,0,train
LSTP,0,train
PPGPQG,1,train
QGPKGEPG,0,train
RGSNGIK,0,train
VPGDL,1,train
GPPGPS,1,train
ARPGF,1,train
GITK,0,train
GCQC,0,train
SNGG,0,train
GPPSA,1,train
PGEAGRP,1,train
LRN,0,train
PMGPPGLA,1,train
PPGFVGEK,1,train
PGSPGE,1,train
KGEPGG,1,train
GKDGPKG,1,train
ERGQPGI,0,train
GPPGEKGE,1,train
DPLQ,0,train
PPGERG,1,train
PGAVGQ,1,train
TGLRGDI,0,train
MDEET,0,train
QQEGNNP,0,train
AAGLPGV,1,train
GVAARPGF,1,train
PPGPPGHL,1,train
APGRPG,1,train
GGVPGAV,1,train
GRTGDA,0,train
QGPQGPR,1,train
DTGPPG,0,train
KDGAPGRP,1,train
LPEH,0,train
TGLRG,0,train
PQPGA,0,train
GNNPQGPP,0,train
GNIGPAG,1,train
HTGDSGAP,0,train
HAGPSGG,1,train
GAAGT,0,train
AQIRGPP,1,train
ELGPVGNP,1,train
LLLSILH,0,train
TKGE,0,train
CCAL,0,train
AEYYRADQ,0,train
GPSGKDGA,1,train
LPGLKGK,1,train
AGLPGMKG,1,train
EPG,1,train
MKQRAA,0,train
EKVE,0,train
IHNGLR,0,train
TGVG,0,train
GPDG,1,train
QPGPAGP,0,train
PGYQ,1,train
SGSPAT,0,train
GKVGP,1,train
VPGLGV,1,train
YGARPGVG,1,train
APGASGD,0,train
GPPGLT,1,train
GDLGAPGP,1,train
GPPSPPG,1,train
QPGAVG,0,train
RPGDAGPQ,0,train
KKTNE,0,train
PYYED,0,train
KYRGEPG,1,train
GPIGPQ,1,train
GPPGAP,1,train
RGIPGPV,1,train
TPGPQ,1,train
PKGSPGE,1,train
GAKGLT,0,train
PVGARG,0,train
EGPPGKTG,1,train
GGNKP,0,train
LAA,0,train
RM,0,train
FSFVDLR,0,train
LSVL,0,train
QRFTTM,0,train
VIQP,0,train
ADGSPG,1,train
VGAGAF,0,train
GPSGLPGE,1,train
ILQGSNDV,0,train
AVASV,0,train
AGIPVVPG,0,train
KPGERG,0,train
VIGTGPL,1,train
KVGPSGAP,1,train
SYWLST,0,train
GVRGEPG,1,train
KDGEVGP,1,train
PGPQGLL,1,train
IGPGGVA,1,train
GDKPKK,0,train
YSF,0,train
RVGPQGP,1,train
TSLPGP,1,train
PRFL,0,train
CIRA,0,train
TQP,0,train
PGKDGVRG,1,train
VELV,0,train
KDGLNGL,0,train
GPGFP,0,train
PPGLDGL,1,train
AQRVGP,1,train
PEDIPVK,0,train
DKP,0,train
GPEGPP,0,train
KWFD,0,train
MPQPPE,0,train
SNGNPGPP,1,train
QCFCDGA,0,train
GAGVPGV,1,train
GAIPGGVP,1,train
LQGPPG,1,train
DAGAPGPQ,1,train
EGSKGPRG,1,train
PRGPAGPS,1,train
GNPGAN,0,train
RPGEPGLP,1,train
GPVGI,1,train
PGVGVGG,0,train
AGKPGRP,0,train
FMRLL,0,train
LPDGV,0,train
GPPL,0,train
GEKGEPGD,1,train
GNF,0,train
PGKTGPI,1,train
IDPNQ,0,train
GVRGSQG,0,train
PGEA,1,train
KTGPPGP,1,train
GKLPYGYG,0,train
GLNGPT,1,train
PGAAGHQG,1,train
FIT,0,train
GALGGVG,0,train
RDGQPG,0,train
GDFYRADQ,0,train
SGPPGR,1,train
FPGVGV,1,train
AGVAVPG,1,train
EEIMSS,0,train
PPGPV,1,train
QVGAGAFA,0,train
VVPGAGIP,1,train
TQYFIPY,0,train
APGTAG,0,train
GDGGEY,0,train
GPAGQDG,1,train
GFPGSPG,1,train
PGKDGDT,1,train
VPGEAG,0,train
PPGMTGFP,1,train
DGEVGPSG,1,train
PGQRGE,1,train
PLLLL,0,train
PGAIG,1,train
SSIF,0,train
PDMGLG,0,train
KLWLLL,0,train
PMGA,0,train
PGTKGEKG,1,train
LRAAA,0,train
PVVPGAG,1,train
PGPMGL,1,train
SGLPGE,1,train
PETL,0,train
YGEE,0,train
GVPGVGGL,1,train
TGN,0,train
PPGPSGKD,1,train
SPGPAGQ,1,train
QGPPS,1,train
LGGVAAR,0,train
RGIPG,1,train
SAGAPGI,1,train
AGLCL,0,train
AGLPGAKG,1,train
SPEAAAKA,0,train
GMPVSA,0,train
PGPVGS,0,train
PRGLPGT,1,train
EPGKAGE,1,train
GPNGGGYE,1,train
LLLSSPL,0,train
GPPGSNG,1,train
ETGPAGRP,1,train
GEKGTKGP,0,train
GTPGTDGP,0,train
AGPV,0,train
ARPGFG,1,train
YKTTKTS,0,train
GPQGKVGP,1,train
GPSGGG,1,train
YSLLLLL,0,train
IPGVGPF,1,train
PSGG,0,train
DAEV,0,train
DFKINT,0,train
QGAR,0,train
LPGQPGT,1,train
RVGP,1,train
GAGIGG,0,train
EAGPTG,1,train
PQLSYG,0,train
GPPGAQ,0,train
VGPAGPIG,1,train
SLFVL,0,train
GDIGDTIN,0,train
SGETGP,1,train
VGAVNVLM,0,train
KSAGISVP,0,train
KYGAAVP,0,train
GRDGEPG,0,train
GPQN,1,train
KGDRGE,0,train
CGPRASS,1,train
GVLLILLL,0,train
GPPGRAG,1,train
TIAAA,0,train
GPPGIP,0,train
PGNVGN,1,train
QGPS,1,train
GQPGIK,1,train
QRAV,0,train
GAPGPQGF,1,train
GADEGVR,0,train
CHRLLLF,0,train
QRGVVGLP,0,train
PATGTR,0,train
LRGDPGSH,1,train
GENGSP,0,train
GAIGSPGP,1,train
VIEY,0,train
GPPGAIGP,1,train
DIGD,0,train
AGAPGPQ,1,train
AGEPGLQ,1,train
EGV,0,train
FLGLPGSR,1,train
TTLKS,0,train
SPGP,1,train
GAEGPPG,1,train
EGGPPGV,1,train
RGPE,1,train
GPC,1,train
IISRCQ,0,train
LVDGCSK,0,train
FGGPQPG,1,train
RTGPAG,1,train
PPGPSGK,1,train
RPGFGL,1,train
IPPVT,0,train
GPPGFVG,1,train
KPGLPG,0,train
AVPGPM,1,train
NKGEPGAV,1,train
GLVPGGPG,1,train
EII,0,train
CPPSPA,0,train
NPGQP,1,train
PGLQGMPG,1,train
YMC,0,train
LPYGFGPG,0,train
HATLKSL,0,train
SVGEPGPL,1,train
PGSAG,0,train
PGPPSGGF,1,train
GVPGVGV,1,train
KTC,0,train
AGAPGFP,1,train
RARGI,0,train
PGQQGIMG,1,train
HPGP,1,train
RGSPGAQG,1,train
ARGPEGA,1,train
PGFQGLP,1,train
KCDC,0,train
ASGAPG,0,train
MGMPG,1,train
VGPVGPP,0,train
DFGP,1,train
APGPSGF,1,train
GRRGDP,0,train
AGQDGRPG,1,train
TVQS,0,train
AGVG,0,train
FPGAAGR,1,train
PEVI,0,train
SGIAGPPG,1,train
DGGPP,1,train
PPGA,1,train
AGPSGPAG,1,train
PPAQ,0,train
QGPREEL,1,train
PGPRGRS,1,train
ASAAPL,0,train
GPQAAAAA,1,train
TGPGGD,0,train
PGGK,1,train
PGGDKG,0,train
PGLN,1,train
AGPPGF,1,train
VRAAS,0,train
AGPIGPVG,1,train
AGVPGVG,1,train
SGLQGP,1,train
EPGGVGP,0,train
PGLAGA,1,train
PQIPQ,0,train
PGERGPS,1,train
ACA,0,train
ARTAPRPQ,0,train
GVKGDR,0,train
GLRQH,0,train
QGPAGP,1,train
QGWPGSN,0,train
GPQPGV,1,train
TQLAFM,0,train
PEA,0,train
GEAGPTG,1,train
SINNQIE,0,train
AGVPGFG,1,train
LTGSPG,1,train
VAYSAVA,0,train
GLNGLPG,1,train
QLLPGTQA,1,train
PPLLL,0,train
GVVGPQGP,1,train
SPGAD,0,train
GPAGE,1,train
RILL,0,train
RGEPG,1,train
LCF,0,train
VGVPGAGV,1,train
GPLGIAGI,1,train
GPPSGGY,1,train
DSGRPG,0,train
PGPAGQPG,1,train
GPAGARG,1,train
GVGPF,1,train
DGLPGLKG,1,train
PGPMGPR,1,train
LQLLG,0,train
GPPGAPG,1,train
EGPVG,1,train
PGLHGP,1,train
VKGER,0,train
SAG,0,train
KTGPP,1,train
QGPRGE,1,train
PRGPSGPQ,0,train
PGPSGDQG,1,train
GLRGDPG,1,train
DGNNGAQ,0,train
KYRGEPGE,1,train
AGPTGARG,1,train
APPS,0,train
KKFDV,0,train
IVGPKGPP,1,train
AGIPGA,1,train
MGPMGP,0,train
PSSPR,0,train
GNK,0,train
INGGTQFE,0,train
SQTTDIP,0,train
PSTP,0,train
GLVGP,1,train
GPAGAVG,0,train
LGVGGLG,0,train
KEGPPG,1,train
PGSPGPP,1,train
PQNQEP,0,train
AAVPQPGV,0,train
EPGDIK,1,train
QEGLPGKD,1,train
MGMPGQ,1,train
GPNG,1,train
GEPGD,1,train
FPS,0,train
INGSPGGK,1,train
ASRNDYSY,0,train
IIG,0,train
PGTAGLP,1,train
RGLPGK,1,train
QGEKGE,0,train
TAGLPG,1,train
PFRY,0,train
APRPGAP,0,train
VCEG,0,train
FQGLPGP,1,train
FQFEYG,0,train
QGVRGEP,0,train
FISLASL,0,train
VLPGAR,1,train
LPGSR,1,train
PGPSGAR,1,train
PGLK,1,train
VSAGAVV,0,train
EPGDKG,1,train
AQMG,0,train
GVPGLG,1,train
PTGPPGFP,0,train
TYN,0,train
FVDLRS,0,train
GTPGLQ,1,train
GSAGKA,0,train
GARGLPG,1,train
GLPGAKGL,1,train
FRKPIP,0,train
GAVGQPGP,1,train
GEPGEPG,1,train
FQGN,0,train
YGAAVPG,1,train
YGSYG,0,train
PPGSPGP,1,train
SRLSLLG,0,train
GPKGAAGE,1,train
GPPGARG,1,train
GTPGPAG,0,train
PEGE,0,train
AAGPAG,1,train
PRGPR,0,train
GPWVSA,1,train
GSVKWFD,0,train
PPGATGF,1,train
PGINGSPG,1,train
HRAAYDY,0,train
VPGLGVGA,1,train
VEGV,0,train
ADGVPG,0,train
PKGDPGP,1,train
GP,1,train
APGR,1,train
PPPSG,0,train
EGPQ,1,train
PGERGET,0,train
LAQLRGP,1,train
PGEKGEPG,1,train
PYGYGPG,1,train
KDGPK,1,train
GRVGP,1,train
PAGSPGF,0,train
VPGGLAGA,1,train
GVGVPGA,0,train
LGSPGP,1,train
GVPGDL,1,train
KTGPIGPQ,1,train
QMGVMQGP,1,train
GVSGFPG,1,train
PGGVAG,1,train
GPRGNRG,0,train
SPGYQ,1,train
NAGVP,0,train
IGQMG,0,train
SPATWT,0,train
PAGPPGE,1,train
VAGAPGL,0,train
GAPGPPGS,0,train
AIK,0,train
GARGEPG,1,train
GPPGF,1,train
PGLTGPA,1,train
YNDKDV,0,train
AGGFPGF,0,train
PTRPP,0,train
AAAG,0,train
PPGGGPP,0,train
PPGNM,1,train
VPGFG,1,train
HATLK,0,train
APGNDGA,1,train
EIFG,0,train
QDCSGSCQ,0,train
FGLPGP,0,train
IPPQIPP,0,train
GLWL,0,train
AGPPGS,0,train
AGD,0,train
KLSTLF,0,train
GNQPQG,0,train
YLPPPVT,0,train
PQGVR,0,train
QPGIKGDR,1,train
ERGP,1,train
GKPLK,0,train
WKPEVCLI,0,train
AQIRGPPG,1,train
KDGID,0,train
GPRGFPGS,1,train
GENGTPG,0,train
GADQEI,0,train
GPPGQK,1,train
IAIAVHS,0,train
RLAILA,0,train
IQP,0,train
SCVQHG,0,train
ARGPPGNV,1,train
GPSGEAG,0,train
PGVGTPAA,1,train
PKGPP,1,train
PGTTG,0,train
DGDFY,0,train
AGFAGP,1,train
SAGPP,1,train
CSVCQCFP,0,train
PVGPP,1,train
GPPGN,1,train
GVGVPGL,1,train
GPPSAG,1,train
PGEAGKPG,1,train
LEC,0,train
IKAP,0,train
PPQLLQ,0,train
GAAVP,0,train
PPGPAGK,1,train
GHNGE,0,train
KGEPG,1,train
EDF,0,train
ALAAAKA,0,train
IPSCPEG,0,train
GEGGKPGD,0,train
EAGR,0,train
QGLPGQPG,1,train
GGGGYGG,0,train
LPGLAGL,1,train
RGPT,0,train
IKAPKLPG,1,train
PGEVIQ,1,train
AGARGIQ,0,train
EGEPGRP,0,train
RIKAY,0,train
RGEPGE,1,train
LPGK,1,train
QEYAD,0,train
PGDAGP,1,train
GFCPQRT,0,train
LYHGYS,0,train
VDL,0,train
IDGRPGP,1,train
SGEPGKQ,1,train
ALGPTTE,1,train
AGLGQRE,0,train
PGYQGPP,1,train
KFGAG,0,train
GVAVPGPM,1,train
LGGVP,0,train
PMGPPGP,0,train
GPEGAQG,1,train
QDGRPG,1,train
CAVCE,0,train
AVGE,0,train
PLP,0,train
KTM,0,train
GPPGV,1,train
GLTGPI,1,train
GPKGDKG,1,train
LREKL,0,train
GFPGLPG,0,train
PPGKAGED,1,train
PQGP,1,train
GPREELQ,1,train
GLGVGAG,0,train
IDGVKT,0,train
GHAGPS,1,train
LPGTQ,1,train
GPPGI,1,train
GLTGPIGP,1,train
PGQEGLP,1,train
AAGP,1,train
GKPGKS,1,train
GMTG,0,train
AGAF,0,train
APRPGV,0,train
AGSAGK,0,train
GQPGDKG,1,train
AVC,0,train
RCSR,0,train
LLTLL,0,train
GIQGPQ,1,train
AVNVLM,0,train
LPGKDG,1,train
QGPPGPTG,1,train
GHPGKPG,1,train
SAESSS,0,train
GGYGG,0,train
GARGPEGA,1,train
QPGD,1,train
GFPGSP,1,train
GAKGEKGT,0,train
ALMPM,0,train
VICDELKD,0,train
PPGPSGD,1,train
PIYGA,0,train
LHYSLL,0,train
GKC,0,train
WKPEPCQI,0,train
GPSGPP,1,train
TPGNPGPP,0,train
LTGSPGS,1,train
GEPGG,1,train
EPGA,1,train
AGPPGA,1,train
RNSKAK,0,train
GAAGPAGN,1,train
DYCEHY,0,train
VSFY,0,train
KDGG,0,train
LQYM,0,train
SGITGPP,1,train
YESR,0,train
SPPG,1,train
LHPAQPGG,1,train
FQGKTGP,1,train
DLG,0,train
ERGPS,1,train
AGVPG,1,train
CGPRVSS,1,train
ALGPGGK,1,train
VSWAP,0,train
QETT,0,train
PGI,1,train
PGRAG,1,train
VGKE,0,train
IGPVGAR,1,train
AFAGLGP,1,train
KGANGDPG,1,train
HV,0,train
PGPPGING,1,train
GALGPGGK,1,train
RDLKF,0,train
HTRWK,0,train
IPGAK,1,train
FPGLP,1,train
AGPRA,0,train
GKGDS,0,train
AQIENI,0,train
GPGIDMSA,1,train
GPSGDQGA,1,train
SGPPGKD,1,train
HPAQPGG,1,train
GEKGNPGQ,1,train
LFFLC,0,train
GPVGA,1,train
GPTVSAQE,1,train
GLPGLKGN,1,train
GMPGERG,1,train
KGLNGP,1,train
GLGGL,0,train
GATGPLGP,0,train
VKHYN,0,train
NGEK,0,train
GRGLTG,0,train
PPGARGP,1,train
VICD,0,train
GLMGPR,1,train
AQGPP,1,train
GYQGPPG,1,train
PGQKGEKG,1,train
GQKGEPGD,1,train
PPGEKGE,1,train
GKSGERGP,1,train
GVPGLGGN,0,train
EKGEKGVP,0,train
PAGPIGS,1,train
GPSGLPG,1,train
QRND,0,train
GGGYD,0,train
ADQAAG,0,train
PGAKGAAG,1,train
PGLRGLP,1,train
RGETGPP,1,train
IAGAPG,1,train
GPPGPRGR,1,train
GPSGEP,1,train
GPAGIA,1,train
SGNAGPP,1,train
GDGEG,0,train
EGARGP,0,train
GGPKGEK,0,train
SGGFDFS,0,train
VGEPG,1,train
EGTT,0,train
GQTGEPGI,1,train
TIAA,0,train
GAAGP,1,train
FTTMPFLF,0,train
PGVPLGYP,1,train
MGGY,0,train
HP,0,train
AGIKGHRG,0,train
PGPMGMP,1,train
GEPGPPGP,1,train
QLLG,0,train
KDGLNGLP,0,train
KHSQTDQ,0,train
ERKP,0,train
EPGP,1,train
GVQAAYES,0,train
EPGGKGE,0,train
GPPP,1,train
LGPDGL,1,train
SQQ,0,train
SGPSGLP,1,train
GPPGPPGP,1,train
SSRLRI,0,train
EPGEPGLV,1,train
PSNTKT,0,train
GPQNYSP,1,train
DGSKKH,0,train
PGPPGPPA,1,train
FLGLPG,1,train
GSCLQ,0,train
PMGPRG,1,train
TMMG,0,train
CVFVAL,0,train
LPGID,1,train
PSGD,0,train
PITC,0,train
ARIALRG,0,train
KGANGD,0,train
PGLKGK,1,train
PSGASGE,0,train
DAAA,0,train
PGLKGN,1,train
FPGS,1,train
GKDGANG,0,train
GPAGAAG,1,train
RPGLKGE,1,train
TGGG,0,train
AGPSGPA,1,train
PPGPPS,1,train
NCPPS,0,train
LLGAPGF,1,train
HNLPSGVT,0,train
AEGS,0,train
GVPGVGG,1,train
FAGP,1,train
PPGSPGPA,1,train
PGSH,1,train
AGIAG,0,train
PGKAG,1,train
TFPG,1,train
DVPCGG,0,train
CDELKDC,0,train
PPGRAG,1,train
GVFYPGA,1,train
QGPRGDKG,1,train
MPTGIKG,0,train
LGGVL,0,train
EGPQG,1,train
PSSIGL,0,train
GIPGPQ,0,train
NAGP,1,train
ERGPSG,1,train
LTGRPGDA,1,train
AQGPREEL,1,train
AAKFGAG,0,train
TGLQGL,0,train
SPGEAGRP,1,train
GEPGF,0,train
LPGKPG,1,train
VTFPG,1,train
QCL,0,train
GISPPGP,0,train
GARGLAGP,1,train
GELEK,0,train
MQGP,1,train
AVGPAGPR,1,train
AARPG,1,train
VPGFGAGA,1,train
PGLPG,1,train
LPGARFPG,1,train
GERGFPG,1,train
PPGPAGAN,1,train
GLEGPPG,1,train
LPVG,0,train
AGPTGKQ,1,train
CHQ,0,train
RGPSG,1,train
GPAGLP,0,train
GPPGG,1,train
TSLPGPS,1,train
RGPPGNV,1,train
AQY,0,train
GPGGVA,1,train
GVGIPGG,1,train
EGEPGRPG,0,train
GRPGDA,1,train
GPPGATGF,1,train
ESGK,0,train
LVTLC,0,train
KYGAAA,0,train
QNY,0,train
SARDIW,0,train
FLPQPP,0,train
APGPPG,0,train
PLKPVPG,1,train
PLPI,0,train
TCRD,0,train
GPAGPR,1,train
INFCK,0,train
LPGTPGTD,1,train
GVVGAPG,0,train
AGFDF,0,train
VGPRGER,1,train
VPGVLGG,1,train
KGAPGR,1,train
PGPRGRTG,1,train
SHLGQ,0,train
PGPSGDQ,1,train
GVPGDLG,1,train
NPGPAGP,0,train
GIPGTKGL,1,train
PGRSVSIG,1,train
KGYS,0,train
GQMGSSFQ,0,train
GQSG,0,train
GGLGV,0,train
SKGDP,0,train
GQPGIP,1,train
TPAT,0,train
VKKFD,0,train
TGVGPQA,1,train
GEKGS,0,train
GARGFPGT,1,train
GVSGG,0,train
AGPIGSA,1,train
IPGM,0,train
ACAP,0,train
VIGTGP,1,train
YYEYP,0,train
LTGPPG,1,train
PGGVPGAV,1,train
YEP,0,train
RRPEV,0,train
PTGIKGP,0,train
GPTTE,1,train
VGPAGVR,0,train
FGPGP,1,train
GQPGIA,0,train
PEGSR,0,train
GAVGPAG,1,train
LGPDG,1,train
LTN,0,train
QGPSGASG,1,train
LGAGLGA,0,train
GPQGPKGD,1,train
ITGP,1,train
PGPPGP,1,train
EQGVPGDL,1,train
LKMCH,0,train
ARSPPGKP,1,train
PQGPPGKN,1,train
LGEPG,1,train
PSGEPGK,1,train
GKPGDDGE,0,train
IAGPPGPP,1,train
EKSGGF,0,train
KYET,0,train
VGGLGVP,0,train
GLPGVYPG,0,train
EKGVQG,0,train
PSVIS,0,train
DCD,0,train
GRRGESG,0,train
AGPTGKQG,1,train
GPLGP,1,train
GVVGPQG,1,train
PRGPP,1,train
GLPGPIGP,1,train
FPGSPG,1,train
FSPY,0,train
GEAGPTGA,1,train
ANGDPG,1,train
GEPGRE,0,train
PGKSGERG,1,train
GHPGQG,0,train
NPGE,1,train
DPGLPG,1,train
PPGATG,1,train
FPGVAG,0,train
FPGLPGPS,0,train
PPGPPGIV,1,train
GHAHP,0,train
EPYALSK,0,train
GDAGP,1,train
PGEVI,1,train
GIPGVGPF,1,train
GAPGNRG,1,train
GPPGHL,1,train
LGQR,0,train
GFPGAV,0,train
APCQLGPD,1,train
LQGMPGE,1,train
GPGGKP,1,train
AGLGGV,0,train
SGPPGRAG,1,train
GPFGGPQP,1,train
FGLVPGV,1,train
GPSGPRGL,1,train
GKS,0,train
GQPGL,1,train
GAVGA,0,train
YLGQSY,0,train
EKAH,0,train
PAGPTG,1,train
QRPPPSG,0,train
GLPGV,1,train
PGAL,1,train
GAPGPS,1,train
GALVPG,1,train
PSGDRG,0,train
KAARPG,0,train
GPPGVV,1,train
GEAGQ,0,train
GIPGGV,1,train
PGPSGE,0,train
SKLIQD,0,train
KALLLQG,0,train
QKGEPY,0,train
VPGVGL,0,train
PGE,1,train
GPVG,1,train
LEH,0,train
APTG,0,train
EIFGSL,0,train
GIPPAA,0,train
KGPRGLPG,0,train
QAGPSG,0,train
GGGHHG,0,train
QAVAVH,0,train
SQGFQGLP,0,train
PGEPGEP,0,train
CPTDL,0,train
VTGM,0,train
PIGPAG,1,train
PGPAGQQ,1,train
GQPGIKGD,1,train
GPQGPVG,1,train
DGPSGA,1,train
GPSGPPGK,1,train
HKNLF,0,train
PPGSPG,1,train
GGALGPGG,1,train
GLPGLAG,1,train
PGALL,0,train
GPAGKE,1,train
GPPGAD,1,train
APGPAGA,1,train
GPPGVSGG,1,train
PGQNGEPG,0,train
GGNRP,0,train
VVGLPGQR,1,train
GKT,0,train
LPGIAG,0,train
PPGGPG,0,train
LVPGGV,1,train
HGPPGKD,0,train
FSSI,0,train
PGQPGLP,0,train
SD,0,train
RKNPA,0,train
RVPGALAA,1,train
FLE,0,train
FPID,0,train
PGPA,1,train
TGIK,0,train
RSGETGP,1,train
PGMT,1,train
PPGGGPPR,0,train
KMCHS,0,train
AVVPQP,0,train
RGAPGNRG,1,train
NPGPV,0,train
PGAI,1,train
GVGGVP,0,train
PGLNGMKG,1,train
EPGVVG,0,train
PGIDGRP,1,train
ATKGLNGP,1,train
DGRPGPIG,1,train
QGAPGPS,1,train
VWKPSS,0,train
GPPGMTGF,1,train
GPVGKHGN,1,train
PVVPGAGI,1,train
PPGFQGE,0,train
MKSNW,0,train
METGET,0,train
APGLQGMP,1,train
YADGME,0,train
PGGVVGA,1,train
PGERG,1,train
GVPGVG,1,train
VPGGLAG,1,train
GPPGEPGK,1,train
PIGSAGP,1,train
VGLPG,1,train
LPGKD,1,train
LDGLPGLK,1,train
VQSGTWFL,0,train
GFPGS,1,train
PATW,0,train
AFAGLGPR,1,train
TLLFLAAI,0,train
VALYTMM,0,train
PGMLLKGE,1,train
GIPGLG,1,train
GQMGS,0,train
PAGAVGP,0,train
GIPVVPG,1,train
ANGEP,0,train
GEPGPK,1,train
LGAPGF,1,train
PELVV,0,train
APGPSGA,1,train
GKEGPPGL,1,train
DGAKGE,0,train
PRGIP,0,train
GDSGPPGR,1,train
EGAP,0,train
IGPPGIPG,0,train
QQGGVPG,1,train
GRT,0,train
AGAAGPA,1,train
PPGHL,1,train
MPGRSVS,1,train
MGPRG,1,train
AIGPS,1,train
GILGLP,0,train
SSAQGP,1,train
ERGLKGH,0,train
PGGVVG,1,train
PMGHQ,0,train
PGRPGLK,0,train
IPGAAV,1,train
KGSSG,0,train
KLPGGYG,1,train
SLL,0,train
NAGPPG,1,train
GFPGARGL,0,train
GPSGIA,1,train
WKSGEY,0,train
AGPIG,1,train
FLLL,0,train
WLLLVTLC,0,train
EAGP,1,train
GDQGA,0,train
RGETGPA,1,train
GTAGPPGT,1,train
RIAALF,0,train
PPGPAGKE,1,train
VGQPGPP,1,train
PEGAQGP,1,train
LVRAA,0,train
LSFL,0,train
PGPSGIT,1,train
SYWLAS,0,train
PPGLGGN,0,train
VGMG,0,train
RSPPGKP,1,train
PVKH,0,train
GQQPG,1,train
LSAQI,0,train
NGIVGPT,1,train
GFPGVAGP,0,train
FDVPCG,0,train
GAAVPGV,1,train
CVCPGTK,0,train
VKPPHAY,0,train
RSPAL,0,train
EYRAD,0,train
QPGDK,1,train
TALL,0,train
IPGQ,1,train
YGL,0,train
VGAGGFPG,1,train
SRGD,0,train
ARGGA,0,train
NFAAQMA,0,train
DLC,0,train
IPGGVPG,1,train
LTGPAG,1,train
RPGERGP,1,train
ETGFQ,0,train
PVPGGL,1,train
PGIAGAP,1,train
GASGPP,1,train
GAPGFLGL,1,train
TQF,0,train
NSNGGNE,0,train
RPK,0,train
GETCIRA,0,train
PPGINGSP,1,train
DKGEPGD,1,train
SPGIS,0,train
GSPGPAGA,1,train
SPGYQGP,1,train
ERGGPGG,0,train
GDQGAS,0,train
LPIQA,0,train
GVAGAVG,0,train
SGFQPRP,0,train
EPGKPG,0,train
GLPGQI,0,train
KPGLP,0,train
PPGPMG,1,train
IPGIG,1,train
RGLPGTPG,1,train
GQALASP,0,train
LTL,0,train
MAPITGR,0,train
PGPRGR,1,train
PGPPSG,1,train
ARGLPGTA,1,train
KGPVG,0,train
DTWQ,0,train
FLRLM,0,train
DAGPAGP,1,train
PGPAGEE,1,train
PPGPMGM,1,train
YIQ,0,train
EPGPKGEV,1,train
GPTGKQGD,1,train
PGVGK,0,train
SFVQ,0,train
DGC,0,train
AGPKGAN,1,train
LPGPSG,1,train
PGERGAPG,1,train
AES,0,train
GTGVGPQ,1,train
GPAGFT,0,train
WLA,0,train
GDDGPS,1,train
ESEA,0,train
CAV,0,train
TGLQGLPG,1,train
PPGPAGQD,1,train
RTCRDLK,0,train
SVNGQIES,0,train
EPGLP,1,train
MLPI,0,train
PAGPIG,1,train
APGRAG,1,train
GMPG,1,train
SGPAGK,1,train
FLLDTS,0,train
MFKLL,0,train
VRGLTGPI,1,train
TAAAGD,0,train
ASGNP,0,train
IEKP,0,train
PGVP,1,train
GPPPPAG,0,train
GIRGPNGD,1,train
PPGPQ,1,train
GKKYGGP,1,train
LPGSRG,1,train
ESP,0,train
IFPGGACL,1,train
LTGSPGSP,1,train
PGTD,1,train
GGPPGM,1,train
PLGP,1,train
LNGKN,0,train
LPGFKGIR,1,train
SDWKS,0,train
GPKGSPGE,1,train
TNEWQKT,0,train
TGRP,0,train
DPLPE,0,train
IQD,0,train
TGSPGS,1,train
GDPGKAG,0,train
GNRP,0,train
RGPAGP,1,train
GKDGA,0,train
ETGPQ,1,train
TNEWQKTI,0,train
PGVAGP,1,train
PGARGGA,0,train
KGV,0,train
VPGF,1,train
GPVGPS,1,train
PGEQGL,0,train
GQGP,1,train
VWVGET,0,train
IGGEKA,0,train
SAQGPRE,1,train
QAAVPGVP,0,train
EMGPI,0,train
LRLM,0,train
GPSGPSG,1,train
KTTKTSRL,0,train
GPPGMP,1,train
PGPQGPPG,1,train
FQGPPGEP,1,train
PGQR,1,train
SNIY,0,train
GSDGLPGL,1,train
GDAGPQ,1,train
LLPGTQA,1,train
GTT,0,train
GPVGPSG,1,train
PGPPGKD,1,train
SPGPKG,1,train
PGGACL,1,train
GAGVK,0,train
GSHG,0,train
VGPPGLT,1,train
RGPAGPRG,0,train
PGKNGET,1,train
GED,0,train
KPGQ,0,train
SGSS,0,train
SPRSPPGK,1,train
DLGAPG,1,train
PGPPGIV,1,train
GALVPGG,1,train
HQE,0,train
RPQGG,0,train
NGGNE,0,train
PGAP,1,train
IQGPQGP,1,train
LTGPIGPP,1,train
APGPAG,1,train
AGSKGES,0,train
IPFG,0,train
GDPG,1,train
QRFTT,0,train
GLPGTPG,1,train
ADLG,0,train
FCNVND,0,train
LPGARG,1,train
GVGVPGLG,1,train
AKKHV,0,train
VAPGVGV,0,train
AGPS,1,train
LGPKGQT,1,train
SQGAP,0,train
GPPGKTG,1,train
DGCSKK,0,train
GLPGPPGA,1,train
PGPQGHAG,1,train
QNQIQI,0,train
AGKE,0,train
LGQSY,0,train
DLGAPGPS,1,train
TGPPGN,1,train
IPGAKGSA,1,train
YTEGD,0,train
PGTLL,1,train
GLQGPR,1,train
LPGPPGAP,1,train
APPSPAP,0,train
GSPGEA,1,train
GPAGR,1,train
GNAGPPGP,1,train
CYGGGNG,0,train
AGITGAR,0,train
TGPTGAAG,1,train
FQGPP,1,train
LPGPAG,1,train
GDKGPRG,1,train
YQGP,1,train
QGPPGK,1,train
PGIKGDRG,1,train
QGPPGERG,0,train
GSH,0,train
PTDLA,0,train
GAAGPAG,1,train
DPLQY,0,train
ARGPEGAQ,1,train
IVL,0,train
RGLTGPIG,1,train
ESEAE,0,train
AAGPA,1,train
RFLV,0,train
CLGPWVSA,1,train
LGAGL,0,train
GPWVSAT,1,train
GQPGS,1,train
QGPPGPPG,1,train
PCQLGPD,1,train
RGAQGP,1,train
TGPT,1,train
GEAGAQG,0,train
QSS,0,train
RPE,0,train
GAPGTAG,0,train
TK,0,train
PAGVRGP,0,train
PSGPRGP,0,train
MAAG,0,train
PGGLAGA,1,train
GFQGEPGP,0,train
PPGEK,1,train
LPGPI,1,train
PTYEP,0,train
VLMVV,0,train
IGPAGKEG,1,train
SPGSP,1,train
NGSPG,1,train
VPQP,0,train
PGDKGPR,1,train
GKAGEKGL,0,train
EGQ,0,train
GPAGPPGE,1,train
KAY,0,train
GPAGPS,1,train
KAQLRAAA,0,train
PGTPGT,1,train
GGVFFPG,0,train
PGQPGTA,1,train
GPDGK,1,train
GPPGMTG,1,train
PPGPVGIP,1,train
GQGPQG,1,train
AGPQGLLG,1,train
PGPQGLQ,1,train
GVPLG,0,train
AAPEV,0,train
QPGYTNG,0,train
GSMGP,0,train
GPPGPSGG,1,train
APGRA,1,train
GRTGEV,0,train
SPQQQP,0,train
PGPVGI,1,train
PGEPGLPG,1,train
GCGPRAS,1,train
SLFLIS,0,train
VECQP,0,train
GTVV,0,train
AAVPGVL,1,train
QDGQR,0,train
IGPPGE,1,train
AGPQGPRG,1,train
GVGAGVPG,1,train
LGPDGLPM,1,train
YETDS,0,train
WYI,0,train
PGPPS,1,train
MGPRGPP,1,train
DGAPGRPG,1,train
PGPQGLAG,1,train
VGGLAG,0,train
QSQGPPP,1,train
KPGER,0,train
EES,0,train
PGAVP,1,train
GETGFQGK,0,train
PPGPSGDQ,1,train
DGQRYNDK,0,train
PPGEPGQ,0,train
RRG,0,train
GAPGASG,1,train
GRVGPPGS,1,train
KGAKGE,0,train
GPQGI,1,train
LAGPKGA,1,train
VRRGPR,1,train
PGVVGPQ,1,train
SRCAV,0,train
RGERGP,0,train
PGPRG,1,train
FTGL,0,train
GPVGPSGK,1,train
PGVLGGL,1,train
GETGPPG,1,train
VTFPGAL,1,train
GLWLL,0,train
VVAA,0,train
DGLPGLK,1,train
PGPMGLMG,1,train
LEKIIS,0,train
LPGTG,1,train
PRGMP,0,train
HGQDLGTL,0,train
PHPGKPER,1,train
WVMV,0,train
DGSPG,1,train
VGARGP,1,train
GPFGGQQ,1,train
APGNRG,1,train
PMGLMGPR,1,train
GPDGLPGS,0,train
GGLRQ,0,train
GPAGFA,1,train
GQAGPSGP,0,train
GIAGP,1,train
YSN,0,train
GEPGEPGL,1,train
KAGGAQM,0,train
GAQLGV,0,train
CDELKD,0,train
NSR,0,train
PGVPL,1,train
GPEGR,0,train
ARTCDDL,0,train
VLFVFV,0,train
PGHVG,0,train
GAGVKPKA,0,train
LAGAPGL,1,train
QGPTGVT,1,train
SPGPDGK,1,train
LLLLSILH,0,train
RPEV,0,train
PGAGLGA,1,train
LYTM,0,train
DGIPG,1,train
GPPGPPGK,1,train
PGPSGF,1,train
VGIPGLK,1,train
HVPGTLLK,1,train
MGSSFQ,0,train
QRGEPGPQ,1,train
GSPGGKG,1,train
EPGKP,0,train
LGGGALGP,1,train
TDLAD,0,train
ENGAPG,0,train
GKEGR,0,train
QGPPGKNG,1,train
SPGNV,0,train
PAGQDGRP,0,train
SPGPAPP,1,train
FCKV,0,train
SFYLFFL,0,train
SY,0,train
LPGPAGP,1,train
AALGP,1,train
KGPS,1,train
QGVPGDLG,1,train
GLVGPR,1,train
PPGPQGLP,1,train
QAAYES,0,train
GSAGAPG,1,train
SIAYMDE,0,train
ADGRAG,0,train
GGVVG,0,train
PPGPVG,1,train
SGPPGRA,1,train
QGGVPGAI,1,train
FPGER,1,train
ARGSEGP,1,train
IPPV,0,train
QGAPGAVG,1,train
AGAAGPAG,1,train
FDEK,0,train
ERGPSGLA,1,train
VGLPGQR,1,train
TGPQN,1,train
GVPT,0,train
PGGVYYP,0,train
PTGV,0,train
GDLGAPG,1,train
GYLPPPV,0,train
GPPGPQGL,1,train
KSAEPGQ,1,train
LGY,0,train
LPILLSV,0,train
KPVPGGLA,1,train
PSGITGP,1,train
PIFP,0,train
LQGPP,1,train
LVPGGP,1,train
HGYSL,0,train
SGFPGA,1,train
GAPGPKG,1,train
QLGPDGLP,1,train
GGLGAG,0,train
AGVENF,0,train
KPGEPG,0,train
SNDVELVA,0,train
HQGPIGQE,0,train
SGKDGPK,1,train
GKEGPVG,1,train
GLPGMKGH,1,train
GCGP,1,train
DIMGHYDE,0,train
YDLV,0,train
PGAAGRV,1,train
AGPPGAD,1,train
PGWAGAPS,1,train
GKEGIRGP,0,train
HQGPIG,0,train
PGTKGLPG,1,train
PGV,1,train
PKGAPG,0,train
EGGPP,1,train
GLPGVKG,0,train
ARFPGV,1,train
GASGNPGT,1,train
AAGPAGN,1,train
LRAAAG,0,train
AALGPTTE,1,train
NPGPVGPP,0,train
EKGNPGQP,1,train
PGKDGAP,1,train
KGDTGPPG,0,train
NVNDV,0,train
QLSYG,0,train
GYDLSFLP,0,train
GEAGKPGE,1,train
GDPGRPG,0,train
KDKD,0,train
GPVGPAGG,0,train
AGSAGKAG,0,train
MGFPG,0,train
GEAGPT,1,train
FVIA,0,train
PGINGSP,1,train
VPGGL,1,train
GIDGRPGP,1,train
RGDKGEK,0,train
APGPL,1,train
TGVTGP,1,train
PGPPGVPG,0,train
LLQGSNE,0,train
LFGG,0,train
AQPGG,1,train
PMGPR,1,train
VSGFPGA,1,train
SGTP,0,train
PQGPTG,1,train
SSPRVPG,1,train
LKLEHSSS,0,train
VAVPGP,1,train
GAMGL,0,train
STLF,0,train
RDIWSE,0,train
LPYK,0,train
AAGLPG,1,train
RAVA,0,train
VIMMPFQ,0,train
GAPGILGL,1,train
KGP,1,train
QSSAK,0,train
DVNF,0,train
GALGPGG,1,train
LKM,0,train
MLVV,0,train
MATQLA,0,train
THL,0,train
GFPGPRG,1,train
KGDPGP,1,train
GGAGQF,0,train
PGTKGL,1,train
VAE,0,train
EPGLQGP,0,train
QGPSG,1,train
RGLPGPP,1,train
NGFLN,0,train
KVYC,0,train
GEEGKEG,0,train
PGFVGEKG,1,train
LLTLLV,0,train
PPGAP,1,train
INNQI,0,train
PGLDGLP,1,train
AARPGAL,0,train
EHSS,0,train
GVMGFPG,0,train
GPVGRSG,0,train
PGPAG,1,train
TGPL,1,train
GPQAAAA,1,train
DRYRGEPG,1,train
NIGPAGKE,1,train
PELREG,0,train
TLVRA,0,train
GVPGGVFY,1,train
LPGKP,1,train
NVLM,0,train
PGKQGPSG,1,train
FVT,0,train
ANGEKG,0,train
APGPKGAR,0,train
GLAGPPGM,1,train
LGEPGP,1,train
KAAK,0,train
QGPQGP,1,train
GLTGPA,1,train
PYGF,0,train
SGGLKGP,1,train
GSCLE,0,train
PGPKGEV,1,train
GPAGPQ,1,train
PSQPGGV,1,train
QGAL,0,train
EYYRADQ,0,train
PGEPGKAG,1,train
PKAPG,0,train
SNTKPGQ,0,train
DSGH,0,train
FFIPYT,0,train
TTLKSL,0,train
APGIL,1,train
DNRL,0,train
GPMGERG,0,train
TEG,0,train
SEGPQG,1,train
PGPQGARG,1,train
AGVSVPGP,1,train
VEGVTTK,0,train
GPPPHPGK,1,train
STGETCIR,0,train
QMGP,0,train
PKLPGGY,1,train
RSKG,0,train
GNAGPVGA,0,train
LLFAA,0,train
GFGGG,0,train
VWLLLLP,0,train
NLDAIKV,0,train
TTGIPGL,1,train
GSPGKDGV,1,train
EIACTQ,0,train
PGPPGPP,1,train
AGVPGLG,1,train
EGP,1,train
TGEPGIA,1,train
QNQ,0,train
DERMAYY,0,train
SNGNPG,1,train
PAGPAGGG,1,train
EQGVSG,0,train
PGLQGMP,1,train
GLVPGGP,1,train
GPTV,1,train
EVSTAI,0,train
GEKGPS,1,train
GEKGV,0,train
EPGQ,1,train
VFYPGAGL,1,train
SKKTNE,0,train
GFLGLP,0,train
GAAGLPG,1,train
QPGE,0,train
VLLTA,0,train
IFPGG,1,train
MAGPRAC,0,train
PPGPRGRT,1,train
NQEPQS,0,train
GLPGSRG,1,train
EPGASGPM,0,train
DERM,0,train
GPSGR,1,train
PLLILS,0,train
GKEGPVGL,1,train
PGRDGA,1,train
QCY,0,train
GEKGAK,0,train
KEGPVGLP,1,train
TPGL,1,train
TGPAG,1,train
GTGVGP,1,train
QPGAP,0,train
PGPAGKEG,1,train
TGFPGA,1,train
EYLPD,0,train
QKNWY,0,train
MGVMQGP,1,train
NQSQGP,1,train
QLLDD,0,train
FTT,0,train
PAGEE,0,train
AGIPGAA,1,train
DDGPSGA,1,train
ASGPAG,0,train
GPPGLD,1,train
EPGERGLK,1,train
PGPAPP,1,train
GIPGRNGD,0,train
GTAGA,0,train
PVGPPGLA,0,train
DPAD,0,train
GPSGEAGT,0,train
GIVGLPG,1,train
PGPSGRDG,1,train
TCVYP,0,train
IDGRPG,1,train
PPQGGN,0,train
GQT,0,train
GPPGHAG,1,train
APGLR,1,train
GSKGPRG,1,train
AVPG,1,train
APGKD,1,train
TSQQEGLK,0,train
QAAGGL,0,train
FIFTR,0,train
NRRDL,0,train
GLNGPTG,1,train
RGAPGKDG,1,train
SQGPPP,1,train
SYW,0,train
ESGR,0,train
GSRGERG,0,train
FGGPQPGV,1,train
PGQPGLD,0,train
PGQPGT,1,train
GAAG,0,train
PGERGRT,1,train
GETIN,0,train
GVPGSDGI,0,train
GGRYY,0,train
FRWT,0,train
EPGD,1,train
VEVDATLK,0,train
WKIPVFFF,0,train
EESPSLIA,0,train
GSTGPA,1,train
AAGEPGK,1,train
VQGPP,1,train
KGESGN,0,train
GLNGP,1,train
AGKPG,1,train
PGPPSGG,1,train
GPPGENGK,0,train
VGPSGKD,1,train
EGSKGP,1,train
IEKPPT,0,train
LGSPGPKG,1,train
SPGAQGPP,0,train
FPGERGVQ,1,train
GPMGPM,1,train
GFPGER,1,train
DEGVR,0,train
PEGS,0,train
PGFPG,1,train
FPSL,0,train
ARDIWSE,0,train
GKDGT,0,train
EAGKPG,1,train
GPSGGGY,1,train
GYPPQPIS,0,train
GFGRR,0,train
CDCSGVKG,0,train
PGAGLG,1,train
QGR,0,train
PLGIAGP,1,train
GNDGQ,0,train
VTGPKGAR,1,train
PGEVIQPL,1,train
EPGDI,1,train
PSKSAEPG,1,train
ATAS,0,train
RGPEGA,1,train
GHRGFT,0,train
QGKVGPSG,1,train
IEN,0,train
EMAT,0,train
LTGRP,0,train
MRGFIFT,0,train
PRGIPGP,1,train
PGPPGKPG,0,train
QGIR,0,train
KTI,0,train
GEPGLPGA,1,train
SRLSLLGL,0,train
LPGPQGP,0,train
GVLLLL,0,train
GFAGP,1,train
PGYQGP,1,train
EGETYYYE,0,train
DATLKTL,0,train
RYYRA,0,train
PPGPAGEK,0,train
GVGVA,0,train
PKLPG,1,train
SLI,0,train
GSPGPA,1,train
VPGFGAG,1,train
GIPGL,1,train
GGPGS,0,train
PGH,1,train
AGHH,0,train
GRPGE,1,train
SQQGGVPG,1,train
GGGVAS,0,train
PGPPGD,0,train
ARGS,0,train
YMRADQ,0,train
GIPVVPGA,1,train
PRSLL,0,train
GPPGPSG,1,train
SFVD,0,train
KPGQD,0,train
PPGEA,1,train
MAPIT,0,train
PAGEQ,0,train
PGVLG,1,train
PGGY,1,train
EGPPGPQ,1,train
GYAPVK,0,train
EEGKRG,0,train
PAKGP,0,train
PEFVT,0,train
PPGVAG,1,train
DQPER,0,train
PGAVG,1,train
CLSPE,0,train
AK,0,train
PGAKGSA,1,train
HPGPP,1,train
GVAPGVG,0,train
GLPGPA,1,train
GPAGSDGL,1,train
PGRPGLP,0,train
PGIGGIAG,1,train
GAVGS,0,train
GPSGAEGP,1,train
FGP,1,train
RDGD,0,train
VRRGP,1,train
KAGEPGLP,1,train
PGRPGER,1,train
SGNPGT,1,train
GSPGPK,1,train
RGAP,0,train
PGPQGAT,0,train
VQG,0,train
AGIRGPNG,1,train
APSLRPK,0,train
RGFPGTPG,1,train
GPQGLQ,1,train
PGLGVG,1,train
VTS,0,train
AGADEIS,0,train
AQMAGG,0,train
SPGSPGY,1,train
GVPGQPG,1,train
PGAKGE,0,train
QPEDI,0,train
QGFQGPP,1,train
GPAPS,0,train
KGSK,0,train
GLLW,0,train
QIRGPP,1,train
PGPQGA,1,train
GEPGGP,1,train
AQMGVMQ,0,train
GYDGDF,0,train
PGTPGLPG,1,train
QGP,1,train
RPG,1,train
SPGPAGQQ,1,train
PGSPGL,0,train
QPGVPLGY,1,train
QGEK,0,train
VTFPGA,1,train
DQGA,0,train
PAGPPGKR,0,train
SPGA,1,train
MLPQTA,0,train
GAWG,0,train
IVGP,1,train
GLRYHD,0,train
LNGLPGPI,1,train
GQTGPA,0,train
GQTGEPG,1,train
PSLLLLLL,0,train
AAALGPTT,1,train
DSSQ,0,train
TAAV,0,train
NVLCDDVI,0,train
GLGP,1,train
GDKGPPG,0,train
GEQGPKGE,0,train
GQHH,0,train
PRGH,0,train
QPRSPPSL,0,train
GEAGA,0,train
AGKPGK,1,train
PGFLGL,1,train
GDPGPPGI,1,train
PPGSNG,1,train
DGLNGLP,0,train
PGPKGA,0,train
KKGSRGPK,0,train
ARPP,0,train
AGAPGE,0,train
KGSAKD,0,train
GTPGLQG,0,train
FMPQP,0,train
GPIGPPGE,1,train
QGEAG,0,train
LPGMKG,1,train
LLLLPA,0,train
ICPTDL,0,train
MGG,0,train
GSVK,0,train
RGEA,0,train
RPGERGPP,1,train
SGAEGPP,1,train
EPGPQ,1,train
SVLHY,0,train
KSAEPGQQ,1,train
GPPGIN,1,train
GPSGLP,1,train
GESMTGGF,0,train
GPTT,1,train
DLATAS,0,train
PPGMTGF,1,train
QGVRGEPG,1,train
GPGID,1,train
PPGQKGSI,1,train
ISN,0,train
PGPVGPPG,1,train
PGGVAA,1,train
SVF,0,train
GPPPPPGK,0,train
ASGP,1,train
VHATLK,0,train
PGIGGI,1,train
KVGPSG,1,train
FGPGPMG,1,train
NTEEIMSS,0,train
DGSKKHPA,0,train
GGVPGGVF,1,train
GLSAGLGV,0,train
EPGAS,0,train
SFMP,0,train
GERGPPG,1,train
GAPGPKGE,1,train
LLPGTQ,1,train
KLPGGYGL,1,train
LPGVAGAP,1,train
GAPGL,1,train
GSVGA,0,train
SAAPGW,1,train
PGPAGE,1,train
GPKGDPG,1,train
FAGLSQ,0,train
PVGARGP,1,train
ATSKV,0,train
GAPGLR,1,train
GDDG,0,train
VLFAAT,0,train
PGEG,0,train
SGFPGPPG,0,train
VPLGYP,0,train
LAGAPGLR,1,train
GLPGVK,0,train
ARPGAL,0,train
YPT,0,train
GGY,0,train
SVPGP,1,train
IGPAGK,1,train
KAHDGGRY,0,train
PGEDG,0,train
GPGGVAGA,1,train
RGFPG,1,train
YRADQPE,0,train
DSGP,1,train
KGEQGPA,0,train
GAGIPGAA,1,train
PGTAG,1,train
AGLPGA,1,train
GGW,0,train
GLVPG,1,train
DGAKGEA,0,train
GEPGERG,1,train
PGAKGSAG,1,train
GPPGPPGI,1,train
VLPGARF,1,train
FYKPP,0,train
PPGVSGG,1,train
GTAGP,1,train
SSR,0,train
LPGFK,1,train
QQEGLK,0,train
AGPSGGGY,1,train
ITGF,0,train
GVVGVPG,1,train
GVSGGGY,0,train
QTGNL,0,train
PGPAGTK,0,train
PGFPGMK,0,train
GTAGPQGL,1,train
PGALVPGG,1,train
TGVTGPK,1,train
TRPPN,0,train
CGGGAA,0,train
GEGGPQ,0,train
AVGQ,0,train
SGNPGTDG,0,train
GVVSP,0,train
QAL,0,train
GPPGSNGN,1,train
FGLVPG,1,train
MKLRGV,0,train
PMGPP,1,train
TYTVLVDG,0,train
HLGQS,0,train
VDGQS,0,train
SQPRPP,0,train
TGPTGAA,1,train
GAQGPPGL,1,train
LPGPS,1,train
CHHL,0,train
AGPA,1,train
LGIDG,0,train
VAAAA,0,train
QGWPGS,0,train
GFQGP,1,train
ARTA,0,train
PAGPI,1,train
PGIVIGT,1,train
AGADEGVR,0,train
STPS,0,train
NGDPGRP,1,train
PVGIPGLK,1,train
SNGNPGP,1,train
SPGSQGF,0,train
PGPAGASG,1,train
PGTPSVD,1,train
GARGIQGP,1,train
QGPP,1,train
RAKGICP,0,train
GSAGAPGI,1,train
LLVLVL,0,train
GKEGRD,0,train
SPGAQGL,1,train
IPGPVG,1,train
NGDS,0,train
VGPT,1,train
ETGEQGD,0,train
GITIPGKP,1,train
GDAGPKG,1,train
PGIDM,1,train
LSMKGP,0,train
MMP,0,train
CPKI,0,train
TDPGIH,1,train
PGIAGA,1,train
QSYESRD,0,train
EGPPGL,1,train
DFGPGP,1,train
PGLD,1,train
PGEAG,1,train
FGF,0,train
KPKAP,0,train
PSPG,1,train
SGPR,1,train
GRVGPP,1,train
RVGPPGPS,1,train
QGPMGP,1,train
TVCEG,0,train
EQGVPGD,1,train
PGWAGA,1,train
AAPDDT,0,train
PSGPP,1,train
TGFPGAA,1,train
GGCQC,0,train
SARDI,0,train
EGTGQ,0,train
AVPGVLGG,1,train
GPQPGVP,1,train
PPGIVIGT,1,train
IR,0,train
PPGERGAP,1,train
PGVGT,1,train
PLGPKGQT,1,train
PAAL,0,train
VGIPG,1,train
LGAGIPG,1,train
QEDEAV,0,train
DPGIHVT,1,train
FPGI,1,train
PGGYGLP,1,train
TKHTY,0,train
ACLGKACG,0,train
KPFIS,0,train
GPAGKDGE,1,train
IPGGKGE,0,train
GPAGPPG,1,train
KGDAGP,1,train
LIAP,0,train
LASA,0,train
VAYMDQ,0,train
FLSA,0,train
EPCQ,0,train
GPAAA,1,train
PIGPP,1,train
PTDLATA,0,train
GNKP,0,train
MTGFPGAA,1,train
NVVR,0,train
NRGFPGQD,1,train
HKN,0,train
EDGR,0,train
PSGITIPG,1,train
VKYIQ,0,train
GGGLGG,0,train
PLGG,0,train
FDGD,0,train
VPGD,1,train
PGSPGPA,1,train
VPGML,1,train
ADGPAGAP,1,train
PIFPGGAC,1,train
DED,0,train
PPPIEKP,0,train
VGAVNVL,0,train
PKAPGVG,0,train
PGYPG,0,train
KPGK,1,train
LRGGAGPP,1,train
GAPGPAGE,1,train
VVP,0,train
GARPL,0,train
APGF,1,train
AGLGP,1,train
PGPIGPP,1,train
RPGFGLSP,1,train
MRVKT,0,train
YGPGGVAG,1,train
SPGLPGQI,0,train
PGPPA,1,train
TDI,0,train
PPCPQT,0,train
QTWR,0,train
HPSRPGGV,1,train
GPRVSSGG,1,train
VGPPFR,0,train
SGSPATW,0,train
AGDL,0,train
PGPSGIA,1,train
SPIFPGGA,1,train
GAIPGIG,1,train
CGPRV,1,train
AGPT,1,train
GGVPGAI,1,train
GPGGVAAA,1,train
ISNGGS,0,train
GAPGAK,0,train
RAHGQ,0,train
RGETGP,1,train
GGVAAAA,0,train
PALP,0,train
KLI,0,train
RGSA,0,train
GTPGLPGF,1,train
GER,0,train
LI,0,train
PFWK,0,train
APGPAGAR,1,train
CLC,0,train
PGPAGARG,1,train
QLRGPP,1,train
LMGA,0,train
APGPKG,1,train
EL,0,train
MLPFW,0,train
LVDG,0,train
RGEPGP,1,train
GEPGDI,1,train
AAKAAQFG,0,train
VAEGNSR,0,train
AAT,0,train
RDVWKPE,0,train
DPG,1,train
GGVGPIG,0,train
AIQLT,0,train
MQEDEA,0,train
PPGPPGK,1,train
VGKRGEN,0,train
PQTALLL,0,train
YGA,0,train
GPPGSP,1,train
RFPGVG,1,train
VAGPPGGS,1,train
VTGP,1,train
PPGKPER,0,train
AAVPG,1,train
PGID,1,train
PGPPGHLT,1,train
PQGAPP,0,train
GRAL,0,train
PGTAGLPG,1,train
QGPMGPMG,1,train
LRPKD,0,train
DGEVGP,1,train
ECCAV,0,train
EPC,0,train
FASR,0,train
KDGDTGP,1,train
QGPMGPM,1,train
GYPIK,0,train
QGAPGP,1,train
NAQCVPGG,1,train
TPK,0,train
KSGDRGE,0,train
FEYN,0,train
AVPGVPGT,0,train
GSSF,0,train
SPQQ,0,train
ARIAALFG,0,train
MPVSA,0,train
QSSI,0,train
RGIPGPVG,1,train
IGPGGV,1,train
PGFL,1,train
GPQGIA,1,train
TAAAPRPG,0,train
AQM,0,train
PGDDGPS,1,train
AGNPGADG,1,train
NWYIS,0,train
QDGIDGE,0,train
PGARFPGV,1,train
YAPVK,0,train
PELREGD,0,train
CSRCHR,0,train
PGPSGFQ,1,train
QGMPG,1,train
GVVGLPG,1,train
PGTLLKGE,1,train
IGPVGARG,1,train
PGVGGL,1,train
QGLPGQ,1,train
GMPGER,1,train
LLDTSS,0,train
IPGGVVGA,1,train
AIAALFG,0,train
PQGL,0,train
GSPGKDG,1,train
LGPW,1,train
KPQGPPSP,1,train
PGVGGLGG,1,train
SGLQGPPG,1,train
VGPQA,1,train
GYPTPTP,0,train
GGFFPGAG,0,train
VGPPGPA,0,train
RGMP,0,train
LPGLKG,1,train
VAVHSQ,0,train
RGQPG,1,train
PRACAPL,0,train
KGLPGAPG,1,train
PAGIPG,0,train
FGPGGV,0,train
PQPPQE,0,train
PRGIPG,1,train
FCK,0,train
PMCPV,0,train
HGLKGE,0,train
PGAPGLRG,1,train
GAAGAT,0,train
SLFILA,0,train
VLPG,1,train
GKSGDRGE,0,train
QFGLVGA,0,train
SPGSPG,1,train
SSLL,0,train
GPGFCP,0,train
GARFPGV,1,train
GNPGD,1,train
QGNPGEP,1,train
QAVAVHSQ,0,train
LPGQRG,1,train
PGLMGP,0,train
PAGNPG,1,train
AYRFVAY,0,train
VGPFGG,1,train
GLPGA,1,train
PAQAV,0,train
SPEAAAK,0,train
GPQGARGL,1,train
CKGCAPPC,0,train
YSG,0,train
ERGGPGS,0,train
RGSPGPQG,1,train
LTAV,0,train
GPWVSATL,1,train
GAAGKE,0,train
GTDG,0,train
PQYQPLG,0,train
NEIEIRA,0,train
QNGQM,0,train
FPGALVPG,1,train
GVGVGVPG,1,train
LGPV,1,train
GPGGV,1,train
LLLPLVLG,0,train
KEKRHVW,0,train
PGSPGYQ,1,train
GVGIPGGV,1,train
AKAQ,0,train
EPGTPGN,0,train
GSPGNI,1,train
RPGPI,1,train
GPPGE,1,train
SGK,0,train
GLI,0,train
SGPA,1,train
APGPSGAR,1,train
GLHGPP,1,train
LPGAPG,1,train
PGQKGSIG,1,train
GIMGPR,1,train
GITIPG,1,train
AGQFPLGG,0,train
PQPGVPL,1,train
VPGPMGPA,1,train
GIKGPP,0,train
TPGLPG,1,train
WVLG,0,train
PGFQ,1,train
GPPGLRG,1,train
DGAPGRP,1,train
QIPNQ,0,train
PPGPSGIA,1,train
TGPAGEP,1,train
PGSP,1,train
DPLPEFT,0,train
SGKKYGGP,1,train
PGSMG,0,train
GPPGAPGP,1,train
GQDGRPGP,1,train
LPGHPG,0,train
PGASGSP,1,train
YGYG,0,train
RVGAP,0,train
GPKGEPGS,0,train
EPGKAGER,1,train
TGASGPP,1,train
MPVSAFT,0,train
QGATGP,0,train
NTKAG,0,train
GGPQPGVP,1,train
IGPPGPAG,1,train
SDHRA,0,train
GTGPL,1,train
IGL,0,train
MTGGFQ,0,train
GPLGPKGQ,1,train
PSQPG,1,train
PGPPGVS,1,train
GAIPGIGG,1,train
GPPVS,1,train
QRGERGF,0,train
STGPAG,1,train
DLGAPGP,1,train
VWLLLL,0,train
MHL,0,train
SAPSL,0,train
HYDEN,0,train
GRQGE,0,train
LKLEHS,0,train
KTDPG,0,train
PGKEG,1,train
NIL,0,train
EGPVGL,1,train
GAEGPP,1,train
PGVGV,1,train
APGA,1,train
SRF,0,train
PPPPAG,0,train
TPGPQGIA,1,train
EAGVENFF,0,train
PGVVG,1,train
EPPPFYK,0,train
CVF,0,train
LSPIFPGG,1,train
QEGTTYS,0,train
PGARGPP,1,train
PAGPSGPA,1,train
DGSPGKD,1,train
RADQPR,0,train
PPGKTGP,1,train
AAPLPM,0,train
GDKGP,1,train
GSDGSVGP,1,train
AQGPRGEP,1,train
PGAPGLR,1,train
KAAKA,0,train
DANVMRD,0,train
LQGLPGP,1,train
VGPPGSN,1,train
IKGESG,0,train
GPPGPCCG,0,train
LPDGI,0,train
GALMP,0,train
GAIPGGV,1,train
YTTGK,0,train
PGEPGEPG,0,train
GPKGDP,1,train
RPQNQE,0,train
PGVM,1,train
PPQGGNQS,0,train
SGS,0,train
SPPGKPQ,1,train
TRRSVDG,0,train
AGITGA,0,train
HVGQMG,0,train
LGGVPGVG,1,train
SGKDGP,1,train
PSGEE,0,train
PGARGPPG,1,train
PGPQGPVG,1,train
LKD,0,train
GARPGVGV,0,train
PGAAG,1,train
PSGAS,0,train
GTPGLPG,1,train
AVP,0,train
MGGYPG,0,train
EIEQMKR,0,train
APGPV,0,train
LPGKDGD,1,train
KGEPGP,0,train
PGPSGEP,0,train
RDGEDGP,0,train
LTGPPGN,1,train
MGPPGLA,1,train
VTF,0,train
GALVPGGV,1,train
GHPG,1,train
PRGPPGAA,0,train
EVGPPG,0,train
AGAPGD,0,train
GGVGIPGG,1,train
CLS,0,train
PMN,0,train
GQEGLPGK,1,train
GEAGP,1,train
SGSPG,1,train
QCVPG,1,train
ANSNS,0,train
VCHC,0,train
FPGERGV,1,train
LAGYPGP,0,train
DPGI,1,train
RPGPPGKD,1,train
PGTAGPQ,1,train
CTQNGQMY,0,train
LGVLL,0,train
DLRLS,0,train
GIAGPPGA,1,train
GETGPPGP,1,train
VPGAGIP,1,train
HFLP,0,train
NAAALGP,1,train
GERGFPGE,1,train
GPRLSV,0,train
SGSPGL,1,train
PGPVGIPG,1,train
EVIAAAAT,0,train
TGPPGPPG,1,train
AKGDAGP,1,train
VKNWY,0,train
APGLQ,1,train
FQGPPGE,1,train
CPG,0,train
LPGL,1,train
RPGLK,1,train
EVRRGPR,1,train
PGLAGAPG,1,train
VAGLLW,0,train
PPGPPGAA,1,train
YGGGG,0,train
AGPAGN,1,train
CGGGA,0,train
VMQGPMG,1,train
RGSQG,0,train
GCGPRVS,1,train
GPPA,1,train
PRLS,0,train
GAGPAA,1,train
DPMD,0,train
PPGMT,1,train
VAARPG,1,train
QKE,0,train
VRGPNGD,0,train
PGPQGLQG,1,train
TMPF,0,train
RGSKGD,0,train
LLPG,1,train
GPSGRD,1,train
GNPGE,1,train
FPGALV,1,train
GPG,1,train
KKKPPP,0,train
QGGVPGA,1,train
TGARGPE,1,train
RPGYDG,0,train
PGPKGAAG,0,train
LQGLPGT,1,train
RGLV,0,train
PQIPQYQ,0,train
SVGKED,0,train
CWKIP,0,train
GKGERGA,0,train
QISLLL,0,train
STGPAGIR,1,train
TPG,1,train
RGPPGDTG,0,train
RLLREK,0,train
VKPGK,0,train
VAVPG,1,train
NFAPQL,0,train
IAAAAT,0,train
KK,0,train
GVPGF,1,train
GIVGP,1,train
EYNV,0,train
GSTGE,0,train
VTSQ,0,train
TPGSPGP,0,train
GPAGG,1,train
PGGVA,1,train
GVQGPPG,1,train
PQGPT,1,train
AGERGV,0,train
KSK,0,train
DCH,0,train
GPVGPPG,1,train
GDRGFPG,1,train
CEQKELE,0,train
LGAP,0,train
CLI,0,train
LPLLL,0,train
QLAFM,0,train
IWSE,0,train
ARGQPGV,1,train
QPGIKGD,1,train
FLRFL,0,train
NLGE,0,train
RGDAGP,1,train
TGPTG,1,train
PQGVKG,0,train
SQGPA,0,train
TPGLQ,1,train
YGLPY,0,train
IAGNP,0,train
GGLVPGPQ,0,train
PGSPGAA,1,train
APPGKPQ,1,train
GPPGAT,1,train
AGGAQ,0,train
PGPMG,1,train
PPGPPGV,1,train
GTDGI,0,train
GCGPRV,1,train
LNGLPGP,1,train
PGRAGL,1,train
GVPGAIP,1,train
QLLDDG,0,train
QGPRMV,0,train
AQRN,0,train
LPGFKGI,1,train
GLKGP,1,train
FQGNPGE,1,train
GFRG,0,train
GPPGPT,1,train
GVRRSK,0,train
GGPPGMT,1,train
AAAAKAAK,0,train
VPGPMG,1,train
GAPGLRGL,1,train
GLPGSR,1,train
PSSPRVP,0,train
PGMTGF,1,train
GTPGPQ,1,train
GIPGEEG,0,train
HVPGML,1,train
QGPVGPVG,1,train
AAGRV,0,train
PGEQGPSG,0,train
DEVST,0,train
GLPGQRGE,1,train
GPPG,1,train
AAGQP,0,train
GEPGDIK,1,train
PGASGS,1,train
EGIR,0,train
VGKRGE,0,train
PAQPG,1,train
KSNWKIT,0,train
GDTGKD,0,train
GSNGIKG,0,train
RSPQSPPG,1,train
WFLLAL,0,train
SEGS,0,train
GPS,1,train
LVGEPGPA,0,train
AGPRGP,1,train
SVDGS,0,train
LREGDPSS,0,train
VPGTGGV,0,train
DPNQG,0,train
GIRGPRG,0,train
QHGQ,0,train
MPTG,0,train
DQPR,0,train
GPPGLDG,1,train
IDASQ,0,train
GPPGPVGP,0,train
LPYGFGP,0,train
VF,0,train
PGAPGL,1,train
VMGFPGP,0,train
ARGSEGPQ,1,train
PNGR,0,train
VGEP,0,train
PYGYGP,1,train
QSYADR,0,train
YQGPP,1,train
LTSWA,0,train
PGPQGLPG,1,train
PGPPGS,1,train
TGRPG,1,train
GGPKGEKG,0,train
AAGW,0,train
PGVVSPE,1,train
LLLLLGVV,0,train
GPKGQKG,0,train
AQGPREE,1,train
APGPK,1,train
ACLGK,0,train
KPKKKPPP,0,train
VPGGPG,1,val
AQRVGPQ,1,val
PGMK,1,val
GLGVGV,0,val
PGLVGYQG,1,val
NGSPGGKG,1,val
ASLGA,0,val
GPPGKDG,1,val
GPSGARG,1,val
GSPGPP,1,val
PEGAQGPR,1,val
QRNDR,0,val
SMPDP,0,val
SGTW,0,val
AQKNWYI,0,val
GVRRSKGV,0,val
RMQFPM,0,val
PQGLPGQ,1,val
GAT,0,val
RGSPGP,1,val
MQED,0,val
GEPGDK,1,val
GRPGR,0,val
HPAQPGGV,1,val
QGCNLDAI,0,val
PPGKA,1,val
PEKGAR,0,val
SPGKDGV,1,val
GEFGLP,0,val
TMVQEKV,0,val
RGDPGS,1,val
PGAAGT,1,val
PGSRGE,1,val
RGPPGNVG,1,val
QDEDIPPI,0,val
QPGLDG,0,val
VMVSP,0,val
PGPAGIAT,1,val
GLPGPIG,1,val
NPARTCRD,0,val
ELVVAAAA,0,val
APGADGP,1,val
RAGEPGL,1,val
GERGFPGI,1,val
IISR,0,val
FST,0,val
TSAGSEG,0,val
GPSGASGE,1,val
PGEPGYPG,0,val
SPGPM,0,val
QGPSGAS,1,val
PVGARGPA,1,val
PGDAGPQ,1,val
ESGRPG,0,val
GQPGY,0,val
LAGP,1,val
FVA,0,val
GVGPQAA,1,val
AQPEDIP,0,val
PGPQGLP,1,val
NQSQGPPP,1,val
GFIGSR,0,val
APGPKGEL,1,val
PPGSP,1,val
SQDQS,0,val
ERGET,0,val
STGEIG,0,val
IDF,0,val
VC,0,val
KGSMG,0,val
GAWGKTVI,0,val
NGLPG,1,val
GDAGA,0,val
PGQIGRE,0,val
GFPG,1,val
GLTGPP,1,val
IQPMQKG,0,val
TAGAPG,0,val
PAGQPGD,1,val
RFPAL,0,val
GPPGVVGP,1,val
PGPAGP,1,val
EGPVGLP,1,val
PPGLPGE,0,val
HASQNIT,0,val
PIGPPGPQ,0,val
PGIKGD,1,val
GGRG,0,val
GRRPQ,0,val
SAGPPGFP,1,val
VGD,0,val
KQGAPGA,1,val
SSAESS,0,val
RVGPQG,1,val
LPGQPGTA,1,val
RLLLLLA,0,val
ADGVAG,0,val
SPGPD,1,val
PIQASRT,0,val
GARGQPGV,1,val
QGLQGPR,1,val
PIGPVGA,1,val
DQA,0,val
GERGS,0,val
GFQGLPGP,1,val
GPEGAQ,1,val
DGIP,0,val
LPGPA,1,val
RGDA,0,val
GGKAALLL,0,val
PPGPPGR,0,val
VKGEPG,0,val
VLIA,0,val
AGAGV,0,val
IPGT,1,val
PGPPGAI,1,val
PGLQGV,0,val
NEIE,0,val
ANVTG,0,val
PGIGP,1,val
VTA,0,val
VGPQAA,1,val
GDRGIKG,0,val
LGIAGP,1,val
PVGP,1,val
GPVGIPGL,1,val
PGIAG,1,val
QPGPKG,0,val
AEPGQ,1,val
SLPDGVR,0,val
GEKGETGL,0,val
IGTGP,1,val
GAPGNR,1,val
QGPPPQ,0,val
PPGTVI,0,val
GAQGPPGA,1,val
GLMGPRGP,1,val
PGLAG,1,val
PQGPRGD,1,val
MKLST,0,val
QHLPS,0,val
SPELREG,0,val
GPAPPGAR,1,val
GDTGK,0,val
GQCFCDGA,0,val
LGEI,0,val
EPGPQG,1,val
GVGVPG,1,val
PGPMGPP,1,val
CCGG,0,val
PGGVPG,1,val
KPEVCL,0,val
GPPGPNGG,1,val
SGITGP,1,val
GPMGPSG,0,val
DAGPK,1,val
VPTDE,0,val
RPGL,1,val
YEDSS,0,val
TPLVS,0,val
SEGPQGVR,1,val
ATGP,1,val
SPGH,0,val
GIAGAP,0,val
GPSGI,1,val
TGFPGAAG,1,val
HTGAW,0,val
GQRYSD,0,val
IGH,0,val
AAPGWAGA,1,val
RRGKPG,0,val
PGVGTP,1,val
GPPGAAG,1,val
VRGE,0,val
ARGAPGE,1,val
YGGQGSD,0,val
PPGLRGDP,1,val
KGAPGADG,0,val
DKGPRGL,1,val
KPGKSGE,1,val
KVG,0,val
VLFVF,0,val
EGKRGA,0,val
AMG,0,val
SGNPGTD,1,val
GPQGPP,1,val
EEFRASP,0,val
PGVSGG,1,val
ARGFPGT,1,val
GPSGAE,1,val
GDKGAPG,1,val
YPGAGLGA,1,val
LVGPR,1,val
GPPGPQG,1,val
DESMPDP,0,val
KAPKLPGG,1,val
VGAAGP,1,val
RGAQGPP,1,val
KGPSGD,0,val
PPGFQGVP,0,val
LPGARF,1,val
PGFPGAA,0,val
EGQESPTD,0,val
DAGPQGK,1,val
TIPGKPGA,1,val
EGPPG,1,val
FYPGA,1,val
GVPGTGG,0,val
PPGAD,1,val
DSGPP,1,val
GAAGPS,1,val
AKAAAKAA,0,val
GAIGPSG,1,val
GGKGERG,0,val
GLPYTT,0,val
ADGI,0,val
PGICES,0,val
SQPGGVPG,1,val
LPGAPGL,1,val
PPGQKGS,1,val
GEQGPS,0,val
TASPRSLL,0,val
AGLTAA,0,val
SQPGG,1,val
LGLT,0,val
LPGERGAA,1,val
PGENGT,0,val
PGTKGLP,1,val
QGWP,0,val
TKEMATQL,0,val
VPGVGLPG,0,val
VGPF,1,val
SGGLKGPR,1,val
LPGI,1,val
PGGVAAA,1,val
KGDTGPP,0,val
QVGAG,0,val
VLPGARFP,1,val
GLLFL,0,val
VLH,0,val
LSGERG,0,val
FLCFL,0,val
PGIAGFK,0,val
LVLAF,0,val
KGQ,0,val
MKGDPG,1,val
PGPSGN,1,val
GVAGSVG,0,val
GSPGPAGQ,1,val
HFLPF,0,val
LFLL,0,val
QRVGLPG,1,val
GAPGEN,0,val
GPQGARGQ,1,val
QPGIPG,1,val
GPPGRR,0,val
ARGIC,0,val
SFYL,0,val
ARNC,0,val
GPPLRG,0,val
GLPGTPGT,1,val
LVD,0,val
AAKS,0,val
PAGPAGE,1,val
CPEGTVP,0,val
CHYA,0,val
QTTAIP,0,val
GVNG,0,val
GVPLGYPI,0,val
TIHRL,0,val
DSV,0,val
GTGP,1,val
LPGAP,1,val
PDGLPMPG,1,val
GPRGER,1,val
GDKGPR,1,val
GQPP,0,val
NGDPGR,1,val
VPGVGGL,1,val
GPQGLAGQ,1,val
LDTSSS,0,val
VGAAGPSG,0,val
GPVGPP,1,val
PGEAGAP,0,val
CVFVALY,0,val
MKNF,0,val
GIGPG,1,val
AGEPGLP,1,val
PGIVIG,1,val
PQGPKG,1,val
PSGPAGA,0,val
PGTM,0,val
EPGE,1,val
PDGN,0,val
LGPWVS,1,val
GPAI,0,val
IRGP,1,val
GKEGSKG,0,val
ELCPKI,0,val
RIAAL,0,val
FRAI,0,val
LLLPL,0,val
SFVDTR,0,val
AGLTAAV,0,val
APLPMMPL,0,val
PGPAGF,1,val
SFV,0,val
FWKRLL,0,val
RGVSL,0,val
AVCEAP,0,val
SGERGP,1,val
KKYGGPCG,1,val
GFQGPPG,1,val
RPGPIG,1,val
YGKMG,0,val
IGPVGA,1,val
TDPGI,1,val
VGVPGA,1,val
LAAGA,0,val
LVLV,0,val
AGLSQP,0,val
VKGDRGE,0,val
RTMN,0,val
QSLVL,0,val
DGGP,1,val
PGPPGAV,0,val
KPGKAG,0,val
VSAAIA,0,val
MSFVQCG,0,val
GPAGERG,1,val
PGTPSV,1,val
TGPP,1,val
MGVMQ,0,val
QPGVP,1,val
ARGSDGS,0,val
GGSGPM,0,val
MMRRQHAA,0,val
PPSPPGK,1,val
CDDVI,0,val
RQRTDLC,0,val
GDPGS,1,val
PGSR,1,val
PGW,1,val
AGAPGI,1,val
VMQGPM,1,val
QFGLVG,0,val
AYGVNSG,0,val
FLRL,0,val
WCGG,0,val
DSRT,0,val
DFKIN,0,val
KPGL,1,val
AGIS,0,val
ARAPPGKP,1,val
GFPGQ,1,val
IALRGP,0,val
LMGP,1,val
PQGLPGQP,1,val
FGPGGVAG,0,val
LMLVV,0,val
AQPGGVPG,1,val
KAADFGP,1,val
APPQG,0,val
AAGRVGPP,1,val
DNG,0,val
AGPKGADG,1,val
PIGPVGAR,1,val
GNPGTD,1,val
CGGGRF,0,val
KTVIEYK,0,val
ERGSPGGP,0,val
CLQNG,0,val
GFKGEQGP,0,val
GPPPPP,0,val
KGFG,0,val
IMGP,1,val
PGYDGC,0,val
APGFLG,1,val
EAGL,0,val
MPPQ,0,val
ITGPPGPP,1,val
GVGT,0,val
PGKAGEPG,1,val
RGLVGEP,0,val
PEAAAKAA,0,val
DGRPGP,1,val
LSV,0,val
GSPGAQG,1,val
LPGLKGNP,1,val
FAGLGPR,1,val
GSRGH,0,val
GRPGPI,1,val
GSSGDPG,0,val
PGPPGT,0,val
GKDGP,1,val
LLLLI,0,val
GHPGQR,0,val
RCSFR,0,val
LGVG,0,val
PGVGGAFA,0,val
PGRNG,0,val
EGPQGV,1,val
LLQG,0,val
PGAPGPKG,1,val
AGKPGR,0,val
KGEAGPT,1,val
GECCP,0,val
PGSNG,1,val
QPGSPG,1,val
GPRGMP,0,val
NKPSRL,0,val
GLVPGPQA,0,val
GPPPHP,1,val
EGQE,0,val
PPGKAGE,1,val
KGERG,0,val
AIG,0,val
KPGRR,0,val
ESM,0,val
GKGFGGG,0,val
VGPQGPT,1,val
DRLPVGP,0,val
GPPGPPS,1,val
SDGSVG,0,val
GGAGPPGP,0,val
AQGPRG,1,val
IGRQ,0,val
VGFSI,0,val
TPGTD,1,val
LKL,0,val
SAEPG,1,val
DGHPGK,1,val
AAIAGV,0,val
VPGAGV,1,val
GAGLGGLG,0,val
PTPTPK,0,val
SPGSPGYQ,1,val
PAGPR,1,val
GALAAWAE,0,val
DYCE,0,val
TASPRSL,0,val
GVAVPG,1,val
GPSGLAGP,1,val
VGLPGQ,1,val
GAGPP,1,val
SCV,0,val
IGSPGPAG,1,val
RGSPGPQ,1,val
PGTPGLP,1,val
LGPWVSAT,1,val
KYGARPGV,1,val
GNAGPPG,1,val
PTGARGPE,1,val
GFPGT,1,val
GLPGQP,1,val
MPQP,0,val
GAVGAPGA,0,val
KIRI,0,val
RAPPGKP,1,val
LPGMPGR,1,val
YMDQQ,0,val
TTGVEG,0,val
LQGPRGL,1,val
KEGPVG,1,val
PAGAPGTP,1,val
PGPAGTPG,0,val
GPPGVVG,1,val
PDPLPEF,0,val
PSVISG,0,val
CDCSGVK,0,val
GPLGIAGP,1,val
EKGPS,1,val
LPGSRGE,1,val
TMPFLF,0,val
PLVSANQ,0,val
RPGDA,1,val
PLLIL,0,val
PPRP,0,val
TGEQGD,0,val
YSYWLS,0,val
SGPAGPTG,0,val
PGMKGHRG,1,val
LHGPP,1,val
GVGPFGGP,1,val
VGPSGPPG,1,val
IVGPKG,1,val
VKKF,0,val
RGFPGER,1,val
GEAGRPGE,1,val
AGPRGPAG,1,val
KYGAAVPG,1,val
LHPSRPGG,1,val
GQRGAPG,1,val
PGGVFYPG,1,val
NHK,0,val
SVKHYN,0,val
GDAGPA,1,val
SKGE,0,val
RGTP,0,val
FLS,0,val
PGKPGP,0,val
GLPGPK,0,val
GPTVSAQ,1,val
RGQ,0,val
VPGPM,1,val
DEVSTA,0,val
SPK,0,val
GAGVLGGL,0,val
GGPQ,1,val
PGQAGP,0,val
RGPPGN,1,val
PGARPP,1,val
PGKTG,1,val
SPGNIGPA,1,val
FGGP,1,val
AGRPG,1,val
STPALMPM,0,val
LRGGAGP,1,val
LAQIRGP,1,val
RGGAG,0,val
PPSDS,0,val
GGSGP,0,val
PQQEGN,0,val
GAAGEPGK,1,val
PNGP,0,val
GPAGEEGK,1,val
PPQIPPQ,0,val
EKGET,0,val
PGVPGY,0,val
GARPP,0,val
SAEPGQQ,1,val
FGLVPGVG,1,val
EMGPIGP,0,val
AGPTGAR,1,val
SGAEGP,1,val
EVGAPGA,1,val
LPGTAGL,1,val
PSGPPGK,1,val
QPGPPGP,1,val
GSPGAAG,1,val
EPGDDGP,0,val
SKNPKE,0,val
IDASQL,0,val
GPSPQGG,0,val
GLTGPPG,1,val
YGAPP,0,val
CVPGG,1,val
MER,0,val
FGGGKG,0,val
PGPPGA,1,val
GVGGI,0,val
AQGPPG,1,val
GAAGKA,0,val
APPGKPQG,1,val
PGKDGE,1,val
RGRPGYD,0,val
DAGPQG,1,val
GAW,0,val
NPGPPGP,0,val
GSPGE,1,val
GPKGARG,1,val
TKILY,0,val
LGTLT,0,val
LLLLP,0,val
EGPPGP,1,val
GPCC,0,val
VLAFS,0,val
PGAVGQPG,1,val
QGAPGAS,1,val
YDEN,0,val
DSGHAHPP,0,val
QGPPGA,1,val
GGGKGF,0,val
GGVV,0,val
PGAG,1,val
IFPG,1,val
GSCVQH,0,val
WCGGSD,0,val
DIVGPK,1,val
ERGGP,0,val
SPGGKGE,1,val
VSVPGP,1,val
AV,0,val
PGRA,1,val
PGLR,1,val
IPGAA,1,val
IRI,0,val
PGAGVK,0,val
RGPSGLAG,1,val
RGAPGER,1,val
ERGFPGLP,1,val
PEF,0,val
CVQHGQR,0,val
IRAQ,0,val
EAGPTGA,1,val
MPGPRG,0,val
PGEQGV,1,val
GPPGAS,1,val
IKV,0,val
ALSSAQGP,1,val
PGRRG,0,val
KGADGSPG,1,val
GGGALGP,1,val
QGPK,1,val
HVWY,0,val
EKGEGG,0,val
PGL,1,val
GPVGARGP,1,val
RQHAAPLV,0,val
FRAITKDT,0,val
SGEPGT,1,val
GPQGVK,1,val
GANGEPG,0,val
PGQD,1,val
GLPGER,1,val
FLPQP,0,val
FCNME,0,val
AKTSAVSN,0,val
ALAAWAE,0,val
QEDE,0,val
GSKGPR,1,val
LGPAG,0,val
EAGQKG,0,val
GLTGP,1,val
VQH,0,val
ERGPP,1,val
DLRLSH,0,val
PPGPPGAS,1,val
PPEP,0,val
GIVGPT,1,val
PEGGK,0,val
LGPTT,1,val
KAPRP,0,val
GVQGPPGP,1,val
VGPQGP,1,val
AKGANGA,0,val
KQGPSG,1,val
VGTPAAA,0,val
SPLLLF,0,val
AGAPGL,1,val
QG,0,val
GEPGK,1,val
PGAKGA,1,val
AIGP,1,val
GPPV,1,val
VFVC,0,val
GIPGLK,1,val
SGGFDF,0,val
AGLCLL,0,val
QRGEP,0,val
GVLGGAGQ,0,val
EIGPA,0,val
GKAGEPGL,1,val
GNPGAD,1,val
RKPKDYE,0,val
PVGPV,1,val
APGTPGP,1,val
AEGPPGPQ,1,val
QGPRGDK,1,val
GPAGER,1,val
RLLANH,0,val
GAGGF,0,val
NTTDE,0,val
GLPGLAGL,1,val
TGPAGA,1,val
WR,0,val
PPGNVG,1,val
GKQGPSG,1,val
EKGARG,0,val
GPRGR,1,val
VTGPKG,1,val
SNVLFVF,0,val
PPHF,0,val
LIAGNPQ,0,val
DPLQYM,0,val
PGALAA,1,val
PGPVG,1,val
AGPKG,1,val
MLGTLTP,0,val
QGAPGLQG,1,val
PPGEKG,1,val
GPRGRTGD,1,val
TDPGIHVT,1,val
GFSIAAV,0,val
LGPQ,0,val
MGPSGP,1,val
PGAQGL,1,val
TIPGKPG,1,val
AAGDLT,0,val
VLGG,0,val
KGPRGET,1,val
SGAEGPPG,1,val
PGPPGPN,1,val
IGGIG,0,val
EKGVPGSP,0,val
GGVPGGV,1,val
PPPPPGK,0,val
KSS,0,val
YGEEI,0,val
FGGPQ,1,val
ARPLLIL,0,val
GFIG,0,val
KLGP,1,val
FPGSPGNI,1,val
KGDAGPA,1,val
LSQQIEN,0,val
PLQLL,0,val
GNIGPAGK,1,val
GTAGLPG,1,val
MQFPMEMA,0,val
ICVCD,0,val
EPGAVG,1,val
GPQGARGF,1,val
RGEPGPPG,1,val
KDGES,0,val
AVPQPGV,0,val
SVA,0,val
VGPSGPP,1,val
TSLR,0,val
ERLLA,0,val
AADFGPGP,1,val
LAGPK,1,val
LPENSP,0,val
PGPR,1,val
MGPRL,0,val
DFSFM,0,val
PQAAVPG,0,val
GPVGAAGA,1,val
MGPR,1,val
IPGPPGPP,0,val
GLPGLAGH,1,val
SKGPRG,1,val
LPGIDGR,1,val
KPIPST,0,val
GSPGAQGL,1,val
VAYSAV,0,val
PGESGREG,0,val
GCF,0,val
GGPGF,1,val
GRVGPPG,1,val
GARGPPG,1,val
PPPGGG,0,val
TGNLKK,0,val
GGP,1,val
KTIIE,0,val
SSGDPGK,0,val
LLGAPGFL,1,val
PGADG,1,val
AGKPGEQG,1,val
VPGTLL,1,val
AKYG,0,val
DAGAPG,1,val
GSPGPAG,1,val
PGRS,1,val
PSGIAGPP,1,val
PGRDGAA,1,val
VGKHGN,0,val
PGATGFP,1,val
KGVQGPPG,0,val
PGPSGGGY,1,val
ADQPER,0,val
TPGPQG,1,val
KTNKP,0,val
PGLT,1,val
YGPG,1,val
GEKGEVG,0,val
LTGPA,1,val
GPAGIAT,1,val
DYS,0,val
IPVKNW,0,val
GLPGVA,1,val
SFVIAVPE,0,val
PGVA,1,val
RGCFCV,0,val
NLKKALLL,0,val
GLKGPRG,1,val
AGASGNPG,1,val
GPNGG,1,val
LPAALL,0,val
GDKGEPGG,1,val
MSARTA,0,val
LVPGV,1,val
LGPTTE,1,val
EDDLP,0,val
WSLIFI,0,val
GPKGSSGD,0,val
SGDKPKK,0,val
INHGFL,0,val
FGPGPM,1,val
EPGPKGE,1,val
PQPP,0,val
KGEVGPP,0,val
PQGPK,1,val
SQQEG,0,val
VPGAIP,1,val
AGAGVLG,0,val
PGRPGEPG,0,val
PFGGPQP,1,val
NGRDG,0,val
VMQGPMGP,1,val
VGAGP,1,val
GKPGA,1,val
SFYLF,0,val
GRIG,0,val
GFPGTPGL,1,val
APGFPGPR,1,val
DSRLLL,0,val
VGPAGK,1,val
LKGPR,1,val
GPAGAP,1,val
KSLA,0,val
PGDIKD,1,val
PMGPA,1,val
HRGFSGL,0,val
PGVLGG,1,val
LEPYISRC,0,val
QPE,0,val
KVYCD,0,val
GKPGT,0,val
EPGIA,1,val
LPGRP,0,val
GAGADEGV,0,val
SPGNIGP,1,val
IVIGTGPL,1,val
PGPKGEL,1,val
GPEGAQGP,1,val
LAGPPG,1,val
LPGR,0,val
AMVQEKVE,0,val
HPAQPG,1,val
ALGGGAL,0,val
SGPRGLP,1,val
GFLGLPGS,1,val
LAGER,0,val
GKPGKSGE,1,val
LPGF,1,val
SVPG,1,val
AGARGAPG,1,val
ARGLTG,0,val
ALEPY,0,val
RCHHLL,0,val
AAGEPGKA,1,val
GDPGIP,0,val
MTGGF,0,val
SPGPQG,1,val
GIAGPP,1,val
GHPGKPGR,1,val
GPGIDMS,1,val
PGTLLKG,1,val
IRGPNGDA,1,val
GPQGFQG,1,val
FVD,0,val
LIAAGADE,0,val
GLGAG,0,val
GGSELCP,0,val
GMG,0,val
GPPGTS,0,val
GPQGEKGE,0,val
PIGPA,1,val
GEPGPKGE,1,val
MGPSG,1,val
AIKVFC,0,val
AKYGARPG,1,val
SVGAA,0,val
QDGLT,0,val
RTGPAGA,1,val
GNPGP,1,val
IQL,0,val
MANWAE,0,val
VPGQAQV,1,val
GPPGPRG,1,val
MAY,0,val
GPKGDR,1,val
PGGVAAAA,1,val
TGPPGF,0,val
FPGAA,1,val
IKVY,0,val
LPGAK,1,val
GAVGPAGP,1,val
GPSGAPG,0,val
KFLRPP,0,val
GPKGAR,1,val
FDTQKG,0,val
VEATL,0,val
PGLHGPP,1,val
QRVGLPGP,1,val
HRGLPGL,0,val
GARGPPGN,1,val
MNQEV,0,val
PKGSSGD,0,val
GEGGPPGV,1,val
GR,0,val
KGPKPEK,0,val
GEKGSM,0,val
DGSRLM,0,val
NWKIT,0,val
QQTG,0,val
PVVPGA,1,val
AGGP,0,val
QMAGGFD,0,val
EPGKQ,1,val
FCVGEKG,0,val
HHGD,0,val
SVGP,1,val
GKEGRDG,0,val
NNQIESLR,0,val
KISV,0,val
QGKVGPS,1,val
GPPSPG,1,val
PGEPGQT,0,val
SAGLG,0,val
GPGAKG,0,val
PRGEVG,0,val
HLLLL,0,val
GAPGPSGF,1,val
PLGPKG,1,val
GAGIGGL,0,val
GVRGLTGP,1,val
PGIH,1,val
LPEHSPA,0,val
GLGS,0,val
HGGG,0,val
PGAT,1,val
VPGEPGE,0,val
ARGDSGP,1,val
FAP,0,val
PVPGGLA,1,val
RPGGVPG,1,val
PGLAGP,1,val
ESMTGGF,0,val
GATGD,0,val
GAPGEDG,0,val
GGGAAIA,0,val
PPGPQGV,1,val
QMAGGF,0,val
PLGPPGQ,1,val
QAAV,0,val
GEPGPQGH,1,val
VP,0,val
IDGE,0,val
LILIV,0,val
AN,0,val
MRLLAN,0,val
VGF,0,val
PGVAG,1,val
VVGPQ,1,val
PGLVGPR,1,val
PGPAGPA,1,val
GPAPPGA,1,val
FPAVTFP,0,val
PMGMPGQ,1,val
RACAPL,0,val
PGRDGAP,0,val
GAAGPA,1,val
GKHGNRG,0,val
ARGPP,1,val
GPPGEPG,1,val
KPKAQ,0,val
GEKGNPG,1,val
LGVMQGP,1,val
LTAVV,0,val
GPPGMPGP,0,val
SYGPGI,0,val
AQPGGV,1,val
GIPGV,1,val
FKGHTG,0,val
SGIKGEK,0,val
AAVPGVLG,1,val
AHPP,0,val
PGGVADA,1,val
KRP,0,val
PGKNGE,1,val
VPGGV,1,val
KGHTG,0,val
GSPGKD,1,val
ADFGPG,1,val
DGGPPG,1,val
MNKLW,0,val
GFEGD,0,val
AGLTA,0,val
QGPPPHP,1,val
PGR,1,val
GGKGEK,0,val
FGD,0,val
KYGARP,0,val
TGVTG,0,val
PRACA,0,val
IDGEAGP,0,val
PGPPGAIG,1,val
AFPAV,0,val
ALPEHS,0,val
QKGEPG,1,val
LPGMKGHR,1,val
IFPGGAC,1,val
PGPQGFQG,1,val
APGPSG,1,val
IQGP,1,val
DES,0,val
KPGA,1,val
PQNYS,0,val
GPKGD,1,val
KSA,0,val
PAGPQG,1,val
PSGLPGE,1,val
NPGEP,1,val
MRVKTFV,0,val
GAPGN,1,val
RSPPGKPQ,1,val
GNRGEPG,0,val
TRG,0,val
PPGPAGP,1,val
RGEP,0,val
AGVSV,0,val
LKPVPGG,1,val
FPGAD,1,val
DNR,0,val
GPPGPPG,1,val
EQGEAGQ,0,val
GVTGP,1,val
PIY,0,val
RGFPGTP,1,val
IPGGVPGG,1,val
GGVL,0,val
GNAGPP,1,val
CSHLGQS,0,val
NGLQ,0,val
GNIGP,1,val
PGPPGKDG,1,val
IRAE,0,val
AQGLQ,0,val
RAPPG,1,val
VICDE,0,val
PSGGFDL,0,val
LSSAQGPR,1,val
SGLAGPK,1,val
SLPGPSG,1,val
LPYTTGKL,0,val
QDGRPGP,1,val
TSQPPP,0,val
NPQGAPPQ,0,val
GHHGDQ,0,val
FLCF,0,val
PYGYG,0,val
FFF,0,val
GERGKKGS,0,val
HHGH,0,val
NQIENIL,0,val
ERGAA,0,val
KVPGVG,0,val
NKPQGPPS,1,val
GARGLAG,0,val
VGPRG,1,val
FRL,0,val
PMGPMG,1,val
RGPPGAV,0,val
LPQPPQ,0,val
GEQGVPG,1,val
PNQRP,0,val
GFAGPPGA,1,val
MMPF,0,val
PRGPPGPA,0,val
LPGTPG,1,val
PGLGVGVG,1,val
KPGLTG,1,val
AGGPGF,0,val
GPEGP,0,val
FQGLPG,1,val
GALGP,1,val
MGAPG,0,val
LGPWVSA,1,val
PGPPGHAG,1,val
GGQAGV,0,val
QSQGPP,1,val
PGVPG,1,val
DPGKPGE,0,val
SNEIE,0,val
KELECEG,0,val
EQGLM,0,val
GAPGERGE,1,val
PRVP,0,val
GIRGPQ,0,val
PPPGKP,0,val
PQLLQ,0,val
PGTQADPV,1,val
PGTAGP,1,val
GSQGF,0,val
PGRNGDP,0,val
GICQ,0,val
EGTTYS,0,val
GPPGEVIQ,1,val
KKYGGP,1,val
LKPVP,0,val
KIR,0,val
RGEPGEPG,1,val
GKEGP,1,val
RAPPGK,1,val
GLDGL,0,val
SPSVI,0,val
KKYGGPC,1,val
VGAGPA,1,val
GHAGPSG,1,val
SAKDIFAE,0,val
ESI,0,val
PPGPPA,1,val
PAGPTGK,1,val
GDKGEPGD,1,val
NGP,1,val
PPGPSGG,1,val
QKELECE,0,val
PGLDG,1,val
GVKGESGK,0,val
FGPGG,0,val
PAGPRG,1,val
PGGKP,1,val
MGPSGPR,1,val
RGDQGPV,0,val
GPSGPRG,1,val
QGPAGPP,1,val
GPVLRLAI,0,val
VGGMG,0,val
IGSAGP,1,val
EKGF,0,val
LLSSP,0,val
IKGPPH,0,val
GPQGH,1,val
AAPG,1,val
LRQ,0,val
GPAGPRG,1,val
LEVDTTL,0,val
SSGD,0,val
AGVGT,0,val
AQGPPGL,1,val
FQGEPG,0,val
LPGLP,0,val
GPRGERGF,1,val
KGAPGRAG,1,val
AAGTPGLQ,1,val
IFTRHSQT,0,val
SGPPGPPG,1,val
GAPGAVGP,1,val
PGPAGEEG,1,val
PGAQ,1,val
GPPVSFQQ,1,val
VPGGPGF,1,val
NAGPPGP,1,val
LLEMLDF,0,val
NQPQ,0,val
LIAA,0,val
GPSGP,1,val
TGPLGPK,1,val
QSPPGK,1,val
GIPGTKG,1,val
SRDVWK,0,val
PSQQEG,0,val
DKGPQ,0,val
GAPGEA,0,val
GPRGDKG,1,val
PGKDGLN,1,val
DVCL,0,val
GGGVP,0,val
ADD,0,val
EPGPPG,1,val
HPGPPG,1,val
HVPGTLL,1,val
SLFAAH,0,val
SPPPPVK,0,val
VQSS,0,val
PGPKGE,1,val
YYPGA,0,val
KGELGP,1,val
PQGLLGA,0,val
ALGGGA,0,val
PTGKQ,0,val
GPPGICE,0,val
TGS,0,val
PFGGPQPG,1,val
SNSAE,0,val
GYGGG,0,val
AGPPGFQG,1,val
GPPGVS,1,val
PGNR,1,val
KPGRPGE,0,val
GPPSGGF,1,val
KEGPPGLR,1,val
GPAGASG,1,val
ERLLREK,0,val
GPLA,0,val
LHPSRPG,1,val
LLPAAL,0,val
QRVGP,1,val
ETGPM,0,val
PGPPGPSG,1,val
PGDT,0,val
PGMTG,1,val
ASGHNG,0,val
GDSGP,1,val
GPMGM,1,val
QQPGL,1,val
TPGLPGV,0,val
PPGPRGR,1,val
GTDGIPG,0,val
RGLPGTA,1,val
WYRNSKA,0,val
PGFPGP,1,val
PGFGLSP,1,val
PPGPPAVM,1,val
MGPM,1,val
CHSDWK,0,val
APGPPGP,0,val
PGNRGF,1,val
ATDLASLG,0,val
AKAAQ,0,val
AGPPGFQ,1,val
GKEGS,0,val
SARDIWSE,0,val
PKGERGS,0,val
PGLTGP,1,val
IGPPGPA,1,val
ARGIQ,0,val
GGYPG,0,val
AGAPGIA,1,val
IGAPG,1,val
PGTP,1,val
GFIGS,0,val
AGIRGP,1,val
PEKG,0,val
PSGKDGP,1,val
KIN,0,val
TGSPGSPG,1,val
GPAGTAG,1,val
FPGNPGA,0,val
GGSDCYG,0,val
TPGT,1,val
RL,0,val
GSRGDGG,0,val
APKLPGGY,1,val
PGLKGKR,1,val
PGPPSP,1,val
RSPPSL,0,val
GPKGEL,1,val
GLGVPGVG,1,val
GPAGPTGK,1,val
LPGLAG,1,val
GETCV,0,val
IESLI,0,val
HSGEP,0,val
GQPGV,1,val
NVVRDR,0,val
GPF,1,val
DEKST,0,val
PGARGLT,1,val
PGNRG,1,val
LPGAKG,1,val
FIF,0,val
VGVPG,1,val
VAGPP,1,val
AKAAQFGL,0,val
GPAGNP,1,val
YGGPCG,1,val
GIVECQPG,0,val
AEGPPG,1,val
LKKALLL,0,val
PGAPGLMG,0,val
GTTYS,0,val
KGLPGAP,1,val
ILHPSRPG,1,val
TPGP,1,val
GASGPPGF,1,val
QEKVE,0,val
SGKPE,0,val
APGKDGE,1,val
VPGAG,1,val
GAVGPA,1,val
DEVSARIA,0,val
GAAGARGN,0,val
PQGPRG,1,val
KDGPKGA,1,val
GLPGMK,1,val
GIAGPPGP,1,val
SGPRG,1,val
AQGLQGP,1,val
PRSLFVL,0,val
AGQPG,1,val
TLFALVL,0,val
IKDIVGPK,1,val
LRAA,0,val
PGIHVTL,1,val
GPMGP,1,val
PGKDGA,1,val
AYM,0,val
PPGNV,1,val
GLPGLHGP,1,val
FVFVCF,0,val
TTDDPLC,0,val
APRPGVL,0,val
QGLPGQP,1,val
PPGK,1,val
DGDDGI,0,val
GSAGPPGF,1,val
ARGAPG,1,val
SKGVCPG,0,val
LRGPPG,1,val
PQGPPGPT,1,val
EPGTAGP,1,val
PAGAAGP,1,val
GFQG,0,val
GDRGI,0,val
IGTGPL,1,val
DGCSK,0,val
KGPQ,0,val
MMANWV,0,val
PGLGGNF,0,val
GKGDAGA,0,val
FCPQRT,0,val
LGQ,0,val
SAKPPA,0,val
ELGPVG,1,val
VGPA,1,val
PGENGA,0,val
GPPGASGS,1,val
GDAGAPG,1,val
QGPPGKN,1,val
GGLGVPGV,1,val
PGPKGDKG,1,val
VGKRG,0,val
FPI,0,val
LGPDGLP,1,val
RPGPPGK,1,val
GAAGIKG,0,val
MQ,0,val
GAPGNDG,1,val
SGPRGL,1,test
LPGTQADP,1,test
NKSQG,0,test
ADGQP,0,test
PDGKTGPP,1,test
DGLPG,1,test
LWVL,0,test
KHYS,0,test
PSLP,0,test
PPGLDGLP,1,test
AGAPGF,1,test
TQL,0,test
GPGG,1,test
PGPVGP,1,test
GDKGNR,0,test
PAGPS,1,test
CDGA,0,test
SPGPQ,1,test
GFPGTP,1,test
FRAK,0,test
GPKGELGP,1,test
GIKGHRG,0,test
AAGAPGP,1,test
PSLL,0,test
FGPGVVGV,0,test
GEVGPSG,1,test
TGASGPPG,1,test
QLRGPPG,1,test
GKEGPP,1,test
MRV,0,test
ADLAGIG,0,test
NMGP,1,test
GPQGVR,1,test
GLAGPKGA,1,test
PSPPG,1,test
GFDEKA,0,test
TGPPGPQG,1,test
YKSP,0,test
GITGFP,0,test
GPVGIPG,1,test
PGQQ,1,test
AAAGLVPG,1,test
GVAD,0,test
RSGETGPA,1,test
PGERGA,1,test
GGPPGMTG,1,test
IRDA,0,test
GEIMSS,0,test
VGGYGG,0,test
PGPSGR,1,test
QKGEPGDI,1,test
QVG,0,test
GGIGGG,0,test
NITYHC,0,test
LLLVT,0,test
RGSTGPA,1,test
RTL,0,test
YKSPPP,0,test
GSPAP,0,test
NQRAHG,0,test
VGPAGKD,1,test
NQEV,0,test
EPGLVGY,1,test
MNGQKGE,0,test
GARPG,1,test
ERGFPGER,1,test
LNGP,1,test
IPGPV,1,test
GFD,0,test
MNKLWSG,0,test
FGFLGL,0,test
CVPGGIF,1,test
LGAPQTLV,0,test
GPKGAN,1,test
HYA,0,test
DAE,0,test
AGPPGEKG,1,test
FGGG,0,test
AGSYG,0,test
TGQ,0,test
MGPPGL,1,test
GLTGSPGS,1,test
GDKGAPGR,1,test
SKGPTVS,1,test
GSVGP,1,test
GPQGFQ,1,test
PGAIPGIG,0,test
GASGDRG,0,test
MKGPSG,0,test
GPPGPPGA,1,test
GNAVAGL,0,test
LPYGYGP,1,test
AQGP,1,test
PPGPRGHS,0,test
GSPGSQGF,0,test
PVGPSG,1,test
APGLRGL,1,test
LTGPAGE,1,test
RGRTGPA,1,test
GSAGP,1,test
GERGSKG,0,test
DVWKPE,0,test
GFEG,0,test
VGGIPTYG,0,test
GEAGKPG,1,test
PGLQGRKG,0,test
NGLPGP,1,test
YTVLVDG,0,test
GLGGNFA,0,test
MKGDPGLP,1,test
GCT,0,test
GPPGNV,1,test
ANGLSGE,0,test
PGAGVPG,1,test
PGDKGEG,1,test
MGPVGP,0,test
PPGEQGP,0,test
GLRGGAGP,1,test
APGPAGE,1,test
GLPGLHG,1,test
GEPGKQ,1,test
AQYDPS,0,test
KVY,0,test
GLPGKDG,1,test
PPGTA,0,test
FLAAI,0,test
QAGAPG,0,test
KTIIEYKT,0,test
PKGELGPV,1,test
RTGDAGPA,1,test
LGPGPMGL,0,test
TGSVG,0,test
FPGAPGA,0,test
ISVFF,0,test
YGPGGV,1,test
PQGPV,1,test
PGPSGNA,0,test
AIAGVG,0,test
PLSSLLLL,0,test
AGLPGVAG,1,test
TKGLNGP,1,test
EPGLPGA,1,test
PGKQGA,1,test
QLLQVL,0,test
PGKPGAQG,1,test
RAITKDT,0,test
PTGAGVK,0,test
AAGD,0,test
NSPA,0,test
PGAD,1,test
PMGMPG,1,test
LKMCHS,0,test
QNYSPQY,0,test
TGDSGAP,0,test
PLSSL,0,test
EGRQG,0,test
EGLPGKD,1,test
EKGLP,0,test
LGLPGSR,1,test
GPL,1,test
GLGGGFGG,0,test
TGISVPGP,1,test
TGRA,0,test
NRNEPKF,0,test
GLAGH,0,test
PVTCVQNG,0,test
PAGNPGA,1,test
GKPGRP,1,test
DQGAPG,1,test
GPAGEE,1,test
PQGPTGVT,1,test
TPGPRGE,0,test
RYNDK,0,test
GLPGLK,1,test
VSLF,0,test
SQGF,0,test
GERGP,1,test
GVVGVPGA,1,test
GARGPAG,1,test
ARPGFGLS,1,test
RFLVFLL,0,test
PGKQGPS,1,test
LFVFVCFG,0,test
PGAGVP,1,test
APGTP,1,test
GAIGPS,1,test
QPG,1,test
GPPQQ,0,test
GLLEM,0,test
PPGPA,1,test
FTRH,0,test
PAGV,0,test
LDIGG,0,test
PGPPGVSG,1,test
LSSP,0,test
PGPMGM,1,test
GSPAT,0,test
KNWYRNS,0,test
GETGA,0,test
LMGPR,1,test
PFWKR,0,test
PKKKP,0,test
SSPRVPGA,1,test
TKILYHG,0,test
RGAPGERG,1,test
TGFCAT,0,test
AIASLF,0,test
KEGP,1,test
FSGLDGAK,0,test
PTYE,0,test
PEP,0,test
GIPGGVV,1,test
ARGEPGN,1,test
DGKTGPPG,1,test
DLGAP,0,test
GPSGPSGL,1,test
AKPPA,0,test
RGLPGTP,1,test
PGING,1,test
GPPGEP,1,test
GIPGAKG,1,test
GPKPE,0,test
GPKGS,1,test
SNGAP,0,test
APGQNG,0,test
GVPGQAQ,1,test
GAPGER,1,test
LPGLH,1,test
RGSEGPQ,1,test
SDVTVQS,0,test
PGAPGPK,1,test
QLR,0,test
PQGPPPQ,0,test
GNPGQPGL,1,test
LTGRPGD,1,test
PGPQGVK,1,test
PGPSGFQG,1,test
GPAGEKG,0,test
PGRP,1,test
NKSQGP,0,test
GEG,0,test
PPGE,1,test
GVVGP,1,test
AGIPGLG,1,test
VGLPGID,1,test
GPTGKQG,1,test
YEDS,0,test
VTKTTG,0,test
QPS,0,test
VCVFVA,0,test
PVPGG,1,test
GIPGG,1,test
TDL,0,test
TAGEAG,0,test
SPRVPGAL,1,test
VAQKNW,0,test
QGLPGP,1,test
SGKPGA,0,test
EGPV,1,test
GPKGP,1,test
DTGPT,1,test
GAKGDAGP,1,test
ANAAALGP,1,test
APGFLGL,1,test
GENGKPG,0,test
QGASGP,1,test
PPGPQGLQ,1,test
GPSGN,1,test
GPAGSDG,1,test
LPGQRGER,1,test
SYWLS,0,test
GAPGE,1,test
ARGAQG,0,test
GPVGPHGP,0,test
AKGSAGA,0,test
STGETC,0,test
EQSSA,0,test
SSQQLEL,0,test
TGFCATR,0,test
KPIPSTV,0,test
PSGPSGL,1,test
QTQLS,0,test
NLFFL,0,test
SRSPPGKP,1,test
NYS,0,test
LK,0,test
CSGVK,0,test
RAKG,0,test
KGPDPLQ,0,test
PPHPGKP,1,test
KGPR,1,test
GPFGG,1,test
SPGPAGA,1,test
LRGPP,1,test
KNGETGP,1,test
FGSDVT,0,test
GE,0,test
GQAGP,0,test
RGSVG,0,test
RGSPG,1,test
GAPGDK,0,test
AGRVGP,1,test
PKGAPGE,0,test
DRGTP,0,test
GEPGGKGE,0,test
GPPGLTG,1,test
GPPGPPAV,1,test
GAQGLQ,0,test
PFRYG,0,test
QGPQ,1,test
GPVGNP,1,test
RGFPGQDG,0,test
LPGARGLT,1,test
AGEE,0,test
PIGPAGA,1,test
EAGKPGK,1,test
TKGLPG,1,test
ASGPPG,1,test
GERGVQGP,1,test
AEPGQQ,1,test
GPPGHLTA,1,test
GNPGQPG,1,test
YRGEPG,1,test
GPTGARG,1,test
PGPRGS,0,test
PGARP,1,test
SRPGGV,1,test
SLAA,0,test
PDDTNK,0,test
PRGLPGP,1,test
CVQDGQ,0,test
KGATGPG,0,test
KGNPG,1,test
APPSPAPP,0,test
AAPE,0,test
CGGGRFGG,0,test
HGQDL,0,test
AVPQPG,0,test
PGGVPGA,1,test
DNGCGF,0,test
PIYGAP,0,test
TPGQAGAR,0,test
DATLKSLN,0,test
GPAGNPGA,1,test
PGAGVPGV,1,test
GEPG,1,test
LQGLPGTG,1,test
GKDGAPG,1,test
PPGTK,0,test
EKGVP,0,test
NGDSGR,0,test
ARGPPGN,1,test
GPPGERG,1,test
EPGTA,1,test
GAAGEPG,1,test
SGFQ,0,test
AGPIGSAG,1,test
IDFLR,0,test
TTAL,0,test
TNRG,0,test
FTEDQ,0,test
DGLKG,0,test
GLTAAA,0,test
PGG,1,test
NRPQGPPP,0,test
DAPCQLGP,1,test
ARPG,1,test
TGPQ,1,test
GPPGKDGT,1,test
NKGL,0,test
AKGPKPEK,0,test
PRSPPGK,1,test
PGICESC,0,test
PEGRRP,0,test
GKHGNR,0,test
GKTGPIG,1,test
GLPGAKG,1,test
ERGEK,0,test
TPGPQGL,1,test
LAGQRG,0,test
KPGQPP,0,test
PGAPG,1,test
PGQPGSP,1,test
LPGARGL,1,test
KPQGPPS,1,test
PGTQADP,1,test
HDA,0,test
PRGPRGP,0,test
KEGPVGL,1,test
MHLQIS,0,test
PGTKGE,1,test
SLAAG,0,test
MGMPGQK,1,test
TKGER,0,test
GPAGGGYD,1,test
PRPLQL,0,test
QGARGLP,0,test
AVTFSVV,0,test
LLLLLLLL,0,test
GAIPGG,1,test
AGSIQDS,0,test
QGAPP,0,test
VPGGVADA,1,test
RGPPGPQG,1,test
GSAGK,0,test
PGPPGSP,1,test
FVFV,0,test
GLDGLPGL,1,test
PGEPGP,1,test
PGVLLLF,0,test
EPGLVGYQ,1,test
GCA,0,test
TASGQP,0,test
GAKGAAG,0,test
CIH,0,test
PPGPPGKA,1,test
PMGLMGP,1,test
AGPIGS,1,test
VCHCVPE,0,test
CQLGPDG,1,test
PSGT,0,test
PVGPPGN,0,test
QGFQGP,1,test
PNQGCN,0,test
FVGE,0,test
FSFMPQPP,0,test
GEKGAKGE,0,test
PSVAQ,0,test
LPGT,1,test
PGEQ,1,test
SKNPK,0,test
GLIGRQGP,0,test
KDGPKGAR,1,test
GIPGA,1,test
AYSAVA,0,test
GPAGSD,1,test
RSPRSPPG,1,test
DGAPGR,1,test
TGDAGP,1,test
GPQNYS,1,test
VPPG,0,test
TRTLLLL,0,test
VLLI,0,test
PSRPGGV,1,test
TINGG,0,test
AGSVGE,0,test
GPPGLAGP,1,test
PGMKGH,1,test
GPVGQ,0,test
AGSEGT,0,test
GPSGEPGT,1,test
EIMSSMKS,0,test
LKGQPG,0,test
GVGPFG,1,test
GFTGP,0,test
AGKP,0,test
TKGLNGPT,1,test
LGGNFAAQ,0,test
DRL,0,test
KGNKGLK,0,test
TGPLGPKG,1,test
GPIGPAG,1,test
GLRGP,0,test
GKVGPS,1,test
SVAY,0,test
PPSLR,0,test
MPMNM,0,test
PGN,1,test
GRGL,0,test
GPPH,0,test
GPPGEAG,1,test
SRPGGVPG,1,test
GQGPQ,1,test
ERGSE,0,test
DGGRYY,0,test
LRYYDRD,0,test
RAGEPGLQ,1,test
GPIGPP,1,test
APGQR,0,test
GPSGVPG,0,test
INNQIEN,0,test
PPGEVI,1,test
DEEAV,0,test
RGKPGR,0,test
GNPGNDG,0,test
PGAKGS,1,test
AGPAGPIG,1,test
KGHRGFS,0,test
AGVAV,0,test
PGTK,1,test
ADL,0,test
CFGI,0,test
EPGN,1,test
SFVQCG,0,test
GEPGL,1,test
PGPKGD,1,test
GAPGNDGA,1,test
FVQKGS,0,test
DSGPPGR,1,test
LGGLG,0,test
LHGLKGE,0,test
GGVPGVGT,0,test
LKPVPG,1,test
NGLPGPIG,1,test
GMKGDPG,1,test
GPQGPVGP,1,test
GEPGTTG,0,test
ATWTT,0,test
GLPGTA,1,test
LQGLPGL,1,test
ADGPA,1,test
TAGPPGT,1,test
AGPAGP,1,test
PGIDMSA,1,test
LPQTAL,0,test
APGPQGF,1,test
QSQP,0,test
GGGVPGG,0,test
PGIL,1,test
GLVGPRG,1,test
GKTGPI,1,test
EPGQQ,1,test
GEPGAPG,0,test
VHHVKR,0,test
PGLKGNP,1,test
VVGPQG,1,test
QPPTAPTR,0,test
IIE,0,test
EGNKPQ,0,test
AKGDAG,0,test
GKDG,0,test
GIRGP,1,test
GLAGPPGE,1,test
GPQGLQG,1,test
GVGP,1,test
GKGEKGE,0,test
TYP,0,test
GTPGPQGI,1,test
LKGPRG,1,test
TGARGP,1,test
GPPGPAGP,1,test
AGPKGA,1,test
AGSVGEPG,1,test
ELGPV,1,test
RAEGN,0,test
SQQIENIR,0,test
PGIGPGGV,1,test
SPGAEGS,0,test
HGDQGAPG,1,test
PLCP,0,test
LLAL,0,test
SAAPLPM,0,test
NGT,0,test
PGPAGT,1,test
CLGP,1,test
TGDAGPA,1,test
PQGVKGES,0,test
SGFQGL,0,test
RGQPGVM,1,test
GNPG,1,test
QGVPG,1,test
DRGETGAV,0,test
RPGPIGP,1,test
KRLLY,0,test
PPGFP,1,test
ARPGFGL,1,test
DGRIGQPG,0,test
EYYRA,0,test
LNRDI,0,test
TGPIGPQ,1,test
ARAPPGK,1,test
PGISPPG,0,test
PGHLTAA,1,test
APGILGLP,1,test
DAGPQ,1,test
DEIIRD,0,test
PPGARP,1,test
IPGKPGAQ,1,test
DEIM,0,test
KPGEQGV,1,test
PPGIVIG,1,test
EGPPGEPG,0,test
GVGVAPGI,0,test
PARTCD,0,test
GSN,0,test
EAGPTGAR,1,test
GIVIGTGP,1,test
GKPGE,1,test
HS,0,test
GSTGP,1,test
KPQ,0,test
YY,0,test
TPTPKPPA,0,test
MPGRSV,1,test
PTGPGGD,0,test
GGKGAAGP,0,test
YPTQ,0,test
FPGE,1,test
LLGILFI,0,test
GEPGKQGP,1,test
PALPDG,0,test
PPGEV,1,test
PGIVIGTG,1,test
AIPGIGGI,1,test
EKGERG,0,test
PPGEAG,1,test
LKGDQG,0,test
YGPGGVA,1,test
PVGPSGK,1,test
LFSS,0,test
PGPPGASG,1,test
IDD,0,test
SIKGP,0,test
ARTAPR,0,test
GMTGFPG,1,test
AATQV,0,test
GEVGAPGA,1,test
QGERG,0,test
DVGEK,0,test
PSPGPA,1,test
GVTGPKG,1,test
LREGDPS,0,test
LPPLLLL,0,test
API,0,test
PGFVG,1,test
FMRLLAN,0,test
PGPPGKAG,1,test
GPA,1,test
VPGPMGP,1,test
APPCV,0,test
IKPLPP,0,test
GSELC,0,test
PPSLRP,0,test
GLPGLA,1,test
WVGARP,0,test
GSDPAD,0,test
MSSMKS,0,test
GPPGNVG,1,test
PGNVGNP,1,test
QPGIKG,1,test
PGPKGELG,1,test
PPGAI,1,test
IDPNQGC,0,test
GPMGMPGQ,1,test
STGPA,1,test
PPGVP,1,test
NWAE,0,test
TKP,0,test
GAPGIA,1,test
SPGAAGH,1,test
GKDGDTGP,1,test
PRSAPSL,0,test
IPGGVV,1,test
PNQGCT,0,test
GAIPG,1,test
PMMPLSEE,0,test
GPTGARGP,1,test
LFAAL,0,test
YPGAG,1,test
QYGGYLPP,0,test
ARGSD,0,test
GPPAVM,1,test
GPGGVAG,1,test
IPGQP,1,test
DGPAGAPG,1,test
GPQGP,1,test
LLLAAL,0,test
RWK,0,test
IPGIGGI,1,test
APEVI,0,test
GPAGEEG,1,test
PGLQ,1,test
SEGPQGV,1,test
PRGSPGE,0,test
RLSLLGL,0,test
ISLLLL,0,test
GQPGSPGS,1,test
FPG,1,test
LGVPG,1,test
ASR,0,test
ALLLS,0,test
VGPQAAA,1,test
SPPGPRGK,0,test
TGARGPEG,1,test
GPAGGG,1,test
QTGEPGI,1,test
LPIQ,0,test
LGLTAA,0,test
GLGVGG,0,test
PAGPAGG,1,test
DGSPGKDG,1,test
GPQGPK,1,test
HLTAA,0,test
PG,1,test
GSNDVELV,0,test
IGGADQ,0,test
KGAPGRA,1,test
GAQGP,1,test
PSGEPGKQ,1,test
RFTYSVTY,0,test
VVGLPGQ,1,test
VGLPGI,1,test
GLTGPAG,1,test
CHGVK,0,test
QHG,0,test
PPGVVG,1,test
APGT,1,test
QYFIPY,0,test
GAGIPVVP,0,test
LPGTPGT,1,test
IDGV,0,test
QGPIG,0,test
GARGP,1,test
QGALM,0,test
GPAGQP,1,test
GPEG,1,test
ALGPT,1,test
SGVTKT,0,test
LLLLPL,0,test
NPGPP,1,test
RGAAGIKG,0,test
ALVA,0,test
PGEIL,0,test
GAPQTL,0,test
VCHY,0,test
RLLY,0,test
QGPRGLPG,1,test
GPIGP,1,test
PGQKGEK,1,test
GLQGLPGP,1,test
KTVIE,0,test
DGRPG,1,test
PGLAGL,1,test
NGSPGGK,1,test
PPGAIGP,1,test
GRPGERG,1,test
AKYGAAGL,0,test
KPEGRRP,0,test
VEGPKGDT,0,test
PGKDGD,1,test
AAPET,0,test
SGDKPK,0,test
PGEPGLV,1,test
GCGPRVSS,1,test
GFPGSK,0,test
TGPKGA,1,test
LQV,0,test
AGLCLLL,0,test
PPGSPGE,1,test
CKNSV,0,test
SDGLPGL,1,test
DDGPS,1,test
QPGLP,1,test
RVKT,0,test
AGGPGFP,0,test
LQISLLLL,0,test
SQGP,1,test
KPVP,0,test
GMPGQKGE,1,test
LWLLG,0,test
AHDGGR,0,test
PGPAGQ,1,test
SPGPQGV,1,test
GLQGM,0,test
GPAGPSGP,1,test
PGGVF,1,test
GVA,0,test
LPGTQAD,1,test
PGKPQ,1,test
TTGVEGPK,0,test
GPTGSV,1,test
TGPKG,1,test
SSLPAN,0,test
RGPNGD,1,test
GVTGM,0,test
RND,0,test
FPGSKG,0,test
GMKGDPGL,1,test
GEPGIA,1,test
YPGLDGAK,0,test
PGVPGQ,1,test
FGGQQPG,1,test
PVLRL,0,test
GQMYLNR,0,test
PQGKVGP,1,test
GQPGP,1,test
RGTTGIPG,1,test
EGDG,0,test
NGIVGP,1,test
ETGPQGPP,1,test
PGISP,0,test
LQRFTTMP,0,test
ARGPAG,1,test
GGKPG,0,test
SEDV,0,test
DSGPPGRA,1,test
PVGPPGL,1,test
SKGPTVSA,1,test
GVPGEP,0,test
AGPAGER,1,test
TDLAT,0,test
GAPGF,1,test
APGRPGPP,0,test
VGDRGP,0,test
GGAGVP,0,test
YDGCT,0,test
AGLV,0,test
GPQGPQ,0,test
GDPGPP,1,test
LSSQ,0,test
KGPP,1,test
RGPAGPSG,1,test
EVSTAIA,0,test
PMGPM,1,test
PGVAGSV,1,test
PRGLPGTP,1,test
FCKGSA,0,test
PGPPGEPG,1,test
VPGQ,1,test
GFDAEY,0,test
GVL,0,test
PGPAPPG,1,test
GPAPSGD,0,test
PGPMGPRG,1,test
LPYTTG,0,test
TKGEK,0,test
GPAGQQGA,1,test
QDS,0,test
PPGPGI,0,test
PGERGE,1,test
PGPPGEV,1,test
PPGPPGI,1,test
PPGPAGA,1,test
ERGVQGPP,1,test
FRAITK,0,test
AGPLGE,0,test
GPSGASG,1,test
PQQ,0,test
QMYLN,0,test
HAGP,1,test
PPGAVGPA,0,test
QCFPEKG,0,test
GGGVPGGG,0,test
GVAGPP,1,test
PPGFQGLP,1,test
PPGGPGD,0,test
GVLLTIS,0,test
TAGPQ,1,test
GVPG,1,test
VD,0,test
NGMKGDPG,1,test
GANGI,0,test
DKGEPGDK,1,test
GNDGAKG,0,test
PGLP,1,test
FPGT,1,test
GSPGP,1,test
PAQPGGV,1,test
GPQGLAG,1,test
SAAPGWA,1,test
EEA,0,test
LLFL,0,test
PQGHA,0,test
APGRAGLY,1,test
KGPSGE,1,test
YMCSFL,0,test
PGFLGLP,1,test
GVPGAGVP,1,test
LPGPAGTA,1,test
NQGCNL,0,test
NR,0,test
IDMS,0,test
SNWKIT,0,test
PGPGID,0,test
RQRT,0,test
APKLPG,1,test
VGQEGE,0,test
KGERGL,0,test
ITIPG,1,test
LHGLK,0,test
ANGAPGI,0,test
SPRVPG,1,test
PGVAGS,1,test
QGFQGNPG,1,test
DGLT,0,test
GNPGEP,1,test
QGPREELQ,1,test
EPGLMG,0,test
RFTYTV,0,test
LLLLIA,0,test
KTFVI,0,test
EPGDKGPR,1,test
GVPGGVF,1,test
MSSRLR,0,test
GPPGIVI,1,test
SPGLQ,1,test
RGEAGAQ,0,test
SKGPRGE,1,test
QPSFRAKD,0,test
DIPPI,0,test
PGFK,1,test
MYL,0,test
FSTGETCI,0,test
PGKPGRP,1,test
VGAAGPS,1,test
YGD,0,test
VPGGP,1,test
PGPPGE,1,test
GRPGD,1,test
GARGPE,1,test
GEAGKPGK,1,test
CGGRD,0,test
GRPGER,1,test
GMTGFPGA,1,test
PKGQKG,0,test
TSR,0,test
GPPGRA,1,test
GLRGNA,0,test
ERGLPG,1,test
PEGPPG,0,test
ERGLPGV,1,test
QGPT,1,test
LTGPP,1,test
EIMTS,0,test
GQPGIKG,1,test
GGEKSGG,0,test
SGNPG,1,test
SGEPGTA,1,test
QQL,0,test
VFVCFG,0,test
VGIPGLKG,1,test
IAGNPQ,0,test
QGLQGLPG,1,test
MFR,0,test
QNQEP,0,test
PAVTNTK,0,test
PKDYE,0,test
GVAARPG,1,test
VNDVCNF,0,test
AGLLWM,0,test
SVCHCV,0,test
GYPGLIG,0,test
PGPQGHA,1,test
IQDS,0,test
KAVI,0,test
KGPRGETG,1,test
GGAGPP,1,test
GPIGPV,1,test
SGFPG,1,test
YPG,1,test
PGAIPGG,1,test
VAGPA,0,test
LTGS,0,test
APGQM,0,test
ELGP,1,test
EA,0,test
FFR,0,test
GLPGTP,1,test
LGPR,1,test
PVTSQP,0,test
PGPEGG,0,test
LPGVAG,1,test
GADEVS,0,test
KDGAPG,1,test
PRGES,0,test
GINGSPG,1,test
ADGPAGA,1,test
FYRADQP,0,test
GVGIP,0,test
CGPRVS,1,test
TGPA,1,test
GPGAAG,0,test
RGVSGFPG,1,test
QGNQR,0,test
SPFLECH,0,test
GPT,1,test
GPRV,1,test
GAAGKEG,0,test
AGI,0,test
NGR,0,test
PSGEA,0,test
GAAVPGVL,1,test
GVQG,0,test
GLVPGG,1,test
FPGF,0,test
SQGPP,1,test
PGHL,1,test
VAGPPG,1,test
KSINN,0,test
KGPSGEP,1,test
MSS,0,test
AGAAGP,1,test
EPGERG,1,test
CNYLGQ,0,test
AVVSVF,0,test
PGVGTPA,1,test
PGARGLTG,1,test
LLLLLGV,0,test
TEASQN,0,test
GIRGD,0,test
VMGF,0,test
GEGGPP,1,test
GPAGPIG,1,test
CPTDLATA,0,test
SGKPGAN,0,test
MSF,0,test
IPTYGVG,0,test
PMGPRGL,1,test
GQKG,0,test
PGSNGN,1,test
GLPGE,1,test
AGAPGPQG,1,test
VGPAG,1,test
RGKPG,0,test
AGPSGGG,1,test
PQPPE,0,test
QLS,0,test
KKH,0,test
GSPA,0,test
GFPGP,1,test
PPGPAG,1,test
DPGLPGV,1,test
PPSGS,0,test
CFP,0,test
PLGPKGQ,1,test
PAGAS,0,test
LQISLL,0,test
CGPRA,1,test
CDEL,0,test
EGLPGK,1,test
LLWMLLLW,0,test
YGARPG,1,test
PGPNGGG,1,test
GLPGP,1,test
GFVGEKGP,1,test
EVSA,0,test
PGLKGER,1,test
MGP,1,test
QDGRPGPP,1,test
NFWKI,0,test
GSPGNIG,1,test
VGSRGDG,0,test
IGPV,1,test
LGP,1,test
PSGGY,0,test
AGIPGAAV,1,test
ALGPG,1,test
DA,0,test
NVEGVT,0,test
GPPGTPGP,1,test
CVQH,0,test
GPRGLPGE,1,test
TGVT,0,test
PPGKTG,1,test
YDSY,0,test
VPGSAG,0,test
KSTGISVP,0,test
EPGKQGA,1,test
PGPAP,1,test
GGAQLGV,0,test
ASRND,0,test
RLLLLI,0,test
KPVPGGL,1,test
STE,0,test
LNSLKL,0,test
SQQIEN,0,test
PGDLGA,1,test
QGPVG,1,test
GIVGPTG,1,test
PGAAGTP,1,test
GSPGPKGD,1,test
GPTGDR,0,test
VGYQGPP,1,test
RGNR,0,test
GMEEIFG,0,test
QGPTGE,0,test
GMPGPRGS,0,test
GEQGEA,0,test
SSIKGP,0,test
EVGPSG,1,test
EGRQGL,0,test
TPSSPRVP,0,test
QGPR,1,test
GPSGFQGL,1,test
EIIR,0,test
GPPVSF,1,test
VALYT,0,test
MPLPS,0,test
LLALGVC,0,test
RMV,0,test
PGVGVL,1,test
ETGNLKK,0,test
GESGS,0,test
YMD,0,test
GDIKD,0,test
GMPGPR,0,test
VGPTGSV,1,test
ADFGP,1,test
YGF,0,test
ERGSPGA,0,test
IGSPGP,1,test
PIKAPKL,0,test
PAPR,0,test
KTGPI,1,test
IPN,0,test
LTAAL,0,test
PQGEK,0,test
QIPP,0,test
ART,0,test
AQPG,1,test
GPPGLTGP,1,test
LECEG,0,test
GENGL,0,test
FLIS,0,test
PAGQPG,1,test
GPPGSPG,1,test
VTVQ,0,test
GRTGPPGP,0,test
IDGEAG,0,test
EPGLVG,1,test
GPRGPAG,1,test
PAGPAG,1,test
VENFFHG,0,test
PMGERGH,0,test
FGLPGPAG,0,test
GPP,1,test
IPPQI,0,test
ATGTRM,0,test
APGPQG,1,test
WTTRG,0,test
GGAFA,0,test
LGYPI,0,test
PGQRGERG,1,test
ITKT,0,test
PLPIQ,0,test
PPGPPAV,1,test
PGDIKDIV,1,test
PGVAGPPG,1,test
PGPRGPP,1,test
GVNGAPG,0,test
QGRKGDK,0,test
FPGPKGAA,0,test
PPGEG,0,test
GPEGAPG,0,test
GVPGVGVP,1,test
GIRG,0,test
PGSPGAPG,0,test
AYDYC,0,test
QGNQRAH,0,test
EILG,0,test
KGETGP,0,test
GFGRRG,0,test
SGET,0,test
AQFGLVPG,1,test
PGPRGRSG,1,test
KGPRGE,1,test
FPGVP,0,test
TGSC,0,test
CGFGRRGC,0,test
KLEI,0,test
PPGQ,1,test
VVGAGPAA,1,test
VYCDFST,0,test
KQGPSGAS,1,test
MPGQKG,1,test
KLPGG,1,test
KGEGGPPG,1,test
TMVQ,0,test
VPGQPGIK,1,test
PGKDGV,1,test
GGKGFG,0,test
GPMG,1,test
PGNDG,1,test
GGNRPQG,0,test
RGPPGE,1,test
GPPSGGYD,1,test
GVKTPH,0,test
GVTGPKGA,1,test
KTSAVSN,0,test
GPKGADG,1,test
AKGP,0,test
GTKGNKG,0,test
PGPPSAGF,1,test
PGKPGA,1,test
ERGFPG,1,test
GGTQFEYN,0,test
PAGNPGAD,1,test
LLFSSIF,0,test
GVMQGP,1,test
YGYGSY,0,test
VQEKVE,0,test
GGFPGF,0,test
EVRRGP,1,test
RGQPGV,1,test
AAGTPG,1,test
GKDGPK,1,test
PAGPIGPV,1,test
GLRGD,0,test
LPIQASR,0,test
RGDSGP,1,test
LPGMPG,1,test
RGIVGL,0,test
AADFGP,1,test
AGLGPR,1,test
SPGKDGVR,1,test
PRGFPGSP,1,test
PGADGP,1,test
AGKAGYPT,0,test
VTYDGCT,0,test
GATGFPGA,1,test
GNFASQ,0,test
PPGPSGI,1,test
VRGEPGP,1,test
SVKW,0,test
SGGGYDFG,0,test
LVPGGVAD,1,test
NFASRN,0,test
VLHYS,0,test
AAAGLGA,0,test
GPKGAD,1,test
PPGG,1,test
LGTQQ,0,test
GGGALGPG,1,test
QLGPDGL,1,test
PGAAGAK,0,test
AGIRG,0,test
EMG,0,test
GAPGKDGE,1,test
GAPGRAG,1,test
LQGPVG,0,test
KDRLPVG,0,test
GPQGAR,1,test
GNSRFT,0,test
PPGAAGT,1,test
IKGH,0,test
PGPKG,1,test
ARGQ,0,test
GNQSH,0,test
EKGTK,0,test
GFQGPPGE,1,test
GLLGAPGI,1,test
PGPTG,1,test
FPGAAG,1,test
ERL,0,test
QLAFMR,0,test
KGYSG,0,test
GPPSPGP,1,test
QGPPGPA,1,test
GVEG,0,test
YKDKDVW,0,test
TRTL,0,test
GPPGFQGL,1,test
FGECC,0,test
GPAP,1,test
PIGPV,1,test
RGPR,1,test
EVGAPGAP,1,test
PGEKGEG,0,test
PRVPG,1,test
VGPAGA,0,test
PAGFAGP,1,test
GQTGPAG,0,test
QL,0,test
IEYKT,0,test
DGRPGPP,1,test
PYGFGP,0,test
SKCDC,0,test
SEA,0,test
DQEIR,0,test
SVPGPM,1,test
SAGKA,0,test
DGSKKHP,0,test
AQPGGVP,1,test
VMQGP,1,test
LTAALGD,0,test
IPGAP,0,test
PPGKDGA,1,test
HNGLRV,0,test
DPSTNVTG,0,test
KPGALG,0,test
LQGPV,0,test
QGPPGRPG,0,test
PSDSY,0,test
AGVRGSH,0,test
GSVGEPGP,1,test
GAAGRVGP,1,test
PGF,1,test
VGPSGK,1,test
PGGPGADG,0,test
PPGLTGP,1,test
AGAQGPM,0,test
PGMLLKG,1,test
NVKSQ,0,test
PGGKPL,1,test
GIPTY,0,test
EENEAGV,0,test
LGPGGK,1,test
PPGDTG,0,test
RGQPGI,0,test
AAGPS,1,test
QSHRP,0,test
DAGPQGKV,1,test
LYT,0,test
FPGFIGSR,0,test
PGRPGE,1,test
GPRGRSGE,1,test
FFLY,0,test
APPC,0,test
PGEKGEP,1,test
GPGPM,1,test
TGAVGAP,0,test
CQLGP,1,test
VQSGTW,0,test
DQPS,0,test
GPVGKHG,1,test
AGAVV,0,test
PGPIGP,1,test
TAGPQGLL,1,test
SVGEP,0,test
APGPD,0,test
GTPGTD,1,test
GPPGAI,1,test
MGPAG,0,test
KGDPGPP,1,test
GYQGPP,1,test
GRPGL,0,test
AVPPGPP,0,test
PGPVGPS,1,test
SQGHG,0,test
PPGPSGGG,1,test
LALSSAES,0,test
ARGLVG,0,test
