pos,pep,prob
13,AATALLTHG,0.002687
14,ATALLTHG,0.003272
14,ATALLTHGQ,0.003335
15,TALLTHG,0.005429
15,TALLTHGQ,0.004782
15,TALLTHGQE,0.005052
16,ALLTHG,0.014911
16,ALLTHGQ,0.009933
16,ALLTHGQE,0.014076
16,ALLTHGQEE,0.012356
17,LLTHG,0.013414
17,LLTHGQ,0.013425
17,LLTHGQE,0.017185
17,LLTHGQEE,0.013465
17,LLTHGQEEG,0.011211
18,LTHG,0.012478
18,LTHGQ,0.010963
18,LTHGQE,0.011821
18,LTHGQEE,0.008583
18,LTHGQEEG,0.006408
18,LTHGQEEGQ,0.005486
19,THG,0.002559
19,THGQ,0.004999
19,THGQE,0.007306
19,THGQEE,0.003752
19,THGQEEG,0.003361
19,THGQEEGQ,0.002528
19,THGQEEGQE,0.003048
20,HG,0.001714
20,HGQ,0.006305
20,HGQE,0.016963
20,HGQEE,0.024205
20,HGQEEG,0.018552
20,HGQEEGQ,0.008325
20,HGQEEGQE,0.013856
20,HGQEEGQEE,0.013944
21,GQ,0.002188
21,GQE,0.006450
21,GQEE,0.011310
21,GQEEG,0.006722
21,GQEEGQ,0.004916
21,GQEEGQE,0.007697
21,GQEEGQEE,0.006552
21,GQEEGQEEG,0.016437
22,QEEG,0.038089
22,QEEGQ,0.015666
22,QEEGQE,0.020009
22,QEEGQEE,0.034584
22,QEEGQEEG,0.047167
22,QEEGQEEGQ,0.033979
23,EEG,0.037834
23,EEGQ,0.002804
23,EEGQE,0.002054
23,EEGQEE,0.001989
23,EEGQEEG,0.002409
23,EEGQEEGQ,0.011271
23,EEGQEEGQE,0.017173
24,EG,0.034172
24,EGQ,0.004863
24,EGQE,0.011187
24,EGQEE,0.011826
24,EGQEEG,0.012628
24,EGQEEGQ,0.011177
24,EGQEEGQE,0.018124
24,EGQEEGQEE,0.020792
25,GQ,0.002188
25,GQE,0.006450
25,GQEE,0.011310
25,GQEEG,0.006722
25,GQEEGQ,0.004916
25,GQEEGQE,0.007697
25,GQEEGQEE,0.006552
25,GQEEGQEED,0.008488
26,QEEG,0.038089
26,QEEGQ,0.015666
26,QEEGQE,0.020009
26,QEEGQEE,0.034584
26,QEEGQEED,0.039094
26,QEEGQEEDI,0.004981
27,EEG,0.037834
27,EEGQ,0.002804
27,EEGQE,0.002054
27,EEGQEE,0.001989
27,EEGQEED,0.002341
27,EEGQEEDI,0.002213
27,EEGQEEDIP,0.011382
28,EG,0.034172
28,EGQ,0.004863
28,EGQE,0.011187
28,EGQEE,0.011826
28,EGQEED,0.007557
28,EGQEEDI,0.002437
28,EGQEEDIP,0.004740
28,EGQEEDIPA,0.006165
29,GQ,0.002188
29,GQE,0.006450
29,GQEE,0.011310
29,GQEED,0.014107
29,GQEEDI,0.001532
29,GQEEDIP,0.003410
29,GQEEDIPA,0.007224
29,GQEEDIPAV,0.010636
30,QEEDIP,0.003384
30,QEEDIPA,0.008762
30,QEEDIPAV,0.015428
30,QEEDIPAVT,0.017558
31,EEDIP,0.003287
31,EEDIPA,0.005890
31,EEDIPAV,0.008818
31,EEDIPAVT,0.008003
31,EEDIPAVTC,0.008537
32,EDIP,0.005548
32,EDIPA,0.006314
32,EDIPAV,0.009343
32,EDIPAVT,0.007395
32,EDIPAVTC,0.006244
32,EDIPAVTCI,0.010932
33,DIP,0.008180
33,DIPA,0.014933
33,DIPAV,0.016438
33,DIPAVT,0.013474
33,DIPAVTC,0.008145
33,DIPAVTCI,0.012846
33,DIPAVTCIQ,0.019663
34,IP,0.025910
34,IPA,0.029986
34,IPAV,0.015805
34,IPAVT,0.006654
34,IPAVTC,0.002949
34,IPAVTCI,0.002918
34,IPAVTCIQ,0.005299
34,IPAVTCIQD,0.017250
35,PA,0.025900
35,PAV,0.012702
35,PAVT,0.015687
35,PAVTC,0.009526
35,PAVTCI,0.018643
35,PAVTCIQ,0.017125
35,PAVTCIQD,0.032646
35,PAVTCIQDG,0.024324
36,AVTCIQDG,0.006639
36,AVTCIQDGL,0.009454
37,VTCIQDG,0.003620
37,VTCIQDGL,0.004387
37,VTCIQDGLR,0.003900
38,TCIQDG,0.004588
38,TCIQDGL,0.003520
38,TCIQDGLR,0.002643
38,TCIQDGLRY,0.004470
39,CIQDG,0.005155
39,CIQDGL,0.005509
39,CIQDGLR,0.003586
39,CIQDGLRY,0.005534
39,CIQDGLRYH,0.008465
40,IQDG,0.009815
40,IQDGL,0.009687
40,IQDGLR,0.004602
40,IQDGLRY,0.004291
40,IQDGLRYH,0.004784
40,IQDGLRYHD,0.006307
41,QDG,0.010889
41,QDGL,0.027333
41,QDGLR,0.005679
41,QDGLRY,0.006547
41,QDGLRYH,0.006530
41,QDGLRYHD,0.010065
41,QDGLRYHDR,0.002837
42,DG,0.011460
42,DGL,0.016613
42,DGLR,0.003729
42,DGLRY,0.003395
42,DGLRYH,0.003059
42,DGLRYHD,0.002958
42,DGLRYHDR,0.001423
42,DGLRYHDRA,0.002012
43,GL,0.008947
43,GLR,0.002995
43,GLRY,0.003196
43,GLRYH,0.002032
43,GLRYHD,0.004139
43,GLRYHDR,0.001772
43,GLRYHDRA,0.002062
43,GLRYHDRAV,0.002916
46,YHDRAVWKP,0.055039
47,HDRAVWKP,0.012928
47,HDRAVWKPE,0.035624
48,DRAVWKP,0.006438
48,DRAVWKPE,0.029153
48,DRAVWKPEP,0.237892
49,RAVWKP,0.006229
49,RAVWKPE,0.033183
49,RAVWKPEP,0.072701
49,RAVWKPEPC,0.034414
50,AVWKP,0.008685
50,AVWKPE,0.029333
50,AVWKPEP,0.044719
50,AVWKPEPC,0.039052
50,AVWKPEPCR,0.022763
51,VWKP,0.003353
51,VWKPE,0.009250
51,VWKPEP,0.020947
51,VWKPEPC,0.011324
51,VWKPEPCR,0.006851
51,VWKPEPCRV,0.012743
52,WKP,0.013401
52,WKPE,0.013326
52,WKPEP,0.023793
52,WKPEPC,0.010074
52,WKPEPCR,0.003705
52,WKPEPCRV,0.008969
52,WKPEPCRVC,0.006542
53,KP,0.007463
53,KPE,0.011422
53,KPEP,0.023383
53,KPEPC,0.006358
53,KPEPCR,0.002667
53,KPEPCRV,0.006680
53,KPEPCRVC,0.004154
53,KPEPCRVCI,0.006000
54,PE,0.024438
54,PEP,0.031565
54,PEPC,0.010949
54,PEPCR,0.003435
54,PEPCRV,0.006633
54,PEPCRVC,0.004396
54,PEPCRVCI,0.007203
54,PEPCRVCIC,0.007607
55,EP,0.028444
55,EPC,0.029952
55,EPCR,0.006437
55,EPCRV,0.011570
55,EPCRVC,0.007122
55,EPCRVCI,0.007666
55,EPCRVCIC,0.005706
55,EPCRVCICD,0.008319
56,PC,0.007176
56,PCR,0.002073
56,PCRV,0.003536
56,PCRVC,0.003017
56,PCRVCI,0.001991
56,PCRVCIC,0.001794
56,PCRVCICD,0.002179
56,PCRVCICDN,0.003144
57,CRVCICDNG,0.001077
58,RVCICDNG,0.000852
58,RVCICDNGN,0.001287
59,VCICDNG,0.000538
59,VCICDNGN,0.000741
59,VCICDNGNV,0.001120
60,CICDNG,0.001778
60,CICDNGN,0.001155
60,CICDNGNV,0.000957
60,CICDNGNVL,0.001700
61,ICDNG,0.001681
61,ICDNGN,0.001751
61,ICDNGNV,0.001832
61,ICDNGNVL,0.002336
61,ICDNGNVLC,0.001699
62,CDNG,0.006993
62,CDNGN,0.003073
62,CDNGNV,0.002034
62,CDNGNVL,0.002425
62,CDNGNVLC,0.001376
62,CDNGNVLCD,0.001802
63,DNG,0.006341
63,DNGN,0.005682
63,DNGNV,0.003544
63,DNGNVL,0.004028
63,DNGNVLC,0.002318
63,DNGNVLCD,0.002697
63,DNGNVLCDD,0.002660
64,NG,0.005985
64,NGN,0.011578
64,NGNV,0.007946
64,NGNVL,0.014750
64,NGNVLC,0.003846
64,NGNVLCD,0.003561
64,NGNVLCDD,0.003724
64,NGNVLCDDV,0.005777
65,GN,0.004347
65,GNV,0.005090
65,GNVL,0.014794
65,GNVLC,0.005743
65,GNVLCD,0.003161
65,GNVLCDD,0.002510
65,GNVLCDDV,0.003166
65,GNVLCDDVI,0.004347
73,ICEDTKNCP,0.003581
74,CEDTKNCP,0.000977
74,CEDTKNCPG,0.006913
75,EDTKNCP,0.001537
75,EDTKNCPG,0.012155
75,EDTKNCPGA,0.063667
76,DTKNCP,0.000579
76,DTKNCPG,0.008352
76,DTKNCPGA,0.022058
76,DTKNCPGAS,0.018301
77,TKNCP,0.000922
77,TKNCPG,0.005241
77,TKNCPGA,0.009525
77,TKNCPGAS,0.008223
77,TKNCPGASV,0.019316
78,KNCP,0.001605
78,KNCPG,0.003790
78,KNCPGA,0.005079
78,KNCPGAS,0.003713
78,KNCPGASV,0.025980
78,KNCPGASVP,0.026788
79,NCP,0.001997
79,NCPG,0.015659
79,NCPGA,0.019758
79,NCPGAS,0.007836
79,NCPGASV,0.016048
79,NCPGASVP,0.026131
79,NCPGASVPK,0.033609
80,CP,0.011252
80,CPG,0.059083
80,CPGA,0.052518
80,CPGAS,0.023262
80,CPGASV,0.040562
80,CPGASVP,0.040247
80,CPGASVPK,0.066015
80,CPGASVPKD,0.107277
81,PG,0.984215
81,PGA,0.942234
81,PGAS,0.836770
81,PGASV,0.897444
81,PGASVP,0.839248
81,PGASVPK,0.860690
81,PGASVPKD,0.916227
81,PGASVPKDE,0.786698
82,GA,0.005258
82,GAS,0.006314
82,GASV,0.004578
82,GASVP,0.015540
82,GASVPK,0.021812
82,GASVPKD,0.010752
82,GASVPKDE,0.005647
82,GASVPKDEC,0.006574
83,ASVP,0.012764
83,ASVPK,0.017510
83,ASVPKD,0.010446
83,ASVPKDE,0.007237
83,ASVPKDEC,0.006943
83,ASVPKDECC,0.004215
84,SVP,0.018059
84,SVPK,0.010706
84,SVPKD,0.007994
84,SVPKDE,0.005290
84,SVPKDEC,0.004331
84,SVPKDECC,0.002478
84,SVPKDECCP,0.003209
85,VP,0.018570
85,VPK,0.006725
85,VPKD,0.005697
85,VPKDE,0.004744
85,VPKDEC,0.004479
85,VPKDECC,0.002171
85,VPKDECCP,0.001439
85,VPKDECCPV,0.001637
86,PK,0.004766
86,PKD,0.005836
86,PKDE,0.005154
86,PKDEC,0.003484
86,PKDECC,0.001047
86,PKDECCP,0.001415
86,PKDECCPV,0.001822
86,PKDECCPVC,0.000933
87,KDECCP,0.001390
87,KDECCPV,0.001963
87,KDECCPVC,0.000992
87,KDECCPVCP,0.003104
88,DECCP,0.000672
88,DECCPV,0.001257
88,DECCPVC,0.000500
88,DECCPVCP,0.000989
88,DECCPVCPE,0.000913
89,ECCP,0.002495
89,ECCPV,0.001646
89,ECCPVC,0.001009
89,ECCPVCP,0.000794
89,ECCPVCPE,0.000899
89,ECCPVCPEG,0.001908
90,CCP,0.008720
90,CCPV,0.002925
90,CCPVC,0.002452
90,CCPVCP,0.001510
90,CCPVCPE,0.001287
90,CCPVCPEG,0.001784
90,CCPVCPEGQ,0.001755
91,CP,0.011252
91,CPV,0.006585
91,CPVC,0.003472
91,CPVCP,0.001707
91,CPVCPE,0.001308
91,CPVCPEG,0.001601
91,CPVCPEGQ,0.001295
91,CPVCPEGQV,0.001791
92,PV,0.016773
92,PVC,0.004677
92,PVCP,0.003567
92,PVCPE,0.003571
92,PVCPEG,0.004287
92,PVCPEGQ,0.004672
92,PVCPEGQV,0.007721
92,PVCPEGQVS,0.007648
93,VCP,0.007895
93,VCPE,0.004438
93,VCPEG,0.004426
93,VCPEGQ,0.005155
93,VCPEGQV,0.004800
93,VCPEGQVS,0.004587
93,VCPEGQVSP,0.006914
94,CP,0.011252
94,CPE,0.004644
94,CPEG,0.002467
94,CPEGQ,0.001994
94,CPEGQV,0.003914
94,CPEGQVS,0.003067
94,CPEGQVSP,0.005006
94,CPEGQVSPT,0.005971
95,PE,0.024438
95,PEG,0.048657
95,PEGQ,0.036544
95,PEGQV,0.020962
95,PEGQVS,0.026002
95,PEGQVSP,0.031888
95,PEGQVSPT,0.048584
95,PEGQVSPTD,0.046699
96,EG,0.034172
96,EGQ,0.004863
96,EGQV,0.007919
96,EGQVS,0.010409
96,EGQVSP,0.026468
96,EGQVSPT,0.048637
96,EGQVSPTD,0.053138
96,EGQVSPTDD,0.039001
97,GQ,0.002188
97,GQV,0.004710
97,GQVS,0.009271
97,GQVSP,0.028408
97,GQVSPT,0.047858
97,GQVSPTD,0.030923
97,GQVSPTDD,0.019893
97,GQVSPTDDQ,0.021781
98,QVSP,0.029421
98,QVSPT,0.038123
98,QVSPTD,0.027324
98,QVSPTDD,0.016265
98,QVSPTDDQ,0.011724
98,QVSPTDDQT,0.011002
99,VSP,0.029254
99,VSPT,0.018164
99,VSPTD,0.019466
99,VSPTDD,0.013487
99,VSPTDDQ,0.010181
99,VSPTDDQT,0.009061
99,VSPTDDQTT,0.008084
100,SP,0.050931
100,SPT,0.045559
100,SPTD,0.026571
100,SPTDD,0.022554
100,SPTDDQ,0.019429
100,SPTDDQT,0.022167
100,SPTDDQTT,0.019318
100,SPTDDQTTG,0.020919
101,PT,0.009239
101,PTD,0.008902
101,PTDD,0.006629
101,PTDDQ,0.006731
101,PTDDQT,0.005751
101,PTDDQTT,0.003686
101,PTDDQTTG,0.005142
101,PTDDQTTGV,0.006422
102,TDDQTTG,0.004316
102,TDDQTTGV,0.003215
102,TDDQTTGVE,0.002798
103,DDQTTG,0.004588
103,DDQTTGV,0.003994
103,DDQTTGVE,0.002503
103,DDQTTGVEG,0.001931
104,DQTTG,0.005387
104,DQTTGV,0.006987
104,DQTTGVE,0.006162
104,DQTTGVEG,0.002618
104,DQTTGVEGP,0.700395
105,QTTG,0.024419
105,QTTGV,0.015080
105,QTTGVE,0.013944
105,QTTGVEG,0.005718
105,QTTGVEGP,0.826256
105,QTTGVEGPK,0.626067
106,TTG,0.005224
106,TTGV,0.009349
106,TTGVE,0.009858
106,TTGVEG,0.003108
106,TTGVEGP,0.589612
106,TTGVEGPK,0.559586
106,TTGVEGPKG,0.368393
107,TG,0.004370
107,TGV,0.012598
107,TGVE,0.015773
107,TGVEG,0.005314
107,TGVEGP,0.576852
107,TGVEGPK,0.360998
107,TGVEGPKG,0.945098
107,TGVEGPKGD,0.965569
108,GV,0.001845
108,GVE,0.007592
108,GVEG,0.008101
108,GVEGP,0.711063
108,GVEGPK,0.218682
108,GVEGPKG,0.560181
108,GVEGPKGD,0.853754
108,GVEGPKGDT,0.776156
109,VEG,0.008535
109,VEGP,0.915297
109,VEGPK,0.344924
109,VEGPKG,0.400356
109,VEGPKGD,0.324295
109,VEGPKGDT,0.258452
109,VEGPKGDTG,0.891218
110,EG,0.034172
110,EGP,0.946324
110,EGPK,0.520444
110,EGPKG,0.453436
110,EGPKGD,0.311736
110,EGPKGDT,0.213711
110,EGPKGDTG,0.457613
110,EGPKGDTGP,0.540824
111,GP,0.971328
111,GPK,0.950919
111,GPKG,0.748810
111,GPKGD,0.663271
111,GPKGDT,0.499174
111,GPKGDTG,0.559027
111,GPKGDTGP,0.465797
111,GPKGDTGPR,0.881943
112,PK,0.004766
112,PKG,0.009898
112,PKGD,0.009343
112,PKGDT,0.011255
112,PKGDTG,0.040689
112,PKGDTGP,0.421855
112,PKGDTGPR,0.586953
112,PKGDTGPRG,0.901031
113,KG,0.000691
113,KGD,0.005503
113,KGDT,0.005573
113,KGDTG,0.005383
113,KGDTGP,0.553080
113,KGDTGPR,0.619743
113,KGDTGPRG,0.525426
113,KGDTGPRGP,0.341515
114,GD,0.003753
114,GDT,0.010306
114,GDTG,0.024619
114,GDTGP,0.606269
114,GDTGPR,0.592682
114,GDTGPRG,0.554687
114,GDTGPRGP,0.413761
114,GDTGPRGPR,0.359814
115,DTG,0.005634
115,DTGP,0.760554
115,DTGPR,0.654800
115,DTGPRG,0.628439
115,DTGPRGP,0.507915
115,DTGPRGPR,0.426878
115,DTGPRGPRG,0.310520
116,TG,0.004370
116,TGP,0.971638
116,TGPR,0.904696
116,TGPRG,0.852346
116,TGPRGP,0.673872
116,TGPRGPR,0.685938
116,TGPRGPRG,0.517282
116,TGPRGPRGP,0.443649
117,GP,0.971328
117,GPR,0.907705
117,GPRG,0.742386
117,GPRGP,0.704775
117,GPRGPR,0.378048
117,GPRGPRG,0.374390
117,GPRGPRGP,0.324012
117,GPRGPRGPA,0.449576
118,PR,0.007290
118,PRG,0.041221
118,PRGP,0.665405
118,PRGPR,0.558714
118,PRGPRG,0.370677
118,PRGPRGP,0.179713
118,PRGPRGPA,0.536948
118,PRGPRGPAG,0.494924
119,RG,0.020423
119,RGP,0.773900
119,RGPR,0.606143
119,RGPRG,0.466284
119,RGPRGP,0.258268
119,RGPRGPA,0.496963
119,RGPRGPAG,0.509999
119,RGPRGPAGP,0.562480
120,GP,0.971328
120,GPR,0.907705
120,GPRG,0.742386
120,GPRGP,0.704775
120,GPRGPA,0.610948
120,GPRGPAG,0.608218
120,GPRGPAGP,0.758021
120,GPRGPAGPP,0.773701
121,PR,0.007290
121,PRG,0.041221
121,PRGP,0.665405
121,PRGPA,0.664132
121,PRGPAG,0.639339
121,PRGPAGP,0.650243
121,PRGPAGPP,0.687004
121,PRGPAGPPG,0.675602
122,RG,0.020423
122,RGP,0.773900
122,RGPA,0.731336
122,RGPAG,0.734765
122,RGPAGP,0.579927
122,RGPAGPP,0.635673
122,RGPAGPPG,0.646272
122,RGPAGPPGR,0.532554
123,GP,0.971328
123,GPA,0.923298
123,GPAG,0.878009
123,GPAGP,0.757013
123,GPAGPP,0.787428
123,GPAGPPG,0.778573
123,GPAGPPGR,0.557522
123,GPAGPPGRD,0.672242
124,PA,0.025900
124,PAG,0.144925
124,PAGP,0.763311
124,PAGPP,0.744059
124,PAGPPG,0.718038
124,PAGPPGR,0.611810
124,PAGPPGRD,0.623041
124,PAGPPGRDG,0.536511
125,AG,0.095042
125,AGP,0.894527
125,AGPP,0.753472
125,AGPPG,0.732161
125,AGPPGR,0.652180
125,AGPPGRD,0.601136
125,AGPPGRDG,0.498836
125,AGPPGRDGI,0.740433
126,GP,0.971328
126,GPP,0.958167
126,GPPG,0.931611
126,GPPGR,0.662942
126,GPPGRD,0.496143
126,GPPGRDG,0.437914
126,GPPGRDGI,0.415471
126,GPPGRDGIP,0.487954
127,PP,0.048185
127,PPG,0.974962
127,PPGR,0.775437
127,PPGRD,0.661198
127,PPGRDG,0.510715
127,PPGRDGI,0.617463
127,PPGRDGIP,0.487213
127,PPGRDGIPG,0.313204
128,PG,0.984215
128,PGR,0.913893
128,PGRD,0.774376
128,PGRDG,0.679762
128,PGRDGI,0.284476
128,PGRDGIP,0.053897
128,PGRDGIPG,0.268174
128,PGRDGIPGQ,0.492780
129,GR,0.021570
129,GRD,0.001962
129,GRDG,0.005571
129,GRDGI,0.001060
129,GRDGIP,0.003895
129,GRDGIPG,0.059061
129,GRDGIPGQ,0.126625
129,GRDGIPGQP,0.742227
130,RDG,0.009408
130,RDGI,0.002196
130,RDGIP,0.005049
130,RDGIPG,0.273313
130,RDGIPGQ,0.224014
130,RDGIPGQP,0.519309
130,RDGIPGQPG,0.341331
131,DG,0.011460
131,DGI,0.004346
131,DGIP,0.009477
131,DGIPG,0.569240
131,DGIPGQ,0.493536
131,DGIPGQP,0.724240
131,DGIPGQPG,0.959663
131,DGIPGQPGL,0.957393
132,GI,0.003405
132,GIP,0.025695
132,GIPG,0.878751
132,GIPGQ,0.775065
132,GIPGQP,0.779675
132,GIPGQPG,0.937720
132,GIPGQPGL,0.926803
132,GIPGQPGLP,0.965694
133,IP,0.025910
133,IPG,0.979493
133,IPGQ,0.677172
133,IPGQP,0.835263
133,IPGQPG,0.850315
133,IPGQPGL,0.849950
133,IPGQPGLP,0.881130
133,IPGQPGLPG,0.881919
134,PG,0.984215
134,PGQ,0.966333
134,PGQP,0.930595
134,PGQPG,0.832191
134,PGQPGL,0.755497
134,PGQPGLP,0.690668
134,PGQPGLPG,0.894027
134,PGQPGLPGP,0.956336
135,GQ,0.002188
135,GQP,0.029882
135,GQPG,0.877056
135,GQPGL,0.888640
135,GQPGLP,0.678581
135,GQPGLPG,0.845974
135,GQPGLPGP,0.775119
135,GQPGLPGPP,0.679183
136,QP,0.031039
136,QPG,0.929349
136,QPGL,0.884592
136,QPGLP,0.701412
136,QPGLPG,0.744750
136,QPGLPGP,0.516220
136,QPGLPGPP,0.504106
136,QPGLPGPPG,0.471817
137,PG,0.984215
137,PGL,0.960443
137,PGLP,0.917751
137,PGLPG,0.868901
137,PGLPGP,0.568953
137,PGLPGPP,0.320378
137,PGLPGPPG,0.406316
137,PGLPGPPGP,0.636100
138,GL,0.008947
138,GLP,0.026638
138,GLPG,0.936475
138,GLPGP,0.791989
138,GLPGPP,0.733953
138,GLPGPPG,0.750126
138,GLPGPPGP,0.728306
138,GLPGPPGPP,0.717618
139,LP,0.022451
139,LPG,0.979919
139,LPGP,0.815778
139,LPGPP,0.731779
139,LPGPPG,0.565848
139,LPGPPGP,0.548719
139,LPGPPGPP,0.470379
139,LPGPPGPPG,0.379148
140,PG,0.984215
140,PGP,0.963309
140,PGPP,0.924297
140,PGPPG,0.877939
140,PGPPGP,0.774884
140,PGPPGPP,0.799673
140,PGPPGPPG,0.698014
140,PGPPGPPGP,0.599319
141,GP,0.971328
141,GPP,0.958167
141,GPPG,0.931611
141,GPPGP,0.819214
141,GPPGPP,0.828238
141,GPPGPPG,0.879996
141,GPPGPPGP,0.713947
141,GPPGPPGPP,0.739674
142,PP,0.048185
142,PPG,0.974962
142,PPGP,0.865923
142,PPGPP,0.862933
142,PPGPPG,0.834135
142,PPGPPGP,0.771523
142,PPGPPGPP,0.685930
142,PPGPPGPPG,0.509513
143,PG,0.984215
143,PGP,0.963309
143,PGPP,0.924297
143,PGPPG,0.877939
143,PGPPGP,0.774884
143,PGPPGPP,0.799673
143,PGPPGPPG,0.698014
143,PGPPGPPGP,0.599319
144,GP,0.971328
144,GPP,0.958167
144,GPPG,0.931611
144,GPPGP,0.819214
144,GPPGPP,0.828238
144,GPPGPPG,0.879996
144,GPPGPPGP,0.713947
144,GPPGPPGPP,0.739674
145,PP,0.048185
145,PPG,0.974962
145,PPGP,0.865923
145,PPGPP,0.862933
145,PPGPPG,0.834135
145,PPGPPGP,0.771523
145,PPGPPGPP,0.685930
145,PPGPPGPPG,0.509513
146,PG,0.984215
146,PGP,0.963309
146,PGPP,0.924297
146,PGPPG,0.877939
146,PGPPGP,0.774884
146,PGPPGPP,0.799673
146,PGPPGPPG,0.698014
146,PGPPGPPGL,0.829248
147,GP,0.971328
147,GPP,0.958167
147,GPPG,0.931611
147,GPPGP,0.819214
147,GPPGPP,0.828238
147,GPPGPPG,0.879996
147,GPPGPPGL,0.924201
147,GPPGPPGLG,0.845516
148,PP,0.048185
148,PPG,0.974962
148,PPGP,0.865923
148,PPGPP,0.862933
148,PPGPPG,0.834135
148,PPGPPGL,0.703678
148,PPGPPGLG,0.674980
148,PPGPPGLGG,0.611528
149,PG,0.984215
149,PGP,0.963309
149,PGPP,0.924297
149,PGPPG,0.877939
149,PGPPGL,0.589033
149,PGPPGLG,0.619971
149,PGPPGLGG,0.616637
149,PGPPGLGGN,0.428650
150,GP,0.971328
150,GPP,0.958167
150,GPPG,0.931611
150,GPPGL,0.845722
150,GPPGLG,0.788326
150,GPPGLGG,0.731685
150,GPPGLGGN,0.582870
150,GPPGLGGNF,0.582671
151,PP,0.048185
151,PPG,0.974962
151,PPGL,0.884101
151,PPGLG,0.782411
151,PPGLGG,0.709462
151,PPGLGGN,0.560971
151,PPGLGGNF,0.743677
151,PPGLGGNFA,0.648010
152,PG,0.984215
152,PGL,0.960443
152,PGLG,0.861973
152,PGLGG,0.785084
152,PGLGGN,0.625567
152,PGLGGNF,0.934130
152,PGLGGNFA,0.710795
152,PGLGGNFAP,0.140088
153,GL,0.008947
153,GLG,0.017616
153,GLGG,0.042672
153,GLGGN,0.052594
153,GLGGNF,0.009190
153,GLGGNFA,0.006742
153,GLGGNFAP,0.008976
153,GLGGNFAPQ,0.014414
154,LG,0.041889
154,LGG,0.048534
154,LGGN,0.024825
154,LGGNF,0.004365
154,LGGNFA,0.002827
154,LGGNFAP,0.004165
154,LGGNFAPQ,0.009577
154,LGGNFAPQL,0.009652
155,GG,0.071735
155,GGN,0.024932
155,GGNF,0.009682
155,GGNFA,0.011507
155,GGNFAP,0.011049
155,GGNFAPQ,0.007770
155,GGNFAPQL,0.007263
155,GGNFAPQLS,0.008031
156,GN,0.004347
156,GNF,0.008142
156,GNFA,0.008800
156,GNFAP,0.011778
156,GNFAPQ,0.013328
156,GNFAPQL,0.006416
156,GNFAPQLS,0.004207
156,GNFAPQLSY,0.006740
157,NFAP,0.012929
157,NFAPQ,0.017134
157,NFAPQL,0.011393
157,NFAPQLS,0.007520
157,NFAPQLSY,0.006170
157,NFAPQLSYG,0.011558
158,FAP,0.039456
158,FAPQ,0.041546
158,FAPQL,0.013395
158,FAPQLS,0.003014
158,FAPQLSY,0.004506
158,FAPQLSYG,0.011316
158,FAPQLSYGY,0.013607
159,AP,0.028599
159,APQ,0.027129
159,APQL,0.035091
159,APQLS,0.018252
159,APQLSY,0.013021
159,APQLSYG,0.052500
159,APQLSYGY,0.036603
159,APQLSYGYD,0.065452
160,PQ,0.012361
160,PQL,0.017101
160,PQLS,0.015549
160,PQLSY,0.010556
160,PQLSYG,0.108635
160,PQLSYGY,0.091274
160,PQLSYGYD,0.065452
160,PQLSYGYDE,0.059816
161,QLSYG,0.033293
161,QLSYGY,0.009985
161,QLSYGYD,0.006497
161,QLSYGYDE,0.004229
161,QLSYGYDEK,0.006231
162,LSYG,0.061105
162,LSYGY,0.009678
162,LSYGYD,0.005285
162,LSYGYDE,0.003780
162,LSYGYDEK,0.005692
162,LSYGYDEKS,0.007642
163,SYG,0.008466
163,SYGY,0.005540
163,SYGYD,0.003494
163,SYGYDE,0.001755
163,SYGYDEK,0.002549
163,SYGYDEKS,0.002740
163,SYGYDEKSA,0.004480
164,YG,0.031177
164,YGY,0.005055
164,YGYD,0.005103
164,YGYDE,0.003429
164,YGYDEK,0.003369
164,YGYDEKS,0.002798
164,YGYDEKSA,0.005052
164,YGYDEKSAG,0.006251
165,GY,0.001781
165,GYD,0.002777
165,GYDE,0.005827
165,GYDEK,0.003446
165,GYDEKS,0.002595
165,GYDEKSA,0.002996
165,GYDEKSAG,0.002608
165,GYDEKSAGI,0.003868
166,YDEKSAG,0.002949
166,YDEKSAGI,0.005623
166,YDEKSAGIS,0.005727
167,DEKSAG,0.002703
167,DEKSAGI,0.003536
167,DEKSAGIS,0.002099
167,DEKSAGISV,0.003069
168,EKSAG,0.002783
168,EKSAGI,0.002629
168,EKSAGIS,0.002654
168,EKSAGISV,0.003353
168,EKSAGISVP,0.045683
169,KSAG,0.014558
169,KSAGI,0.013189
169,KSAGIS,0.011901
169,KSAGISV,0.011235
169,KSAGISVP,0.033754
169,KSAGISVPG,0.896534
170,SAG,0.016527
170,SAGI,0.012457
170,SAGIS,0.008234
170,SAGISV,0.008463
170,SAGISVP,0.031648
170,SAGISVPG,0.912526
170,SAGISVPGP,0.857695
171,AG,0.095042
171,AGI,0.031955
171,AGIS,0.011043
171,AGISV,0.013272
171,AGISVP,0.043948
171,AGISVPG,0.920298
171,AGISVPGP,0.803821
171,AGISVPGPM,0.824303
172,GI,0.003405
172,GIS,0.005833
172,GISV,0.012327
172,GISVP,0.043699
172,GISVPG,0.942225
172,GISVPGP,0.762738
172,GISVPGPM,0.865672
172,GISVPGPMG,0.811514
173,ISVP,0.018774
173,ISVPG,0.955115
173,ISVPGP,0.824762
173,ISVPGPM,0.861433
173,ISVPGPMG,0.831573
173,ISVPGPMGP,0.760016
174,SVP,0.018059
174,SVPG,0.896035
174,SVPGP,0.625098
174,SVPGPM,0.522149
174,SVPGPMG,0.526724
174,SVPGPMGP,0.504793
174,SVPGPMGPS,0.514523
175,VP,0.018570
175,VPG,0.963080
175,VPGP,0.708397
175,VPGPM,0.559747
175,VPGPMG,0.559571
175,VPGPMGP,0.610987
175,VPGPMGPS,0.619733
175,VPGPMGPSG,0.630218
176,PG,0.984215
176,PGP,0.963309
176,PGPM,0.735369
176,PGPMG,0.648606
176,PGPMGP,0.784885
176,PGPMGPS,0.738609
176,PGPMGPSG,0.840434
176,PGPMGPSGP,0.844472
177,GP,0.971328
177,GPM,0.821594
177,GPMG,0.653965
177,GPMGP,0.767089
177,GPMGPS,0.596764
177,GPMGPSG,0.753929
177,GPMGPSGP,0.780104
177,GPMGPSGPR,0.829058
178,PM,0.025110
178,PMG,0.031233
178,PMGP,0.645593
178,PMGPS,0.573491
178,PMGPSG,0.650809
178,PMGPSGP,0.625322
178,PMGPSGPR,0.836102
178,PMGPSGPRG,0.815910
179,MG,0.011941
179,MGP,0.941993
179,MGPS,0.905291
179,MGPSG,0.882952
179,MGPSGP,0.682117
179,MGPSGPR,0.749650
179,MGPSGPRG,0.739384
179,MGPSGPRGL,0.760799
180,GP,0.971328
180,GPS,0.956545
180,GPSG,0.939171
180,GPSGP,0.847763
180,GPSGPR,0.733194
180,GPSGPRG,0.700663
180,GPSGPRGL,0.858154
180,GPSGPRGLP,0.896722
181,PS,0.026360
181,PSG,0.032505
181,PSGP,0.863166
181,PSGPR,0.817295
181,PSGPRG,0.777888
181,PSGPRGL,0.833880
181,PSGPRGLP,0.811427
181,PSGPRGLPG,0.751644
182,SG,0.008336
182,SGP,0.934996
182,SGPR,0.838000
182,SGPRG,0.735504
182,SGPRGL,0.664138
182,SGPRGLP,0.586285
182,SGPRGLPG,0.868023
182,SGPRGLPGP,0.906786
183,GP,0.971328
183,GPR,0.907705
183,GPRG,0.742386
183,GPRGL,0.681685
183,GPRGLP,0.696869
183,GPRGLPG,0.927055
183,GPRGLPGP,0.952450
183,GPRGLPGPP,0.916148
184,PR,0.007290
184,PRG,0.041221
184,PRGL,0.015690
184,PRGLP,0.013627
184,PRGLPG,0.729866
184,PRGLPGP,0.573698
184,PRGLPGPP,0.611495
184,PRGLPGPPG,0.649189
185,RG,0.020423
185,RGL,0.007247
185,RGLP,0.011198
185,RGLPG,0.884482
185,RGLPGP,0.691011
185,RGLPGPP,0.684460
185,RGLPGPPG,0.761229
185,RGLPGPPGA,0.691779
186,GL,0.008947
186,GLP,0.026638
186,GLPG,0.936475
186,GLPGP,0.791989
186,GLPGPP,0.733953
186,GLPGPPG,0.750126
186,GLPGPPGA,0.624210
186,GLPGPPGAP,0.688876
187,LP,0.022451
187,LPG,0.979919
187,LPGP,0.815778
187,LPGPP,0.731779
187,LPGPPG,0.565848
187,LPGPPGA,0.601754
187,LPGPPGAP,0.628473
187,LPGPPGAPG,0.603246
188,PG,0.984215
188,PGP,0.963309
188,PGPP,0.924297
188,PGPPG,0.877939
188,PGPPGA,0.714676
188,PGPPGAP,0.823387
188,PGPPGAPG,0.725944
188,PGPPGAPGP,0.786757
189,GP,0.971328
189,GPP,0.958167
189,GPPG,0.931611
189,GPPGA,0.815323
189,GPPGAP,0.829689
189,GPPGAPG,0.711614
189,GPPGAPGP,0.711424
189,GPPGAPGPQ,0.716424
190,PP,0.048185
190,PPG,0.974962
190,PPGA,0.843118
190,PPGAP,0.830975
190,PPGAPG,0.709718
190,PPGAPGP,0.656654
190,PPGAPGPQ,0.634529
190,PPGAPGPQG,0.636215
191,PG,0.984215
191,PGA,0.942234
191,PGAP,0.878822
191,PGAPG,0.797336
191,PGAPGP,0.738354
191,PGAPGPQ,0.803887
191,PGAPGPQG,0.892577
191,PGAPGPQGF,0.932347
192,GA,0.005258
192,GAP,0.030559
192,GAPG,0.875970
192,GAPGP,0.750594
192,GAPGPQ,0.731308
192,GAPGPQG,0.733933
192,GAPGPQGF,0.779924
192,GAPGPQGFQ,0.908291
193,AP,0.028599
193,APG,0.936200
193,APGP,0.742453
193,APGPQ,0.664118
193,APGPQG,0.715089
193,APGPQGF,0.645694
193,APGPQGFQ,0.830315
193,APGPQGFQG,0.893528
194,PG,0.984215
194,PGP,0.963309
194,PGPQ,0.902363
194,PGPQG,0.783554
194,PGPQGF,0.721303
194,PGPQGFQ,0.951901
194,PGPQGFQG,0.993152
194,PGPQGFQGP,0.993355
195,GP,0.971328
195,GPQ,0.932174
195,GPQG,0.915791
195,GPQGF,0.750868
195,GPQGFQ,0.837275
195,GPQGFQG,0.986592
195,GPQGFQGP,0.993232
195,GPQGFQGPP,0.989221
196,PQ,0.012361
196,PQG,0.038976
196,PQGF,0.021213
196,PQGFQ,0.044014
196,PQGFQG,0.072426
196,PQGFQGP,0.759887
196,PQGFQGPP,0.967770
196,PQGFQGPPG,0.977201
197,QG,0.008637
197,QGF,0.014476
197,QGFQ,0.009592
197,QGFQG,0.008253
197,QGFQGP,0.839114
197,QGFQGPP,0.976311
197,QGFQGPPG,0.948554
197,QGFQGPPGE,0.796685
198,GF,0.004443
198,GFQ,0.007660
198,GFQG,0.006966
198,GFQGP,0.897520
198,GFQGPP,0.867695
198,GFQGPPG,0.964199
198,GFQGPPGE,0.527906
198,GFQGPPGEP,0.552323
199,FQG,0.167415
199,FQGP,0.954659
199,FQGPP,0.777164
199,FQGPPG,0.926644
199,FQGPPGE,0.892521
199,FQGPPGEP,0.892726
199,FQGPPGEPG,0.510068
200,QG,0.008637
200,QGP,0.908988
200,QGPP,0.814668
200,QGPPG,0.820952
200,QGPPGE,0.547813
200,QGPPGEP,0.513805
200,QGPPGEPG,0.383294
200,QGPPGEPGE,0.167350
201,GP,0.971328
201,GPP,0.958167
201,GPPG,0.931611
201,GPPGE,0.904360
201,GPPGEP,0.815787
201,GPPGEPG,0.744452
201,GPPGEPGE,0.835743
201,GPPGEPGEP,0.908707
202,PP,0.048185
202,PPG,0.974962
202,PPGE,0.942501
202,PPGEP,0.804648
202,PPGEPG,0.665421
202,PPGEPGE,0.088078
202,PPGEPGEP,0.194388
202,PPGEPGEPG,0.306580
203,PG,0.984215
203,PGE,0.864290
203,PGEP,0.950308
203,PGEPG,0.871666
203,PGEPGE,0.409297
203,PGEPGEP,0.118850
203,PGEPGEPG,0.163014
203,PGEPGEPGA,0.104545
204,GE,0.018801
204,GEP,0.073397
204,GEPG,0.893722
204,GEPGE,0.903602
204,GEPGEP,0.880637
204,GEPGEPG,0.937849
204,GEPGEPGA,0.523317
204,GEPGEPGAS,0.708310
205,EP,0.028444
205,EPG,0.961169
205,EPGE,0.926862
205,EPGEP,0.935603
205,EPGEPG,0.589390
205,EPGEPGA,0.560894
205,EPGEPGAS,0.751128
205,EPGEPGASG,0.563509
206,PG,0.984215
206,PGE,0.864290
206,PGEP,0.950308
206,PGEPG,0.871666
206,PGEPGA,0.685788
206,PGEPGAS,0.728612
206,PGEPGASG,0.584023
206,PGEPGASGP,0.498739
207,GE,0.018801
207,GEP,0.073397
207,GEPG,0.893722
207,GEPGA,0.788267
207,GEPGAS,0.664685
207,GEPGASG,0.545490
207,GEPGASGP,0.424023
207,GEPGASGPM,0.551045
208,EP,0.028444
208,EPG,0.961169
208,EPGA,0.837706
208,EPGAS,0.698549
208,EPGASG,0.568282
208,EPGASGP,0.383173
208,EPGASGPM,0.381930
208,EPGASGPMG,0.372847
209,PG,0.984215
209,PGA,0.942234
209,PGAS,0.836770
209,PGASG,0.780329
209,PGASGP,0.644508
209,PGASGPM,0.524913
209,PGASGPMG,0.589200
209,PGASGPMGP,0.615100
210,GA,0.005258
210,GAS,0.006314
210,GASG,0.022537
210,GASGP,0.778106
210,GASGPM,0.496090
210,GASGPMG,0.548446
210,GASGPMGP,0.437493
210,GASGPMGPR,0.694616
211,ASG,0.017936
211,ASGP,0.759941
211,ASGPM,0.524724
211,ASGPMG,0.521436
211,ASGPMGP,0.501462
211,ASGPMGPR,0.670946
211,ASGPMGPRG,0.732088
212,SG,0.008336
212,SGP,0.934996
212,SGPM,0.529492
212,SGPMG,0.499409
212,SGPMGP,0.477223
212,SGPMGPR,0.620710
212,SGPMGPRG,0.746038
212,SGPMGPRGP,0.819909
213,GP,0.971328
213,GPM,0.821594
213,GPMG,0.653965
213,GPMGP,0.767089
213,GPMGPR,0.687891
213,GPMGPRG,0.805914
213,GPMGPRGP,0.831788
213,GPMGPRGPP,0.820514
214,PM,0.025110
214,PMG,0.031233
214,PMGP,0.645593
214,PMGPR,0.710832
214,PMGPRG,0.698965
214,PMGPRGP,0.680847
214,PMGPRGPP,0.682381
214,PMGPRGPPG,0.606413
215,MG,0.011941
215,MGP,0.941993
215,MGPR,0.745217
215,MGPRG,0.637485
215,MGPRGP,0.523247
215,MGPRGPP,0.578827
215,MGPRGPPG,0.585282
215,MGPRGPPGP,0.782625
216,GP,0.971328
216,GPR,0.907705
216,GPRG,0.742386
216,GPRGP,0.704775
216,GPRGPP,0.721786
216,GPRGPPG,0.750221
216,GPRGPPGP,0.759359
216,GPRGPPGPP,0.782781
217,PR,0.007290
217,PRG,0.041221
217,PRGP,0.665405
217,PRGPP,0.566782
217,PRGPPG,0.605451
217,PRGPPGP,0.624269
217,PRGPPGPP,0.715596
217,PRGPPGPPG,0.691378
218,RG,0.020423
218,RGP,0.773900
218,RGPP,0.568077
218,RGPPG,0.583036
218,RGPPGP,0.591547
218,RGPPGPP,0.681838
218,RGPPGPPG,0.714895
218,RGPPGPPGK,0.639990
219,GP,0.971328
219,GPP,0.958167
219,GPPG,0.931611
219,GPPGP,0.819214
219,GPPGPP,0.828238
219,GPPGPPG,0.879996
219,GPPGPPGK,0.852220
219,GPPGPPGKN,0.888081
220,PP,0.048185
220,PPG,0.974962
220,PPGP,0.865923
220,PPGPP,0.862933
220,PPGPPG,0.834135
220,PPGPPGK,0.703015
220,PPGPPGKN,0.595969
220,PPGPPGKNG,0.579455
221,PG,0.984215
221,PGP,0.963309
221,PGPP,0.924297
221,PGPPG,0.877939
221,PGPPGK,0.882465
221,PGPPGKN,0.642691
221,PGPPGKNG,0.657281
221,PGPPGKNGD,0.780413
222,GP,0.971328
222,GPP,0.958167
222,GPPG,0.931611
222,GPPGK,0.965067
222,GPPGKN,0.715374
222,GPPGKNG,0.808415
222,GPPGKNGD,0.956186
222,GPPGKNGDD,0.899779
223,PP,0.048185
223,PPG,0.974962
223,PPGK,0.956409
223,PPGKN,0.763688
223,PPGKNG,0.615920
223,PPGKNGD,0.417760
223,PPGKNGDD,0.357400
223,PPGKNGDDG,0.308428
224,PG,0.984215
224,PGK,0.991866
224,PGKN,0.919781
224,PGKNG,0.740119
224,PGKNGD,0.552182
224,PGKNGDD,0.452067
224,PGKNGDDG,0.489724
224,PGKNGDDGE,0.268676
225,GK,0.000752
225,GKN,0.001360
225,GKNG,0.003557
225,GKNGD,0.004058
225,GKNGDD,0.001177
225,GKNGDDG,0.001124
225,GKNGDDGE,0.000915
225,GKNGDDGEA,0.001120
226,KNG,0.001921
226,KNGD,0.007558
226,KNGDD,0.002759
226,KNGDDG,0.003142
226,KNGDDGE,0.002372
226,KNGDDGEA,0.001289
226,KNGDDGEAG,0.001664
227,NG,0.005985
227,NGD,0.013449
227,NGDD,0.005238
227,NGDDG,0.003262
227,NGDDGE,0.002967
227,NGDDGEA,0.001282
227,NGDDGEAG,0.001760
227,NGDDGEAGK,0.001233
228,GD,0.003753
228,GDD,0.004023
228,GDDG,0.007164
228,GDDGE,0.004021
228,GDDGEA,0.001112
228,GDDGEAG,0.002918
228,GDDGEAGK,0.001001
228,GDDGEAGKP,0.022827
229,DDG,0.007343
229,DDGE,0.006297
229,DDGEA,0.001727
229,DDGEAG,0.007671
229,DDGEAGK,0.003372
229,DDGEAGKP,0.013695
229,DDGEAGKPG,0.521164
230,DG,0.011460
230,DGE,0.011257
230,DGEA,0.002037
230,DGEAG,0.007420
230,DGEAGK,0.002239
230,DGEAGKP,0.007729
230,DGEAGKPG,0.863475
230,DGEAGKPGR,0.808723
231,GE,0.018801
231,GEA,0.001986
231,GEAG,0.027268
231,GEAGK,0.005747
231,GEAGKP,0.018621
231,GEAGKPG,0.779546
231,GEAGKPGR,0.817922
231,GEAGKPGRP,0.676439
232,EAG,0.017773
232,EAGK,0.003831
232,EAGKP,0.020388
232,EAGKPG,0.624347
232,EAGKPGR,0.618432
232,EAGKPGRP,0.676213
232,EAGKPGRPG,0.674446
233,AG,0.095042
233,AGK,0.028071
233,AGKP,0.025008
233,AGKPG,0.719096
233,AGKPGR,0.658853
233,AGKPGRP,0.538208
233,AGKPGRPG,0.660264
233,AGKPGRPGE,0.713878
234,GK,0.000752
234,GKP,0.018275
234,GKPG,0.805240
234,GKPGR,0.756871
234,GKPGRP,0.691541
234,GKPGRPG,0.847384
234,GKPGRPGE,0.849479
234,GKPGRPGER,0.573321
235,KP,0.007463
235,KPG,0.832645
235,KPGR,0.526525
235,KPGRP,0.555249
235,KPGRPG,0.539173
235,KPGRPGE,0.522350
235,KPGRPGER,0.552451
235,KPGRPGERG,0.552213
236,PG,0.984215
236,PGR,0.913893
236,PGRP,0.855156
236,PGRPG,0.706374
236,PGRPGE,0.701135
236,PGRPGER,0.767590
236,PGRPGERG,0.759370
236,PGRPGERGP,0.708477
237,GR,0.021570
237,GRP,0.368926
237,GRPG,0.805010
237,GRPGE,0.821372
237,GRPGER,0.682164
237,GRPGERG,0.688604
237,GRPGERGP,0.599144
237,GRPGERGPP,0.577041
238,RP,0.010025
238,RPG,0.961871
238,RPGE,0.950442
238,RPGER,0.824747
238,RPGERG,0.784298
238,RPGERGP,0.565078
238,RPGERGPP,0.625784
238,RPGERGPPG,0.554101
239,PG,0.984215
239,PGE,0.864290
239,PGER,0.874011
239,PGERG,0.833449
239,PGERGP,0.729780
239,PGERGPP,0.825344
239,PGERGPPG,0.857946
239,PGERGPPGP,0.901965
240,GE,0.018801
240,GER,0.021196
240,GERG,0.012644
240,GERGP,0.537053
240,GERGPP,0.629053
240,GERGPPG,0.707485
240,GERGPPGP,0.694172
240,GERGPPGPQ,0.760176
241,ERG,0.011509
241,ERGP,0.619819
241,ERGPP,0.594240
241,ERGPPG,0.659462
241,ERGPPGP,0.631381
241,ERGPPGPQ,0.680804
241,ERGPPGPQG,0.815020
242,RG,0.020423
242,RGP,0.773900
242,RGPP,0.568077
242,RGPPG,0.583036
242,RGPPGP,0.591547
242,RGPPGPQ,0.703101
242,RGPPGPQG,0.884453
242,RGPPGPQGA,0.831654
243,GP,0.971328
243,GPP,0.958167
243,GPPG,0.931611
243,GPPGP,0.819214
243,GPPGPQ,0.731276
243,GPPGPQG,0.839940
243,GPPGPQGA,0.889407
243,GPPGPQGAR,0.866558
244,PP,0.048185
244,PPG,0.974962
244,PPGP,0.865923
244,PPGPQ,0.748249
244,PPGPQG,0.732423
244,PPGPQGA,0.746277
244,PPGPQGAR,0.803525
244,PPGPQGARG,0.830566
245,PG,0.984215
245,PGP,0.963309
245,PGPQ,0.902363
245,PGPQG,0.783554
245,PGPQGA,0.688514
245,PGPQGAR,0.813725
245,PGPQGARG,0.895931
245,PGPQGARGL,0.897158
246,GP,0.971328
246,GPQ,0.932174
246,GPQG,0.915791
246,GPQGA,0.900028
246,GPQGAR,0.897145
246,GPQGARG,0.896258
246,GPQGARGL,0.949543
246,GPQGARGLP,0.952685
247,PQ,0.012361
247,PQG,0.038976
247,PQGA,0.033088
247,PQGAR,0.016438
247,PQGARG,0.027036
247,PQGARGL,0.042797
247,PQGARGLP,0.062036
247,PQGARGLPG,0.792784
248,QG,0.008637
248,QGA,0.009078
248,QGAR,0.006353
248,QGARG,0.013278
248,QGARGL,0.016715
248,QGARGLP,0.022846
248,QGARGLPG,0.915433
248,QGARGLPGT,0.935074
249,GA,0.005258
249,GAR,0.004616
249,GARG,0.025822
249,GARGL,0.009233
249,GARGLP,0.018551
249,GARGLPG,0.904054
249,GARGLPGT,0.931139
249,GARGLPGTA,0.907963
250,ARG,0.040043
250,ARGL,0.006718
250,ARGLP,0.009050
250,ARGLPG,0.838957
250,ARGLPGT,0.881115
250,ARGLPGTA,0.914891
250,ARGLPGTAG,0.860561
251,RG,0.020423
251,RGL,0.007247
251,RGLP,0.011198
251,RGLPG,0.884482
251,RGLPGT,0.845432
251,RGLPGTA,0.880551
251,RGLPGTAG,0.848017
251,RGLPGTAGL,0.902042
252,GL,0.008947
252,GLP,0.026638
252,GLPG,0.936475
252,GLPGT,0.912125
252,GLPGTA,0.881938
252,GLPGTAG,0.906651
252,GLPGTAGL,0.968700
252,GLPGTAGLP,0.976367
253,LP,0.022451
253,LPG,0.979919
253,LPGT,0.948846
253,LPGTA,0.909351
253,LPGTAG,0.907242
253,LPGTAGL,0.963564
253,LPGTAGLP,0.974971
253,LPGTAGLPG,0.977865
254,PG,0.984215
254,PGT,0.980080
254,PGTA,0.900698
254,PGTAG,0.819377
254,PGTAGL,0.865963
254,PGTAGLP,0.899180
254,PGTAGLPG,0.974920
254,PGTAGLPGM,0.954395
255,GT,0.004838
255,GTA,0.006748
255,GTAG,0.032759
255,GTAGL,0.014092
255,GTAGLP,0.023061
255,GTAGLPG,0.871852
255,GTAGLPGM,0.900421
255,GTAGLPGMK,0.918670
256,TAG,0.009405
256,TAGL,0.012453
256,TAGLP,0.015795
256,TAGLPG,0.942709
256,TAGLPGM,0.954816
256,TAGLPGMK,0.968203
256,TAGLPGMKG,0.952745
257,AG,0.095042
257,AGL,0.027543
257,AGLP,0.031355
257,AGLPG,0.872916
257,AGLPGM,0.725517
257,AGLPGMK,0.758848
257,AGLPGMKG,0.864998
257,AGLPGMKGH,0.768915
258,GL,0.008947
258,GLP,0.026638
258,GLPG,0.936475
258,GLPGM,0.593088
258,GLPGMK,0.707221
258,GLPGMKG,0.832923
258,GLPGMKGH,0.874781
258,GLPGMKGHR,0.757343
259,LP,0.022451
259,LPG,0.979919
259,LPGM,0.747559
259,LPGMK,0.860080
259,LPGMKG,0.870880
259,LPGMKGH,0.795499
259,LPGMKGHR,0.865613
259,LPGMKGHRG,0.715288
260,PG,0.984215
260,PGM,0.946389
260,PGMK,0.957938
260,PGMKG,0.902088
260,PGMKGH,0.548099
260,PGMKGHR,0.535900
260,PGMKGHRG,0.596278
260,PGMKGHRGF,0.809473
261,GM,0.009545
261,GMK,0.001033
261,GMKG,0.000992
261,GMKGH,0.003049
261,GMKGHR,0.001529
261,GMKGHRG,0.001463
261,GMKGHRGF,0.003045
261,GMKGHRGFS,0.001871
262,MKG,0.001530
262,MKGH,0.004355
262,MKGHR,0.002481
262,MKGHRG,0.002746
262,MKGHRGF,0.003550
262,MKGHRGFS,0.003900
262,MKGHRGFSG,0.006002
263,KG,0.000691
263,KGH,0.002479
263,KGHR,0.002597
263,KGHRG,0.003100
263,KGHRGF,0.002779
263,KGHRGFS,0.003097
263,KGHRGFSG,0.005652
263,KGHRGFSGL,0.015719
264,GH,0.000691
264,GHR,0.001239
264,GHRG,0.003463
264,GHRGF,0.005174
264,GHRGFS,0.006025
264,GHRGFSG,0.005640
264,GHRGFSGL,0.014715
264,GHRGFSGLD,0.013498
265,HRG,0.002266
265,HRGF,0.005614
265,HRGFS,0.004515
265,HRGFSG,0.008327
265,HRGFSGL,0.011637
265,HRGFSGLD,0.007715
265,HRGFSGLDG,0.008717
266,RG,0.020423
266,RGF,0.006472
266,RGFS,0.005180
266,RGFSG,0.006082
266,RGFSGL,0.005803
266,RGFSGLD,0.003248
266,RGFSGLDG,0.004322
266,RGFSGLDGA,0.007121
267,GF,0.004443
267,GFS,0.008725
267,GFSG,0.018573
267,GFSGL,0.021901
267,GFSGLD,0.003905
267,GFSGLDG,0.006705
267,GFSGLDGA,0.009785
267,GFSGLDGAK,0.018404
268,FSG,0.080350
268,FSGL,0.100596
268,FSGLD,0.023313
268,FSGLDG,0.056838
268,FSGLDGA,0.033164
268,FSGLDGAK,0.023759
268,FSGLDGAKG,0.011595
269,SG,0.008336
269,SGL,0.022612
269,SGLD,0.007061
269,SGLDG,0.007441
269,SGLDGA,0.006392
269,SGLDGAK,0.005658
269,SGLDGAKG,0.009324
269,SGLDGAKGD,0.008871
270,GL,0.008947
270,GLD,0.007472
270,GLDG,0.009820
270,GLDGA,0.011983
270,GLDGAK,0.007161
270,GLDGAKG,0.010116
270,GLDGAKGD,0.008278
270,GLDGAKGDA,0.013136
271,LDG,0.022716
271,LDGA,0.027453
271,LDGAK,0.017602
271,LDGAKG,0.019416
271,LDGAKGD,0.015734
271,LDGAKGDA,0.011021
271,LDGAKGDAG,0.048172
272,DG,0.011460
272,DGA,0.006205
272,DGAK,0.005297
272,DGAKG,0.004813
272,DGAKGD,0.004729
272,DGAKGDA,0.005479
272,DGAKGDAG,0.034439
272,DGAKGDAGP,0.947323
273,GA,0.005258
273,GAK,0.007705
273,GAKG,0.005688
273,GAKGD,0.007909
273,GAKGDA,0.006965
273,GAKGDAG,0.051313
273,GAKGDAGP,0.705065
273,GAKGDAGPA,0.749752
274,AKG,0.003682
274,AKGD,0.012025
274,AKGDA,0.011883
274,AKGDAG,0.041169
274,AKGDAGP,0.757991
274,AKGDAGPA,0.793831
274,AKGDAGPAG,0.816677
275,KG,0.000691
275,KGD,0.005503
275,KGDA,0.009952
275,KGDAG,0.021405
275,KGDAGP,0.800481
275,KGDAGPA,0.790767
275,KGDAGPAG,0.881606
275,KGDAGPAGP,0.614441
276,GD,0.003753
276,GDA,0.004970
276,GDAG,0.106931
276,GDAGP,0.775688
276,GDAGPA,0.764676
276,GDAGPAG,0.757674
276,GDAGPAGP,0.711533
276,GDAGPAGPK,0.766044
277,DAG,0.042180
277,DAGP,0.878634
277,DAGPA,0.774868
277,DAGPAG,0.839123
277,DAGPAGP,0.811508
277,DAGPAGPK,0.827879
277,DAGPAGPKG,0.815159
278,AG,0.095042
278,AGP,0.894527
278,AGPA,0.747084
278,AGPAG,0.767576
278,AGPAGP,0.646286
278,AGPAGPK,0.699936
278,AGPAGPKG,0.851727
278,AGPAGPKGE,0.857200
279,GP,0.971328
279,GPA,0.923298
279,GPAG,0.878009
279,GPAGP,0.757013
279,GPAGPK,0.782575
279,GPAGPKG,0.941472
279,GPAGPKGE,0.674066
279,GPAGPKGEP,0.436720
280,PA,0.025900
280,PAG,0.144925
280,PAGP,0.763311
280,PAGPK,0.670603
280,PAGPKG,0.664742
280,PAGPKGE,0.665022
280,PAGPKGEP,0.917948
280,PAGPKGEPG,0.890768
281,AG,0.095042
281,AGP,0.894527
281,AGPK,0.786701
281,AGPKG,0.723892
281,AGPKGE,0.599644
281,AGPKGEP,0.857499
281,AGPKGEPG,0.686860
281,AGPKGEPGS,0.608513
282,GP,0.971328
282,GPK,0.950919
282,GPKG,0.748810
282,GPKGE,0.595359
282,GPKGEP,0.871317
282,GPKGEPG,0.038667
282,GPKGEPGS,0.128511
282,GPKGEPGSP,0.154405
283,PK,0.004766
283,PKG,0.009898
283,PKGE,0.007399
283,PKGEP,0.016648
283,PKGEPG,0.693914
283,PKGEPGS,0.720795
283,PKGEPGSP,0.552356
283,PKGEPGSPG,0.648588
284,KG,0.000691
284,KGE,0.000539
284,KGEP,0.109403
284,KGEPG,0.870900
284,KGEPGS,0.778972
284,KGEPGSP,0.324086
284,KGEPGSPG,0.731161
284,KGEPGSPGE,0.654738
285,GE,0.018801
285,GEP,0.073397
285,GEPG,0.893722
285,GEPGS,0.748574
285,GEPGSP,0.596793
285,GEPGSPG,0.768854
285,GEPGSPGE,0.474627
285,GEPGSPGEN,0.088062
286,EP,0.028444
286,EPG,0.961169
286,EPGS,0.784264
286,EPGSP,0.677532
286,EPGSPG,0.537081
286,EPGSPGE,0.415326
286,EPGSPGEN,0.094803
286,EPGSPGENG,0.043894
287,PG,0.984215
287,PGS,0.922391
287,PGSP,0.910018
287,PGSPG,0.809666
287,PGSPGE,0.643849
287,PGSPGEN,0.318905
287,PGSPGENG,0.120439
287,PGSPGENGA,0.199001
288,GS,0.002503
288,GSP,0.043271
288,GSPG,0.932665
288,GSPGE,0.817765
288,GSPGEN,0.245095
288,GSPGENG,0.098647
288,GSPGENGA,0.122517
288,GSPGENGAP,0.048986
289,SP,0.050931
289,SPG,0.972697
289,SPGE,0.804049
289,SPGEN,0.286681
289,SPGENG,0.160493
289,SPGENGA,0.166234
289,SPGENGAP,0.020194
289,SPGENGAPG,0.091134
290,PG,0.984215
290,PGE,0.864290
290,PGEN,0.835759
290,PGENG,0.576368
290,PGENGA,0.102601
290,PGENGAP,0.009107
290,PGENGAPG,0.041479
290,PGENGAPGQ,0.017452
291,GE,0.018801
291,GEN,0.017770
291,GENG,0.013623
291,GENGA,0.001336
291,GENGAP,0.003857
291,GENGAPG,0.042792
291,GENGAPGQ,0.028213
291,GENGAPGQM,0.019020
292,ENG,0.010891
292,ENGA,0.001934
292,ENGAP,0.006196
292,ENGAPG,0.100637
292,ENGAPGQ,0.015344
292,ENGAPGQM,0.008991
292,ENGAPGQMG,0.004605
293,NG,0.005985
293,NGA,0.003362
293,NGAP,0.011591
293,NGAPG,0.215815
293,NGAPGQ,0.030233
293,NGAPGQM,0.013473
293,NGAPGQMG,0.012670
293,NGAPGQMGP,0.050462
294,GA,0.005258
294,GAP,0.030559
294,GAPG,0.875970
294,GAPGQ,0.747607
294,GAPGQM,0.276527
294,GAPGQMG,0.190302
294,GAPGQMGP,0.537619
294,GAPGQMGPR,0.757474
295,AP,0.028599
295,APG,0.936200
295,APGQ,0.691181
295,APGQM,0.331555
295,APGQMG,0.230184
295,APGQMGP,0.456080
295,APGQMGPR,0.601297
295,APGQMGPRG,0.647915
296,PG,0.984215
296,PGQ,0.966333
296,PGQM,0.851353
296,PGQMG,0.752597
296,PGQMGP,0.593669
296,PGQMGPR,0.598605
296,PGQMGPRG,0.730067
296,PGQMGPRGL,0.718648
297,GQ,0.002188
297,GQM,0.005663
297,GQMG,0.020980
297,GQMGP,0.571641
297,GQMGPR,0.505544
297,GQMGPRG,0.594351
297,GQMGPRGL,0.697311
297,GQMGPRGLP,0.972659
298,QMG,0.011023
298,QMGP,0.526020
298,QMGPR,0.519600
298,QMGPRG,0.555587
298,QMGPRGL,0.590089
298,QMGPRGLP,0.774813
298,QMGPRGLPG,0.910517
299,MG,0.011941
299,MGP,0.941993
299,MGPR,0.745217
299,MGPRG,0.637485
299,MGPRGL,0.632361
299,MGPRGLP,0.638160
299,MGPRGLPG,0.824800
299,MGPRGLPGE,0.939735
300,GP,0.971328
300,GPR,0.907705
300,GPRG,0.742386
300,GPRGL,0.681685
300,GPRGLP,0.696869
300,GPRGLPG,0.927055
300,GPRGLPGE,0.969704
300,GPRGLPGER,0.913061
301,PR,0.007290
301,PRG,0.041221
301,PRGL,0.015690
301,PRGLP,0.013627
301,PRGLPG,0.729866
301,PRGLPGE,0.831267
301,PRGLPGER,0.872657
301,PRGLPGERG,0.783048
302,RG,0.020423
302,RGL,0.007247
302,RGLP,0.011198
302,RGLPG,0.884482
302,RGLPGE,0.898614
302,RGLPGER,0.885477
302,RGLPGERG,0.803717
302,RGLPGERGR,0.772515
303,GL,0.008947
303,GLP,0.026638
303,GLPG,0.936475
303,GLPGE,0.747907
303,GLPGER,0.824700
303,GLPGERG,0.774153
303,GLPGERGR,0.830544
303,GLPGERGRP,0.690180
304,LP,0.022451
304,LPG,0.979919
304,LPGE,0.774045
304,LPGER,0.898634
304,LPGERG,0.857887
304,LPGERGR,0.824201
304,LPGERGRP,0.817572
304,LPGERGRPG,0.698120
305,PG,0.984215
305,PGE,0.864290
305,PGER,0.874011
305,PGERG,0.833449
305,PGERGR,0.816206
305,PGERGRP,0.829545
305,PGERGRPG,0.881783
305,PGERGRPGA,0.881712
306,GE,0.018801
306,GER,0.021196
306,GERG,0.012644
306,GERGR,0.013151
306,GERGRP,0.066480
306,GERGRPG,0.768638
306,GERGRPGA,0.860023
306,GERGRPGAP,0.748902
307,ERG,0.011509
307,ERGR,0.013915
307,ERGRP,0.006520
307,ERGRPG,0.409118
307,ERGRPGA,0.590571
307,ERGRPGAP,0.669411
307,ERGRPGAPG,0.621168
308,RG,0.020423
308,RGR,0.038978
308,RGRP,0.147639
308,RGRPG,0.623843
308,RGRPGA,0.727691
308,RGRPGAP,0.757786
308,RGRPGAPG,0.787536
308,RGRPGAPGP,0.765866
309,GR,0.021570
309,GRP,0.368926
309,GRPG,0.805010
309,GRPGA,0.828250
309,GRPGAP,0.783754
309,GRPGAPG,0.754100
309,GRPGAPGP,0.670530
309,GRPGAPGPA,0.780982
310,RP,0.010025
310,RPG,0.961871
310,RPGA,0.845312
310,RPGAP,0.756833
310,RPGAPG,0.678812
310,RPGAPGP,0.551659
310,RPGAPGPA,0.686505
310,RPGAPGPAG,0.621088
311,PG,0.984215
311,PGA,0.942234
311,PGAP,0.878822
311,PGAPG,0.797336
311,PGAPGP,0.738354
311,PGAPGPA,0.822345
311,PGAPGPAG,0.803966
311,PGAPGPAGA,0.812697
312,GA,0.005258
312,GAP,0.030559
312,GAPG,0.875970
312,GAPGP,0.750594
312,GAPGPA,0.799667
312,GAPGPAG,0.749957
312,GAPGPAGA,0.804833
312,GAPGPAGAR,0.802582
313,AP,0.028599
313,APG,0.936200
313,APGP,0.742453
313,APGPA,0.766578
313,APGPAG,0.748406
313,APGPAGA,0.773778
313,APGPAGAR,0.808192
313,APGPAGARG,0.779901
314,PG,0.984215
314,PGP,0.963309
314,PGPA,0.857827
314,PGPAG,0.803925
314,PGPAGA,0.783278
314,PGPAGAR,0.854313
314,PGPAGARG,0.884509
314,PGPAGARGN,0.831180
315,GP,0.971328
315,GPA,0.923298
315,GPAG,0.878009
315,GPAGA,0.891479
315,GPAGAR,0.901080
315,GPAGARG,0.882504
315,GPAGARGN,0.900952
315,GPAGARGND,0.946942
316,PA,0.025900
316,PAG,0.144925
316,PAGA,0.044546
316,PAGAR,0.048557
316,PAGARG,0.152374
316,PAGARGN,0.106259
316,PAGARGND,0.061618
316,PAGARGNDG,0.081525
317,AG,0.095042
317,AGA,0.020969
317,AGAR,0.013168
317,AGARG,0.048427
317,AGARGN,0.008281
317,AGARGND,0.004367
317,AGARGNDG,0.006737
317,AGARGNDGA,0.009254
318,GA,0.005258
318,GAR,0.004616
318,GARG,0.025822
318,GARGN,0.011055
318,GARGND,0.002961
318,GARGNDG,0.005169
318,GARGNDGA,0.006625
318,GARGNDGAT,0.003619
319,ARG,0.040043
319,ARGN,0.007693
319,ARGND,0.003521
319,ARGNDG,0.008521
319,ARGNDGA,0.011026
319,ARGNDGAT,0.004350
319,ARGNDGATG,0.005837
320,RG,0.020423
320,RGN,0.007307
320,RGND,0.004544
320,RGNDG,0.005172
320,RGNDGA,0.003425
320,RGNDGAT,0.001675
320,RGNDGATG,0.002182
320,RGNDGATGA,0.003302
321,GN,0.004347
321,GND,0.004917
321,GNDG,0.007439
321,GNDGA,0.004943
321,GNDGAT,0.002498
321,GNDGATG,0.002411
321,GNDGATGA,0.003413
321,GNDGATGAA,0.002682
322,NDG,0.008070
322,NDGA,0.004749
322,NDGAT,0.003524
322,NDGATG,0.004933
322,NDGATGA,0.005983
322,NDGATGAA,0.003836
322,NDGATGAAG,0.003832
323,DG,0.011460
323,DGA,0.006205
323,DGAT,0.006129
323,DGATG,0.012398
323,DGATGA,0.016385
323,DGATGAA,0.010386
323,DGATGAAG,0.012115
323,DGATGAAGP,0.891376
324,GA,0.005258
324,GAT,0.010031
324,GATG,0.027209
324,GATGA,0.037580
324,GATGAA,0.015020
324,GATGAAG,0.030569
324,GATGAAGP,0.766393
324,GATGAAGPP,0.758133
325,ATG,0.013764
325,ATGA,0.018099
325,ATGAA,0.015364
325,ATGAAG,0.021571
325,ATGAAGP,0.600820
325,ATGAAGPP,0.652105
325,ATGAAGPPG,0.594394
326,TG,0.004370
326,TGA,0.011478
326,TGAA,0.010587
326,TGAAG,0.020587
326,TGAAGP,0.843339
326,TGAAGPP,0.861247
326,TGAAGPPG,0.900285
326,TGAAGPPGP,0.920225
327,GA,0.005258
327,GAA,0.010726
327,GAAG,0.065220
327,GAAGP,0.811668
327,GAAGPP,0.782938
327,GAAGPPG,0.750156
327,GAAGPPGP,0.763826
327,GAAGPPGPT,0.749834
328,AAG,0.058370
328,AAGP,0.775319
328,AAGPP,0.711484
328,AAGPPG,0.674775
328,AAGPPGP,0.655222
328,AAGPPGPT,0.640676
328,AAGPPGPTG,0.563630
329,AG,0.095042
329,AGP,0.894527
329,AGPP,0.753472
329,AGPPG,0.732161
329,AGPPGP,0.693062
329,AGPPGPT,0.680117
329,AGPPGPTG,0.607349
329,AGPPGPTGP,0.632442
330,GP,0.971328
330,GPP,0.958167
330,GPPG,0.931611
330,GPPGP,0.819214
330,GPPGPT,0.809883
330,GPPGPTG,0.918719
330,GPPGPTGP,0.690445
330,GPPGPTGPA,0.770244
331,PP,0.048185
331,PPG,0.974962
331,PPGP,0.865923
331,PPGPT,0.892518
331,PPGPTG,0.896167
331,PPGPTGP,0.777010
331,PPGPTGPA,0.750743
331,PPGPTGPAG,0.710621
332,PG,0.984215
332,PGP,0.963309
332,PGPT,0.934414
332,PGPTG,0.895520
332,PGPTGP,0.866543
332,PGPTGPA,0.809126
332,PGPTGPAG,0.812410
332,PGPTGPAGP,0.859622
333,GP,0.971328
333,GPT,0.946277
333,GPTG,0.916605
333,GPTGP,0.854580
333,GPTGPA,0.641961
333,GPTGPAG,0.576032
333,GPTGPAGP,0.819333
333,GPTGPAGPP,0.890706
334,PT,0.009239
334,PTG,0.014536
334,PTGP,0.790173
334,PTGPA,0.676645
334,PTGPAG,0.637460
334,PTGPAGP,0.570370
334,PTGPAGPP,0.574863
334,PTGPAGPPG,0.470646
335,TG,0.004370
335,TGP,0.971638
335,TGPA,0.894012
335,TGPAG,0.889962
335,TGPAGP,0.782968
335,TGPAGPP,0.806145
335,TGPAGPPG,0.861997
335,TGPAGPPGF,0.906801
336,GP,0.971328
336,GPA,0.923298
336,GPAG,0.878009
336,GPAGP,0.757013
336,GPAGPP,0.787428
336,GPAGPPG,0.778573
336,GPAGPPGF,0.560964
336,GPAGPPGFP,0.688995
337,PA,0.025900
337,PAG,0.144925
337,PAGP,0.763311
337,PAGPP,0.744059
337,PAGPPG,0.718038
337,PAGPPGF,0.653729
337,PAGPPGFP,0.623156
337,PAGPPGFPG,0.523256
338,AG,0.095042
338,AGP,0.894527
338,AGPP,0.753472
338,AGPPG,0.732161
338,AGPPGF,0.718919
338,AGPPGFP,0.749279
338,AGPPGFPG,0.640744
338,AGPPGFPGA,0.754950
339,GP,0.971328
339,GPP,0.958167
339,GPPG,0.931611
339,GPPGF,0.724383
339,GPPGFP,0.575639
339,GPPGFPG,0.233369
339,GPPGFPGA,0.565490
339,GPPGFPGAV,0.504661
340,PP,0.048185
340,PPG,0.974962
340,PPGF,0.735384
340,PPGFP,0.478949
340,PPGFPG,0.277532
340,PPGFPGA,0.546393
340,PPGFPGAV,0.671909
340,PPGFPGAVG,0.613721
341,PG,0.984215
341,PGF,0.952856
341,PGFP,0.898368
341,PGFPG,0.616307
341,PGFPGA,0.617612
341,PGFPGAV,0.824310
341,PGFPGAVG,0.869608
341,PGFPGAVGA,0.820644
342,GF,0.004443
342,GFP,0.012427
342,GFPG,0.896921
342,GFPGA,0.812681
342,GFPGAV,0.773333
342,GFPGAVG,0.705519
342,GFPGAVGA,0.812385
342,GFPGAVGAK,0.695065
343,FP,0.018882
343,FPG,0.962903
343,FPGA,0.767172
343,FPGAV,0.655860
343,FPGAVG,0.623329
343,FPGAVGA,0.681575
343,FPGAVGAK,0.683310
343,FPGAVGAKG,0.854270
344,PG,0.984215
344,PGA,0.942234
344,PGAV,0.903380
344,PGAVG,0.838895
344,PGAVGA,0.829100
344,PGAVGAK,0.874765
344,PGAVGAKG,0.945607
344,PGAVGAKGE,0.872831
345,GA,0.005258
345,GAV,0.002810
345,GAVG,0.016878
345,GAVGA,0.024259
345,GAVGAK,0.006030
345,GAVGAKG,0.008264
345,GAVGAKGE,0.004458
345,GAVGAKGEA,0.016784
346,AVG,0.006816
346,AVGA,0.014059
346,AVGAK,0.012036
346,AVGAKG,0.005266
346,AVGAKGE,0.003196
346,AVGAKGEA,0.004148
346,AVGAKGEAG,0.020568
347,VG,0.007346
347,VGA,0.006198
347,VGAK,0.006724
347,VGAKG,0.003142
347,VGAKGE,0.001674
347,VGAKGEA,0.002317
347,VGAKGEAG,0.014062
347,VGAKGEAGP,0.962448
348,GA,0.005258
348,GAK,0.007705
348,GAKG,0.005688
348,GAKGE,0.003302
348,GAKGEA,0.004078
348,GAKGEAG,0.034353
348,GAKGEAGP,0.279220
348,GAKGEAGPQ,0.173032
349,AKG,0.003682
349,AKGE,0.004560
349,AKGEA,0.006228
349,AKGEAG,0.014390
349,AKGEAGP,0.468576
349,AKGEAGPQ,0.433636
349,AKGEAGPQG,0.268984
350,KG,0.000691
350,KGE,0.000539
350,KGEA,0.002871
350,KGEAG,0.004378
350,KGEAGP,0.602486
350,KGEAGPQ,0.555353
350,KGEAGPQG,0.127532
350,KGEAGPQGA,0.273316
351,GE,0.018801
351,GEA,0.001986
351,GEAG,0.027268
351,GEAGP,0.556080
351,GEAGPQ,0.531405
351,GEAGPQG,0.654940
351,GEAGPQGA,0.826405
351,GEAGPQGAR,0.894390
352,EAG,0.017773
352,EAGP,0.829092
352,EAGPQ,0.750528
352,EAGPQG,0.812528
352,EAGPQGA,0.862090
352,EAGPQGAR,0.918386
352,EAGPQGARG,0.888253
353,AG,0.095042
353,AGP,0.894527
353,AGPQ,0.773189
353,AGPQG,0.840740
353,AGPQGA,0.826003
353,AGPQGAR,0.866916
353,AGPQGARG,0.892810
353,AGPQGARGS,0.935102
354,GP,0.971328
354,GPQ,0.932174
354,GPQG,0.915791
354,GPQGA,0.900028
354,GPQGAR,0.897145
354,GPQGARG,0.896258
354,GPQGARGS,0.959794
354,GPQGARGSE,0.968256
355,PQ,0.012361
355,PQG,0.038976
355,PQGA,0.033088
355,PQGAR,0.016438
355,PQGARG,0.027036
355,PQGARGS,0.046223
355,PQGARGSE,0.049103
355,PQGARGSEG,0.065445
356,QG,0.008637
356,QGA,0.009078
356,QGAR,0.006353
356,QGARG,0.013278
356,QGARGS,0.014251
356,QGARGSE,0.012135
356,QGARGSEG,0.022955
356,QGARGSEGP,0.942083
357,GA,0.005258
357,GAR,0.004616
357,GARG,0.025822
357,GARGS,0.018666
357,GARGSE,0.009331
357,GARGSEG,0.014075
357,GARGSEGP,0.870335
357,GARGSEGPQ,0.933744
358,ARG,0.040043
358,ARGS,0.016742
358,ARGSE,0.006599
358,ARGSEG,0.022171
358,ARGSEGP,0.805240
358,ARGSEGPQ,0.906379
358,ARGSEGPQG,0.943365
359,RG,0.020423
359,RGS,0.010318
359,RGSE,0.005825
359,RGSEG,0.016713
359,RGSEGP,0.894610
359,RGSEGPQ,0.932029
359,RGSEGPQG,0.960061
359,RGSEGPQGV,0.965138
360,GS,0.002503
360,GSE,0.003200
360,GSEG,0.009299
360,GSEGP,0.761017
360,GSEGPQ,0.640131
360,GSEGPQG,0.777441
360,GSEGPQGV,0.953452
360,GSEGPQGVR,0.936136
361,SEG,0.014492
361,SEGP,0.879999
361,SEGPQ,0.651846
361,SEGPQG,0.724377
361,SEGPQGV,0.953742
361,SEGPQGVR,0.965123
361,SEGPQGVRG,0.923233
362,EG,0.034172
362,EGP,0.946324
362,EGPQ,0.883383
362,EGPQG,0.862463
362,EGPQGV,0.870659
362,EGPQGVR,0.881621
362,EGPQGVRG,0.782765
362,EGPQGVRGE,0.942840
363,GP,0.971328
363,GPQ,0.932174
363,GPQG,0.915791
363,GPQGV,0.939839
363,GPQGVR,0.917509
363,GPQGVRG,0.842238
363,GPQGVRGE,0.966089
363,GPQGVRGEP,0.912694
364,PQ,0.012361
364,PQG,0.038976
364,PQGV,0.023921
364,PQGVR,0.011222
364,PQGVRG,0.020554
364,PQGVRGE,0.023310
364,PQGVRGEP,0.046738
364,PQGVRGEPG,0.792569
365,QG,0.008637
365,QGV,0.009128
365,QGVR,0.004456
365,QGVRG,0.006290
365,QGVRGE,0.005937
365,QGVRGEP,0.033469
365,QGVRGEPG,0.889509
365,QGVRGEPGP,0.908268
366,GV,0.001845
366,GVR,0.003000
366,GVRG,0.006587
366,GVRGE,0.003617
366,GVRGEP,0.033232
366,GVRGEPG,0.808623
366,GVRGEPGP,0.776995
366,GVRGEPGPP,0.859381
367,VRG,0.002438
367,VRGE,0.003672
367,VRGEP,0.008672
367,VRGEPG,0.736131
367,VRGEPGP,0.808705
367,VRGEPGPP,0.889924
367,VRGEPGPPG,0.802146
368,RG,0.020423
368,RGE,0.023495
368,RGEP,0.065093
368,RGEPG,0.907624
368,RGEPGP,0.755131
368,RGEPGPP,0.871239
368,RGEPGPPG,0.895175
368,RGEPGPPGP,0.845423
369,GE,0.018801
369,GEP,0.073397
369,GEPG,0.893722
369,GEPGP,0.809856
369,GEPGPP,0.886950
369,GEPGPPG,0.925730
369,GEPGPPGP,0.845346
369,GEPGPPGPA,0.818576
370,EP,0.028444
370,EPG,0.961169
370,EPGP,0.903131
370,EPGPP,0.910337
370,EPGPPG,0.848073
370,EPGPPGP,0.845763
370,EPGPPGPA,0.756850
370,EPGPPGPAG,0.721487
371,PG,0.984215
371,PGP,0.963309
371,PGPP,0.924297
371,PGPPG,0.877939
371,PGPPGP,0.774884
371,PGPPGPA,0.825859
371,PGPPGPAG,0.792326
371,PGPPGPAGA,0.766420
372,GP,0.971328
372,GPP,0.958167
372,GPPG,0.931611
372,GPPGP,0.819214
372,GPPGPA,0.728613
372,GPPGPAG,0.663025
372,GPPGPAGA,0.711613
372,GPPGPAGAA,0.701627
373,PP,0.048185
373,PPG,0.974962
373,PPGP,0.865923
373,PPGPA,0.815468
373,PPGPAG,0.765580
373,PPGPAGA,0.791761
373,PPGPAGAA,0.808189
373,PPGPAGAAG,0.780572
374,PG,0.984215
374,PGP,0.963309
374,PGPA,0.857827
374,PGPAG,0.803925
374,PGPAGA,0.783278
374,PGPAGAA,0.791687
374,PGPAGAAG,0.782393
374,PGPAGAAGP,0.820498
375,GP,0.971328
375,GPA,0.923298
375,GPAG,0.878009
375,GPAGA,0.891479
375,GPAGAA,0.901997
375,GPAGAAG,0.866676
375,GPAGAAGP,0.689539
375,GPAGAAGPA,0.709974
376,PA,0.025900
376,PAG,0.144925
376,PAGA,0.044546
376,PAGAA,0.034511
376,PAGAAG,0.164426
376,PAGAAGP,0.667853
376,PAGAAGPA,0.681232
376,PAGAAGPAG,0.643502
377,AG,0.095042
377,AGA,0.020969
377,AGAA,0.023619
377,AGAAG,0.052097
377,AGAAGP,0.696577
377,AGAAGPA,0.759251
377,AGAAGPAG,0.724614
377,AGAAGPAGN,0.713955
378,GA,0.005258
378,GAA,0.010726
378,GAAG,0.065220
378,GAAGP,0.811668
378,GAAGPA,0.824509
378,GAAGPAG,0.772516
378,GAAGPAGN,0.764767
378,GAAGPAGNP,0.695714
379,AAG,0.058370
379,AAGP,0.775319
379,AAGPA,0.681312
379,AAGPAG,0.709656
379,AAGPAGN,0.627733
379,AAGPAGNP,0.630612
379,AAGPAGNPG,0.563814
380,AG,0.095042
380,AGP,0.894527
380,AGPA,0.747084
380,AGPAG,0.767576
380,AGPAGN,0.623482
380,AGPAGNP,0.668153
380,AGPAGNPG,0.720060
380,AGPAGNPGA,0.780468
381,GP,0.971328
381,GPA,0.923298
381,GPAG,0.878009
381,GPAGN,0.461764
381,GPAGNP,0.502669
381,GPAGNPG,0.525184
381,GPAGNPGA,0.788372
381,GPAGNPGAD,0.901210
382,PA,0.025900
382,PAG,0.144925
382,PAGN,0.044015
382,PAGNP,0.075541
382,PAGNPG,0.556856
382,PAGNPGA,0.565222
382,PAGNPGAD,0.839804
382,PAGNPGADG,0.691310
383,AG,0.095042
383,AGN,0.044022
383,AGNP,0.084098
383,AGNPG,0.745718
383,AGNPGA,0.707032
383,AGNPGAD,0.813462
383,AGNPGADG,0.820054
383,AGNPGADGQ,0.812383
384,GN,0.004347
384,GNP,0.053761
384,GNPG,0.916979
384,GNPGA,0.735662
384,GNPGAD,0.697195
384,GNPGADG,0.575658
384,GNPGADGQ,0.538044
384,GNPGADGQP,0.187040
385,NP,0.037510
385,NPG,0.949863
385,NPGA,0.699034
385,NPGAD,0.599399
385,NPGADG,0.510473
385,NPGADGQ,0.502690
385,NPGADGQP,0.302287
385,NPGADGQPG,0.372063
386,PG,0.984215
386,PGA,0.942234
386,PGAD,0.856697
386,PGADG,0.783866
386,PGADGQ,0.769517
386,PGADGQP,0.730981
386,PGADGQPG,0.835848
386,PGADGQPGA,0.855615
387,GA,0.005258
387,GAD,0.005021
387,GADG,0.013579
387,GADGQ,0.011984
387,GADGQP,0.018104
387,GADGQPG,0.794950
387,GADGQPGA,0.836343
387,GADGQPGAK,0.760867
388,ADG,0.015170
388,ADGQ,0.008997
388,ADGQP,0.013750
388,ADGQPG,0.725976
388,ADGQPGA,0.752592
388,ADGQPGAK,0.624915
388,ADGQPGAKG,0.720565
389,DG,0.011460
389,DGQ,0.006499
389,DGQP,0.022290
389,DGQPG,0.833531
389,DGQPGA,0.683899
389,DGQPGAK,0.407384
389,DGQPGAKG,0.757033
389,DGQPGAKGA,0.839808
390,GQ,0.002188
390,GQP,0.029882
390,GQPG,0.877056
390,GQPGA,0.721964
390,GQPGAK,0.449219
390,GQPGAKG,0.543970
390,GQPGAKGA,0.648813
390,GQPGAKGAN,0.838815
391,QP,0.031039
391,QPG,0.929349
391,QPGA,0.709569
391,QPGAK,0.603839
391,QPGAKG,0.511638
391,QPGAKGA,0.583931
391,QPGAKGAN,0.332671
391,QPGAKGANG,0.431391
392,PG,0.984215
392,PGA,0.942234
392,PGAK,0.886181
392,PGAKG,0.782866
392,PGAKGA,0.779481
392,PGAKGAN,0.633654
392,PGAKGANG,0.766197
392,PGAKGANGA,0.940031
393,GA,0.005258
393,GAK,0.007705
393,GAKG,0.005688
393,GAKGA,0.015461
393,GAKGAN,0.006403
393,GAKGANG,0.021252
393,GAKGANGA,0.027231
393,GAKGANGAP,0.419203
394,AKG,0.003682
394,AKGA,0.023882
394,AKGAN,0.012720
394,AKGANG,0.015805
394,AKGANGA,0.017624
394,AKGANGAP,0.012102
394,AKGANGAPG,0.646749
395,KG,0.000691
395,KGA,0.010588
395,KGAN,0.006000
395,KGANG,0.007081
395,KGANGA,0.009116
395,KGANGAP,0.014483
395,KGANGAPG,0.401043
395,KGANGAPGI,0.526950
396,GA,0.005258
396,GAN,0.006817
396,GANG,0.008575
396,GANGA,0.011792
396,GANGAP,0.012301
396,GANGAPG,0.606407
396,GANGAPGI,0.386180
396,GANGAPGIA,0.685375
397,ANG,0.007082
397,ANGA,0.016876
397,ANGAP,0.012753
397,ANGAPG,0.242917
397,ANGAPGI,0.182387
397,ANGAPGIA,0.168924
397,ANGAPGIAG,0.118692
398,NG,0.005985
398,NGA,0.003362
398,NGAP,0.011591
398,NGAPG,0.215815
398,NGAPGI,0.086921
398,NGAPGIA,0.071783
398,NGAPGIAG,0.065484
398,NGAPGIAGA,0.217442
399,GA,0.005258
399,GAP,0.030559
399,GAPG,0.875970
399,GAPGI,0.778982
399,GAPGIA,0.588563
399,GAPGIAG,0.537737
399,GAPGIAGA,0.852818
399,GAPGIAGAP,0.923567
400,AP,0.028599
400,APG,0.936200
400,APGI,0.777014
400,APGIA,0.512416
400,APGIAG,0.486222
400,APGIAGA,0.587432
400,APGIAGAP,0.864295
400,APGIAGAPG,0.911465
401,PG,0.984215
401,PGI,0.987218
401,PGIA,0.881013
401,PGIAG,0.774527
401,PGIAGA,0.773256
401,PGIAGAP,0.847385
401,PGIAGAPG,0.923632
401,PGIAGAPGF,0.886366
402,GI,0.003405
402,GIA,0.007549
402,GIAG,0.008466
402,GIAGA,0.009730
402,GIAGAP,0.032692
402,GIAGAPG,0.848403
402,GIAGAPGF,0.700714
402,GIAGAPGFP,0.781439
403,IAG,0.009745
403,IAGA,0.015628
403,IAGAP,0.030277
403,IAGAPG,0.823069
403,IAGAPGF,0.749005
403,IAGAPGFP,0.778575
403,IAGAPGFPG,0.761394
404,AG,0.095042
404,AGA,0.020969
404,AGAP,0.028611
404,AGAPG,0.806048
404,AGAPGF,0.792968
404,AGAPGFP,0.790304
404,AGAPGFPG,0.794195
404,AGAPGFPGA,0.808619
405,GA,0.005258
405,GAP,0.030559
405,GAPG,0.875970
405,GAPGF,0.790871
405,GAPGFP,0.690492
405,GAPGFPG,0.663070
405,GAPGFPGA,0.732397
405,GAPGFPGAR,0.810750
406,AP,0.028599
406,APG,0.936200
406,APGF,0.796036
406,APGFP,0.579448
406,APGFPG,0.510992
406,APGFPGA,0.663509
406,APGFPGAR,0.818427
406,APGFPGARG,0.751065
407,PG,0.984215
407,PGF,0.952856
407,PGFP,0.898368
407,PGFPG,0.616307
407,PGFPGA,0.617612
407,PGFPGAR,0.802596
407,PGFPGARG,0.811743
407,PGFPGARGP,0.718903
408,GF,0.004443
408,GFP,0.012427
408,GFPG,0.896921
408,GFPGA,0.812681
408,GFPGAR,0.818100
408,GFPGARG,0.790620
408,GFPGARGP,0.676065
408,GFPGARGPS,0.707124
409,FP,0.018882
409,FPG,0.962903
409,FPGA,0.767172
409,FPGAR,0.799862
409,FPGARG,0.784326
409,FPGARGP,0.619044
409,FPGARGPS,0.670016
409,FPGARGPSG,0.647183
410,PG,0.984215
410,PGA,0.942234
410,PGAR,0.886632
410,PGARG,0.800619
410,PGARGP,0.746538
410,PGARGPS,0.835533
410,PGARGPSG,0.849013
410,PGARGPSGP,0.797699
411,GA,0.005258
411,GAR,0.004616
411,GARG,0.025822
411,GARGP,0.722964
411,GARGPS,0.829836
411,GARGPSG,0.842094
411,GARGPSGP,0.766277
411,GARGPSGPQ,0.769250
412,ARG,0.040043
412,ARGP,0.744911
412,ARGPS,0.746722
412,ARGPSG,0.778846
412,ARGPSGP,0.699922
412,ARGPSGPQ,0.691908
412,ARGPSGPQG,0.758830
413,RG,0.020423
413,RGP,0.773900
413,RGPS,0.846261
413,RGPSG,0.844922
413,RGPSGP,0.643828
413,RGPSGPQ,0.640871
413,RGPSGPQG,0.762026
413,RGPSGPQGP,0.850517
414,GP,0.971328
414,GPS,0.956545
414,GPSG,0.939171
414,GPSGP,0.847763
414,GPSGPQ,0.663180
414,GPSGPQG,0.872925
414,GPSGPQGP,0.924483
414,GPSGPQGPS,0.887872
415,PS,0.026360
415,PSG,0.032505
415,PSGP,0.863166
415,PSGPQ,0.768647
415,PSGPQG,0.750768
415,PSGPQGP,0.724266
415,PSGPQGPS,0.686052
415,PSGPQGPSG,0.720535
416,SG,0.008336
416,SGP,0.934996
416,SGPQ,0.839655
416,SGPQG,0.872666
416,SGPQGP,0.738671
416,SGPQGPS,0.641639
416,SGPQGPSG,0.727515
416,SGPQGPSGP,0.660013
417,GP,0.971328
417,GPQ,0.932174
417,GPQG,0.915791
417,GPQGP,0.821075
417,GPQGPS,0.779225
417,GPQGPSG,0.899917
417,GPQGPSGP,0.928250
417,GPQGPSGPP,0.916006
418,PQ,0.012361
418,PQG,0.038976
418,PQGP,0.841573
418,PQGPS,0.772617
418,PQGPSG,0.767739
418,PQGPSGP,0.731657
418,PQGPSGPP,0.636078
418,PQGPSGPPG,0.612714
419,QG,0.008637
419,QGP,0.908988
419,QGPS,0.795128
419,QGPSG,0.825917
419,QGPSGP,0.736918
419,QGPSGPP,0.692321
419,QGPSGPPG,0.731341
419,QGPSGPPGP,0.830174
420,GP,0.971328
420,GPS,0.956545
420,GPSG,0.939171
420,GPSGP,0.847763
420,GPSGPP,0.741033
420,GPSGPPG,0.694130
420,GPSGPPGP,0.724337
420,GPSGPPGPK,0.698111
421,PS,0.026360
421,PSG,0.032505
421,PSGP,0.863166
421,PSGPP,0.842697
421,PSGPPG,0.797027
421,PSGPPGP,0.698263
421,PSGPPGPK,0.624804
421,PSGPPGPKG,0.538160
422,SG,0.008336
422,SGP,0.934996
422,SGPP,0.838786
422,SGPPG,0.828677
422,SGPPGP,0.698164
422,SGPPGPK,0.715440
422,SGPPGPKG,0.753167
422,SGPPGPKGN,0.669771
423,GP,0.971328
423,GPP,0.958167
423,GPPG,0.931611
423,GPPGP,0.819214
423,GPPGPK,0.841182
423,GPPGPKG,0.924260
423,GPPGPKGN,0.917528
423,GPPGPKGNS,0.582504
424,PP,0.048185
424,PPG,0.974962
424,PPGP,0.865923
424,PPGPK,0.737313
424,PPGPKG,0.666282
424,PPGPKGN,0.526795
424,PPGPKGNS,0.397779
424,PPGPKGNSG,0.355396
425,PG,0.984215
425,PGP,0.963309
425,PGPK,0.891122
425,PGPKG,0.768457
425,PGPKGN,0.533423
425,PGPKGNS,0.365236
425,PGPKGNSG,0.267953
425,PGPKGNSGE,0.376792
426,GP,0.971328
426,GPK,0.950919
426,GPKG,0.748810
426,GPKGN,0.383298
426,GPKGNS,0.252404
426,GPKGNSG,0.247560
426,GPKGNSGE,0.288859
426,GPKGNSGEP,0.477201
427,PK,0.004766
427,PKG,0.009898
427,PKGN,0.005280
427,PKGNS,0.004205
427,PKGNSG,0.010983
427,PKGNSGE,0.012526
427,PKGNSGEP,0.063964
427,PKGNSGEPG,0.874578
428,KG,0.000691
428,KGN,0.003042
428,KGNS,0.003718
428,KGNSG,0.003216
428,KGNSGE,0.003333
428,KGNSGEP,0.064426
428,KGNSGEPG,0.932789
428,KGNSGEPGA,0.786962
429,GN,0.004347
429,GNS,0.008583
429,GNSG,0.016287
429,GNSGE,0.023719
429,GNSGEP,0.293564
429,GNSGEPG,0.727325
429,GNSGEPGA,0.443217
429,GNSGEPGAP,0.059398
430,NSG,0.005003
430,NSGE,0.011642
430,NSGEP,0.067857
430,NSGEPG,0.616394
430,NSGEPGA,0.443416
430,NSGEPGAP,0.027414
430,NSGEPGAPG,0.031102
431,SG,0.008336
431,SGE,0.021723
431,SGEP,0.142781
431,SGEPG,0.790744
431,SGEPGA,0.526864
431,SGEPGAP,0.059175
431,SGEPGAPG,0.302309
431,SGEPGAPGN,0.008296
432,GE,0.018801
432,GEP,0.073397
432,GEPG,0.893722
432,GEPGA,0.788267
432,GEPGAP,0.522943
432,GEPGAPG,0.723630
432,GEPGAPGN,0.438337
432,GEPGAPGNK,0.646961
433,EP,0.028444
433,EPG,0.961169
433,EPGA,0.837706
433,EPGAP,0.620826
433,EPGAPG,0.632119
433,EPGAPGN,0.171121
433,EPGAPGNK,0.032490
433,EPGAPGNKG,0.043639
434,PG,0.984215
434,PGA,0.942234
434,PGAP,0.878822
434,PGAPG,0.797336
434,PGAPGN,0.296197
434,PGAPGNK,0.069354
434,PGAPGNKG,0.063721
434,PGAPGNKGD,0.209666
435,GA,0.005258
435,GAP,0.030559
435,GAPG,0.875970
435,GAPGN,0.528956
435,GAPGNK,0.052472
435,GAPGNKG,0.041891
435,GAPGNKGD,0.192301
435,GAPGNKGDT,0.586197
436,AP,0.028599
436,APG,0.936200
436,APGN,0.683071
436,APGNK,0.161552
436,APGNKG,0.102999
436,APGNKGD,0.249585
436,APGNKGDT,0.298520
436,APGNKGDTG,0.440588
437,PG,0.984215
437,PGN,0.916396
437,PGNK,0.929907
437,PGNKG,0.766207
437,PGNKGD,0.733719
437,PGNKGDT,0.656871
437,PGNKGDTG,0.900579
437,PGNKGDTGA,0.620688
438,GN,0.004347
438,GNK,0.001716
438,GNKG,0.002202
438,GNKGD,0.006580
438,GNKGDT,0.003611
438,GNKGDTG,0.007750
438,GNKGDTGA,0.009198
438,GNKGDTGAK,0.013536
439,NKG,0.000961
439,NKGD,0.004280
439,NKGDT,0.003125
439,NKGDTG,0.005045
439,NKGDTGA,0.007583
439,NKGDTGAK,0.003947
439,NKGDTGAKG,0.006604
440,KG,0.000691
440,KGD,0.005503
440,KGDT,0.005573
440,KGDTG,0.005383
440,KGDTGA,0.009889
440,KGDTGAK,0.007564
440,KGDTGAKG,0.052424
440,KGDTGAKGE,0.033367
441,GD,0.003753
441,GDT,0.010306
441,GDTG,0.024619
441,GDTGA,0.034561
441,GDTGAK,0.006464
441,GDTGAKG,0.007616
441,GDTGAKGE,0.003975
441,GDTGAKGEP,0.745523
442,DTG,0.005634
442,DTGA,0.015768
442,DTGAK,0.008471
442,DTGAKG,0.009870
442,DTGAKGE,0.005588
442,DTGAKGEP,0.062036
442,DTGAKGEPG,0.762761
443,TG,0.004370
443,TGA,0.011478
443,TGAK,0.010305
443,TGAKG,0.009049
443,TGAKGE,0.004225
443,TGAKGEP,0.070525
443,TGAKGEPG,0.980762
443,TGAKGEPGP,0.987418
444,GA,0.005258
444,GAK,0.007705
444,GAKG,0.005688
444,GAKGE,0.003302
444,GAKGEP,0.091274
444,GAKGEPG,0.868470
444,GAKGEPGP,0.362157
444,GAKGEPGPT,0.444077
445,AKG,0.003682
445,AKGE,0.004560
445,AKGEP,0.046734
445,AKGEPG,0.739670
445,AKGEPGP,0.673948
445,AKGEPGPT,0.882962
445,AKGEPGPTG,0.902507
446,KG,0.000691
446,KGE,0.000539
446,KGEP,0.109403
446,KGEPG,0.870900
446,KGEPGP,0.691572
446,KGEPGPT,0.882584
446,KGEPGPTG,0.937332
446,KGEPGPTGI,0.468568
447,GE,0.018801
447,GEP,0.073397
447,GEPG,0.893722
447,GEPGP,0.809856
447,GEPGPT,0.898589
447,GEPGPTG,0.887835
447,GEPGPTGI,0.962170
447,GEPGPTGIQ,0.913303
448,EP,0.028444
448,EPG,0.961169
448,EPGP,0.903131
448,EPGPT,0.909492
448,EPGPTG,0.826304
448,EPGPTGI,0.855556
448,EPGPTGIQ,0.878034
448,EPGPTGIQG,0.940914
449,PG,0.984215
449,PGP,0.963309
449,PGPT,0.934414
449,PGPTG,0.895520
449,PGPTGI,0.858670
449,PGPTGIQ,0.907694
449,PGPTGIQG,0.985408
449,PGPTGIQGP,0.991549
450,GP,0.971328
450,GPT,0.946277
450,GPTG,0.916605
450,GPTGI,0.874466
450,GPTGIQ,0.873393
450,GPTGIQG,0.991312
450,GPTGIQGP,0.993210
450,GPTGIQGPP,0.978660
451,PT,0.009239
451,PTG,0.014536
451,PTGI,0.027709
451,PTGIQ,0.073268
451,PTGIQG,0.050536
451,PTGIQGP,0.384563
451,PTGIQGPP,0.907509
451,PTGIQGPPG,0.971740
452,TG,0.004370
452,TGI,0.028774
452,TGIQ,0.011949
452,TGIQG,0.009615
452,TGIQGP,0.943628
452,TGIQGPP,0.956707
452,TGIQGPPG,0.981669
452,TGIQGPPGP,0.992130
453,GI,0.003405
453,GIQ,0.011514
453,GIQG,0.007781
453,GIQGP,0.752685
453,GIQGPP,0.685835
453,GIQGPPG,0.907814
453,GIQGPPGP,0.952130
453,GIQGPPGPA,0.936635
454,IQG,0.005503
454,IQGP,0.770445
454,IQGPP,0.653996
454,IQGPPG,0.855541
454,IQGPPGP,0.759464
454,IQGPPGPA,0.870645
454,IQGPPGPAG,0.933724
455,QG,0.008637
455,QGP,0.908988
455,QGPP,0.814668
455,QGPPG,0.820952
455,QGPPGP,0.656159
455,QGPPGPA,0.772522
455,QGPPGPAG,0.835859
455,QGPPGPAGE,0.744723
456,GP,0.971328
456,GPP,0.958167
456,GPPG,0.931611
456,GPPGP,0.819214
456,GPPGPA,0.728613
456,GPPGPAG,0.663025
456,GPPGPAGE,0.648331
456,GPPGPAGEE,0.600217
457,PP,0.048185
457,PPG,0.974962
457,PPGP,0.865923
457,PPGPA,0.815468
457,PPGPAG,0.765580
457,PPGPAGE,0.654948
457,PPGPAGEE,0.733153
457,PPGPAGEEG,0.546209
458,PG,0.984215
458,PGP,0.963309
458,PGPA,0.857827
458,PGPAG,0.803925
458,PGPAGE,0.502541
458,PGPAGEE,0.496495
458,PGPAGEEG,0.341559
458,PGPAGEEGK,0.464089
459,GP,0.971328
459,GPA,0.923298
459,GPAG,0.878009
459,GPAGE,0.608298
459,GPAGEE,0.478275
459,GPAGEEG,0.434791
459,GPAGEEGK,0.602718
459,GPAGEEGKR,0.890257
460,PA,0.025900
460,PAG,0.144925
460,PAGE,0.050957
460,PAGEE,0.038115
460,PAGEEG,0.036220
460,PAGEEGK,0.011233
460,PAGEEGKR,0.016837
460,PAGEEGKRG,0.026075
461,AG,0.095042
461,AGE,0.012728
461,AGEE,0.005901
461,AGEEG,0.007123
461,AGEEGK,0.001036
461,AGEEGKR,0.001985
461,AGEEGKRG,0.002641
461,AGEEGKRGA,0.009496
462,GE,0.018801
462,GEE,0.049324
462,GEEG,0.027221
462,GEEGK,0.000578
462,GEEGKR,0.000622
462,GEEGKRG,0.000868
462,GEEGKRGA,0.003631
462,GEEGKRGAR,0.007199
463,EEG,0.037834
463,EEGK,0.000856
463,EEGKR,0.000631
463,EEGKRG,0.001277
463,EEGKRGA,0.002543
463,EEGKRGAR,0.003099
463,EEGKRGARG,0.006629
464,EG,0.034172
464,EGK,0.000765
464,EGKR,0.000908
464,EGKRG,0.002335
464,EGKRGA,0.001735
464,EGKRGAR,0.002479
464,EGKRGARG,0.012200
464,EGKRGARGE,0.016219
465,GK,0.000752
465,GKR,0.000674
465,GKRG,0.001743
465,GKRGA,0.009188
465,GKRGAR,0.006276
465,GKRGARG,0.022341
465,GKRGARGE,0.010415
465,GKRGARGEP,0.604190
466,KRG,0.000488
466,KRGA,0.002128
466,KRGAR,0.001644
466,KRGARG,0.010249
466,KRGARGE,0.012987
466,KRGARGEP,0.033115
466,KRGARGEPG,0.805405
467,RG,0.020423
467,RGA,0.017726
467,RGAR,0.017236
467,RGARG,0.044514
467,RGARGE,0.013819
467,RGARGEP,0.038112
467,RGARGEPG,0.886771
467,RGARGEPGP,0.817854
468,GA,0.005258
468,GAR,0.004616
468,GARG,0.025822
468,GARGE,0.014557
468,GARGEP,0.090466
468,GARGEPG,0.855034
468,GARGEPGP,0.799004
468,GARGEPGPT,0.799329
469,ARG,0.040043
469,ARGE,0.008501
469,ARGEP,0.012453
469,ARGEPG,0.762570
469,ARGEPGP,0.747614
469,ARGEPGPT,0.836469
469,ARGEPGPTG,0.779654
470,RG,0.020423
470,RGE,0.023495
470,RGEP,0.065093
470,RGEPG,0.907624
470,RGEPGP,0.755131
470,RGEPGPT,0.832764
470,RGEPGPTG,0.785324
470,RGEPGPTGL,0.872490
471,GE,0.018801
471,GEP,0.073397
471,GEPG,0.893722
471,GEPGP,0.809856
471,GEPGPT,0.898589
471,GEPGPTG,0.887835
471,GEPGPTGL,0.955178
471,GEPGPTGLP,0.935097
472,EP,0.028444
472,EPG,0.961169
472,EPGP,0.903131
472,EPGPT,0.909492
472,EPGPTG,0.826304
472,EPGPTGL,0.920229
472,EPGPTGLP,0.948963
472,EPGPTGLPG,0.911906
473,PG,0.984215
473,PGP,0.963309
473,PGPT,0.934414
473,PGPTG,0.895520
473,PGPTGL,0.954241
473,PGPTGLP,0.973555
473,PGPTGLPG,0.978851
473,PGPTGLPGP,0.983273
474,GP,0.971328
474,GPT,0.946277
474,GPTG,0.916605
474,GPTGL,0.933601
474,GPTGLP,0.918302
474,GPTGLPG,0.955508
474,GPTGLPGP,0.984033
474,GPTGLPGPP,0.958791
475,PT,0.009239
475,PTG,0.014536
475,PTGL,0.030365
475,PTGLP,0.055011
475,PTGLPG,0.899336
475,PTGLPGP,0.539655
475,PTGLPGPP,0.344069
475,PTGLPGPPG,0.376460
476,TG,0.004370
476,TGL,0.055482
476,TGLP,0.023361
476,TGLPG,0.982494
476,TGLPGP,0.905912
476,TGLPGPP,0.867563
476,TGLPGPPG,0.899235
476,TGLPGPPGE,0.949082
477,GL,0.008947
477,GLP,0.026638
477,GLPG,0.936475
477,GLPGP,0.791989
477,GLPGPP,0.733953
477,GLPGPPG,0.750126
477,GLPGPPGE,0.672536
477,GLPGPPGER,0.666298
478,LP,0.022451
478,LPG,0.979919
478,LPGP,0.815778
478,LPGPP,0.731779
478,LPGPPG,0.565848
478,LPGPPGE,0.299498
478,LPGPPGER,0.627770
478,LPGPPGERG,0.574853
479,PG,0.984215
479,PGP,0.963309
479,PGPP,0.924297
479,PGPPG,0.877939
479,PGPPGE,0.771523
479,PGPPGER,0.775121
479,PGPPGERG,0.772717
479,PGPPGERGG,0.725524
480,GP,0.971328
480,GPP,0.958167
480,GPPG,0.931611
480,GPPGE,0.904360
480,GPPGER,0.734497
480,GPPGERG,0.734371
480,GPPGERGG,0.690906
480,GPPGERGGP,0.721520
481,PP,0.048185
481,PPG,0.974962
481,PPGE,0.942501
481,PPGER,0.865413
481,PPGERG,0.762604
481,PPGERGG,0.676407
481,PPGERGGP,0.607356
481,PPGERGGPG,0.447367
482,PG,0.984215
482,PGE,0.864290
482,PGER,0.874011
482,PGERG,0.833449
482,PGERGG,0.777115
482,PGERGGP,0.681145
482,PGERGGPG,0.630015
482,PGERGGPGA,0.716794
483,GE,0.018801
483,GER,0.021196
483,GERG,0.012644
483,GERGG,0.028138
483,GERGGP,0.516177
483,GERGGPG,0.481296
483,GERGGPGA,0.689534
483,GERGGPGAR,0.709909
484,ERG,0.011509
484,ERGG,0.019798
484,ERGGP,0.159225
484,ERGGPG,0.173463
484,ERGGPGA,0.383925
484,ERGGPGAR,0.397783
484,ERGGPGARG,0.402185
485,RG,0.020423
485,RGG,0.045287
485,RGGP,0.685833
485,RGGPG,0.408997
485,RGGPGA,0.538218
485,RGGPGAR,0.534991
485,RGGPGARG,0.518730
485,RGGPGARGF,0.640634
486,GG,0.071735
486,GGP,0.920842
486,GGPG,0.820055
486,GGPGA,0.691244
486,GGPGAR,0.665510
486,GGPGARG,0.615250
486,GGPGARGF,0.778219
486,GGPGARGFP,0.674301
487,GP,0.971328
487,GPG,0.964911
487,GPGA,0.762343
487,GPGAR,0.747781
487,GPGARG,0.634539
487,GPGARGF,0.683094
487,GPGARGFP,0.624018
487,GPGARGFPG,0.622938
488,PG,0.984215
488,PGA,0.942234
488,PGAR,0.886632
488,PGARG,0.800619
488,PGARGF,0.813159
488,PGARGFP,0.835166
488,PGARGFPG,0.914540
488,PGARGFPGA,0.918065
489,GA,0.005258
489,GAR,0.004616
489,GARG,0.025822
489,GARGF,0.011876
489,GARGFP,0.049352
489,GARGFPG,0.897478
489,GARGFPGA,0.891604
489,GARGFPGAD,0.860598
490,ARG,0.040043
490,ARGF,0.010101
490,ARGFP,0.013655
490,ARGFPG,0.819790
490,ARGFPGA,0.842926
490,ARGFPGAD,0.928510
490,ARGFPGADG,0.894625
491,RG,0.020423
491,RGF,0.006472
491,RGFP,0.019534
491,RGFPG,0.857929
491,RGFPGA,0.833786
491,RGFPGAD,0.818656
491,RGFPGADG,0.770318
491,RGFPGADGV,0.709374
492,GF,0.004443
492,GFP,0.012427
492,GFPG,0.896921
492,GFPGA,0.812681
492,GFPGAD,0.723549
492,GFPGADG,0.651619
492,GFPGADGV,0.722179
492,GFPGADGVA,0.720101
493,FP,0.018882
493,FPG,0.962903
493,FPGA,0.767172
493,FPGAD,0.613717
493,FPGADG,0.586096
493,FPGADGV,0.668732
493,FPGADGVA,0.737684
493,FPGADGVAG,0.734600
494,PG,0.984215
494,PGA,0.942234
494,PGAD,0.856697
494,PGADG,0.783866
494,PGADGV,0.750753
494,PGADGVA,0.799299
494,PGADGVAG,0.853756
494,PGADGVAGP,0.838522
495,GA,0.005258
495,GAD,0.005021
495,GADG,0.013579
495,GADGV,0.010864
495,GADGVA,0.004240
495,GADGVAG,0.025856
495,GADGVAGP,0.787404
495,GADGVAGPK,0.804312
496,ADG,0.015170
496,ADGV,0.010616
496,ADGVA,0.008711
496,ADGVAG,0.034880
496,ADGVAGP,0.787391
496,ADGVAGPK,0.863745
496,ADGVAGPKG,0.864445
497,DG,0.011460
497,DGV,0.004650
497,DGVA,0.002709
497,DGVAG,0.007208
497,DGVAGP,0.761396
497,DGVAGPK,0.780551
497,DGVAGPKG,0.866916
497,DGVAGPKGP,0.927137
498,GV,0.001845
498,GVA,0.004732
498,GVAG,0.010958
498,GVAGP,0.837823
498,GVAGPK,0.661539
498,GVAGPKG,0.740736
498,GVAGPKGP,0.679822
498,GVAGPKGPA,0.859542
499,VAG,0.004332
499,VAGP,0.886266
499,VAGPK,0.733172
499,VAGPKG,0.772848
499,VAGPKGP,0.769420
499,VAGPKGPA,0.860356
499,VAGPKGPAG,0.918332
500,AG,0.095042
500,AGP,0.894527
500,AGPK,0.786701
500,AGPKG,0.723892
500,AGPKGP,0.611945
500,AGPKGPA,0.587584
500,AGPKGPAG,0.670280
500,AGPKGPAGE,0.411712
501,GP,0.971328
501,GPK,0.950919
501,GPKG,0.748810
501,GPKGP,0.643730
501,GPKGPA,0.422091
501,GPKGPAG,0.282507
501,GPKGPAGE,0.072196
501,GPKGPAGER,0.211333
502,PK,0.004766
502,PKG,0.009898
502,PKGP,0.669302
502,PKGPA,0.523428
502,PKGPAG,0.515030
502,PKGPAGE,0.598339
502,PKGPAGER,0.773927
502,PKGPAGERG,0.699023
503,KG,0.000691
503,KGP,0.870474
503,KGPA,0.407168
503,KGPAG,0.410663
503,KGPAGE,0.467393
503,KGPAGER,0.597144
503,KGPAGERG,0.382914
503,KGPAGERGA,0.623313
504,GP,0.971328
504,GPA,0.923298
504,GPAG,0.878009
504,GPAGE,0.608298
504,GPAGER,0.816838
504,GPAGERG,0.789543
504,GPAGERGA,0.920970
504,GPAGERGAP,0.868243
505,PA,0.025900
505,PAG,0.144925
505,PAGE,0.050957
505,PAGER,0.024758
505,PAGERG,0.064151
505,PAGERGA,0.099374
505,PAGERGAP,0.236942
505,PAGERGAPG,0.652944
506,AG,0.095042
506,AGE,0.012728
506,AGER,0.016929
506,AGERG,0.021375
506,AGERGA,0.023346
506,AGERGAP,0.036384
506,AGERGAPG,0.918114
506,AGERGAPGP,0.863846
507,GE,0.018801
507,GER,0.021196
507,GERG,0.012644
507,GERGA,0.011641
507,GERGAP,0.023214
507,GERGAPG,0.832612
507,GERGAPGP,0.783586
507,GERGAPGPA,0.853001
508,ERG,0.011509
508,ERGA,0.001520
508,ERGAP,0.006259
508,ERGAPG,0.642713
508,ERGAPGP,0.589330
508,ERGAPGPA,0.747154
508,ERGAPGPAG,0.727211
509,RG,0.020423
509,RGA,0.017726
509,RGAP,0.040465
509,RGAPG,0.782908
509,RGAPGP,0.687616
509,RGAPGPA,0.775905
509,RGAPGPAG,0.748577
509,RGAPGPAGP,0.676812
510,GA,0.005258
510,GAP,0.030559
510,GAPG,0.875970
510,GAPGP,0.750594
510,GAPGPA,0.799667
510,GAPGPAG,0.749957
510,GAPGPAGP,0.665082
510,GAPGPAGPK,0.810067
511,AP,0.028599
511,APG,0.936200
511,APGP,0.742453
511,APGPA,0.766578
511,APGPAG,0.748406
511,APGPAGP,0.684894
511,APGPAGPK,0.715053
511,APGPAGPKG,0.735763
512,PG,0.984215
512,PGP,0.963309
512,PGPA,0.857827
512,PGPAG,0.803925
512,PGPAGP,0.814340
512,PGPAGPK,0.829980
512,PGPAGPKG,0.955808
512,PGPAGPKGS,0.820272
513,GP,0.971328
513,GPA,0.923298
513,GPAG,0.878009
513,GPAGP,0.757013
513,GPAGPK,0.782575
513,GPAGPKG,0.941472
513,GPAGPKGS,0.927614
513,GPAGPKGSP,0.938964
514,PA,0.025900
514,PAG,0.144925
514,PAGP,0.763311
514,PAGPK,0.670603
514,PAGPKG,0.664742
514,PAGPKGS,0.620460
514,PAGPKGSP,0.703379
514,PAGPKGSPG,0.612039
515,AG,0.095042
515,AGP,0.894527
515,AGPK,0.786701
515,AGPKG,0.723892
515,AGPKGS,0.640313
515,AGPKGSP,0.679841
515,AGPKGSPG,0.667935
515,AGPKGSPGE,0.759671
516,GP,0.971328
516,GPK,0.950919
516,GPKG,0.748810
516,GPKGS,0.443716
516,GPKGSP,0.644622
516,GPKGSPG,0.821108
516,GPKGSPGE,0.959310
516,GPKGSPGEA,0.854321
517,PK,0.004766
517,PKG,0.009898
517,PKGS,0.011137
517,PKGSP,0.031175
517,PKGSPG,0.586841
517,PKGSPGE,0.757253
517,PKGSPGEA,0.734210
517,PKGSPGEAG,0.579244
518,KG,0.000691
518,KGS,0.003136
518,KGSP,0.052515
518,KGSPG,0.793314
518,KGSPGE,0.816133
518,KGSPGEA,0.637458
518,KGSPGEAG,0.550931
518,KGSPGEAGR,0.737720
519,GS,0.002503
519,GSP,0.043271
519,GSPG,0.932665
519,GSPGE,0.817765
519,GSPGEA,0.558474
519,GSPGEAG,0.451502
519,GSPGEAGR,0.845603
519,GSPGEAGRP,0.744422
520,SP,0.050931
520,SPG,0.972697
520,SPGE,0.804049
520,SPGEA,0.590549
520,SPGEAG,0.465363
520,SPGEAGR,0.778257
520,SPGEAGRP,0.804265
520,SPGEAGRPG,0.692704
521,PG,0.984215
521,PGE,0.864290
521,PGEA,0.879316
521,PGEAG,0.729206
521,PGEAGR,0.787811
521,PGEAGRP,0.758374
521,PGEAGRPG,0.762652
521,PGEAGRPGE,0.555665
522,GE,0.018801
522,GEA,0.001986
522,GEAG,0.027268
522,GEAGR,0.019535
522,GEAGRP,0.025160
522,GEAGRPG,0.721850
522,GEAGRPGE,0.709043
522,GEAGRPGEA,0.601847
523,EAG,0.017773
523,EAGR,0.012940
523,EAGRP,0.009109
523,EAGRPG,0.643907
523,EAGRPGE,0.774005
523,EAGRPGEA,0.508731
523,EAGRPGEAG,0.432610
524,AG,0.095042
524,AGR,0.069528
524,AGRP,0.067697
524,AGRPG,0.745283
524,AGRPGE,0.779085
524,AGRPGEA,0.763610
524,AGRPGEAG,0.576478
524,AGRPGEAGL,0.692899
525,GR,0.021570
525,GRP,0.368926
525,GRPG,0.805010
525,GRPGE,0.821372
525,GRPGEA,0.719790
525,GRPGEAG,0.596174
525,GRPGEAGL,0.673956
525,GRPGEAGLP,0.569861
526,RP,0.010025
526,RPG,0.961871
526,RPGE,0.950442
526,RPGEA,0.726087
526,RPGEAG,0.641657
526,RPGEAGL,0.583227
526,RPGEAGLP,0.658198
526,RPGEAGLPG,0.681217
527,PG,0.984215
527,PGE,0.864290
527,PGEA,0.879316
527,PGEAG,0.729206
527,PGEAGL,0.723651
527,PGEAGLP,0.701960
527,PGEAGLPG,0.688056
527,PGEAGLPGA,0.777518
528,GE,0.018801
528,GEA,0.001986
528,GEAG,0.027268
528,GEAGL,0.020553
528,GEAGLP,0.028102
528,GEAGLPG,0.636527
528,GEAGLPGA,0.798375
528,GEAGLPGAK,0.701298
529,EAG,0.017773
529,EAGL,0.031475
529,EAGLP,0.022646
529,EAGLPG,0.672632
529,EAGLPGA,0.761287
529,EAGLPGAK,0.743034
529,EAGLPGAKG,0.649354
530,AG,0.095042
530,AGL,0.027543
530,AGLP,0.031355
530,AGLPG,0.872916
530,AGLPGA,0.829048
530,AGLPGAK,0.788222
530,AGLPGAKG,0.826342
530,AGLPGAKGL,0.777498
531,GL,0.008947
531,GLP,0.026638
531,GLPG,0.936475
531,GLPGA,0.853360
531,GLPGAK,0.767464
531,GLPGAKG,0.688134
531,GLPGAKGL,0.683041
531,GLPGAKGLT,0.576235
532,LP,0.022451
532,LPG,0.979919
532,LPGA,0.854100
532,LPGAK,0.778041
532,LPGAKG,0.765982
532,LPGAKGL,0.778658
532,LPGAKGLT,0.923842
532,LPGAKGLTG,0.893025
533,PG,0.984215
533,PGA,0.942234
533,PGAK,0.886181
533,PGAKG,0.782866
533,PGAKGL,0.652837
533,PGAKGLT,0.711947
533,PGAKGLTG,0.921279
533,PGAKGLTGS,0.790909
534,GA,0.005258
534,GAK,0.007705
534,GAKG,0.005688
534,GAKGL,0.013555
534,GAKGLT,0.009774
534,GAKGLTG,0.041872
534,GAKGLTGS,0.040375
534,GAKGLTGSP,0.776623
535,AKG,0.003682
535,AKGL,0.035525
535,AKGLT,0.016216
535,AKGLTG,0.123815
535,AKGLTGS,0.159647
535,AKGLTGSP,0.288847
535,AKGLTGSPG,0.919947
536,KG,0.000691
536,KGL,0.012988
536,KGLT,0.011781
536,KGLTG,0.019064
536,KGLTGS,0.034315
536,KGLTGSP,0.120775
536,KGLTGSPG,0.970166
536,KGLTGSPGS,0.965814
537,GL,0.008947
537,GLT,0.010649
537,GLTG,0.043344
537,GLTGS,0.039329
537,GLTGSP,0.146694
537,GLTGSPG,0.896768
537,GLTGSPGS,0.888530
537,GLTGSPGSP,0.914021
538,LTG,0.107597
538,LTGS,0.070814
538,LTGSP,0.060037
538,LTGSPG,0.793673
538,LTGSPGS,0.716274
538,LTGSPGSP,0.845267
538,LTGSPGSPG,0.909081
539,TG,0.004370
539,TGS,0.011853
539,TGSP,0.038194
539,TGSPG,0.923617
539,TGSPGS,0.924234
539,TGSPGSP,0.902681
539,TGSPGSPG,0.963355
539,TGSPGSPGP,0.965385
540,GS,0.002503
540,GSP,0.043271
540,GSPG,0.932665
540,GSPGS,0.829037
540,GSPGSP,0.914632
540,GSPGSPG,0.948977
540,GSPGSPGP,0.759927
540,GSPGSPGPD,0.896677
541,SP,0.050931
541,SPG,0.972697
541,SPGS,0.761648
541,SPGSP,0.775460
541,SPGSPG,0.780467
541,SPGSPGP,0.639888
541,SPGSPGPD,0.906864
541,SPGSPGPDG,0.826529
542,PG,0.984215
542,PGS,0.922391
542,PGSP,0.910018
542,PGSPG,0.809666
542,PGSPGP,0.763441
542,PGSPGPD,0.878243
542,PGSPGPDG,0.799603
542,PGSPGPDGK,0.855063
543,GS,0.002503
543,GSP,0.043271
543,GSPG,0.932665
543,GSPGP,0.847320
543,GSPGPD,0.772261
543,GSPGPDG,0.764135
543,GSPGPDGK,0.889122
543,GSPGPDGKT,0.918219
544,SP,0.050931
544,SPG,0.972697
544,SPGP,0.865605
544,SPGPD,0.799988
544,SPGPDG,0.763545
544,SPGPDGK,0.829373
544,SPGPDGKT,0.936459
544,SPGPDGKTG,0.899693
545,PG,0.984215
545,PGP,0.963309
545,PGPD,0.799083
545,PGPDG,0.727941
545,PGPDGK,0.756395
545,PGPDGKT,0.923842
545,PGPDGKTG,0.931418
545,PGPDGKTGP,0.961415
546,GP,0.971328
546,GPD,0.939791
546,GPDG,0.901247
546,GPDGK,0.937952
546,GPDGKT,0.944853
546,GPDGKTG,0.975673
546,GPDGKTGP,0.978460
546,GPDGKTGPP,0.957159
547,PD,0.015530
547,PDG,0.020698
547,PDGK,0.022528
547,PDGKT,0.032522
547,PDGKTG,0.055746
547,PDGKTGP,0.930233
547,PDGKTGPP,0.952810
547,PDGKTGPPG,0.932576
548,DG,0.011460
548,DGK,0.001868
548,DGKT,0.002808
548,DGKTG,0.002856
548,DGKTGP,0.877153
548,DGKTGPP,0.927668
548,DGKTGPPG,0.955075
548,DGKTGPPGP,0.964041
549,GK,0.000752
549,GKT,0.002629
549,GKTG,0.008217
549,GKTGP,0.924819
549,GKTGPP,0.927953
549,GKTGPPG,0.973812
549,GKTGPPGP,0.979651
549,GKTGPPGPA,0.977334
550,KTG,0.001578
550,KTGP,0.865277
550,KTGPP,0.818673
550,KTGPPG,0.838830
550,KTGPPGP,0.798533
550,KTGPPGPA,0.579162
550,KTGPPGPAG,0.654825
551,TG,0.004370
551,TGP,0.971638
551,TGPP,0.918497
551,TGPPG,0.870434
551,TGPPGP,0.822252
551,TGPPGPA,0.863150
551,TGPPGPAG,0.855500
551,TGPPGPAGQ,0.935330
552,GP,0.971328
552,GPP,0.958167
552,GPPG,0.931611
552,GPPGP,0.819214
552,GPPGPA,0.728613
552,GPPGPAG,0.663025
552,GPPGPAGQ,0.729368
552,GPPGPAGQD,0.912048
553,PP,0.048185
553,PPG,0.974962
553,PPGP,0.865923
553,PPGPA,0.815468
553,PPGPAG,0.765580
553,PPGPAGQ,0.688363
553,PPGPAGQD,0.911704
553,PPGPAGQDG,0.890125
554,PG,0.984215
554,PGP,0.963309
554,PGPA,0.857827
554,PGPAG,0.803925
554,PGPAGQ,0.674074
554,PGPAGQD,0.765224
554,PGPAGQDG,0.866940
554,PGPAGQDGR,0.741213
555,GP,0.971328
555,GPA,0.923298
555,GPAG,0.878009
555,GPAGQ,0.688548
555,GPAGQD,0.749620
555,GPAGQDG,0.848346
555,GPAGQDGR,0.623733
555,GPAGQDGRP,0.558105
556,PA,0.025900
556,PAG,0.144925
556,PAGQ,0.034844
556,PAGQD,0.032826
556,PAGQDG,0.062432
556,PAGQDGR,0.040074
556,PAGQDGRP,0.019706
556,PAGQDGRPG,0.748099
557,AG,0.095042
557,AGQ,0.014895
557,AGQD,0.014909
557,AGQDG,0.012719
557,AGQDGR,0.009024
557,AGQDGRP,0.016377
557,AGQDGRPG,0.863759
557,AGQDGRPGP,0.798506
558,GQ,0.002188
558,GQD,0.003340
558,GQDG,0.005841
558,GQDGR,0.005332
558,GQDGRP,0.038572
558,GQDGRPG,0.789615
558,GQDGRPGP,0.731129
558,GQDGRPGPP,0.614444
559,QDG,0.010889
559,QDGR,0.006134
559,QDGRP,0.007327
559,QDGRPG,0.529824
559,QDGRPGP,0.455123
559,QDGRPGPP,0.457085
559,QDGRPGPPG,0.492426
560,DG,0.011460
560,DGR,0.014424
560,DGRP,0.020490
560,DGRPG,0.651506
560,DGRPGP,0.571121
560,DGRPGPP,0.598185
560,DGRPGPPG,0.543384
560,DGRPGPPGP,0.681824
561,GR,0.021570
561,GRP,0.368926
561,GRPG,0.805010
561,GRPGP,0.607170
561,GRPGPP,0.537540
561,GRPGPPG,0.434691
561,GRPGPPGP,0.397515
561,GRPGPPGPP,0.356608
562,RP,0.010025
562,RPG,0.961871
562,RPGP,0.606480
562,RPGPP,0.501459
562,RPGPPG,0.432967
562,RPGPPGP,0.341352
562,RPGPPGPP,0.356868
562,RPGPPGPPG,0.340533
563,PG,0.984215
563,PGP,0.963309
563,PGPP,0.924297
563,PGPPG,0.877939
563,PGPPGP,0.774884
563,PGPPGPP,0.799673
563,PGPPGPPG,0.698014
563,PGPPGPPGA,0.849323
564,GP,0.971328
564,GPP,0.958167
564,GPPG,0.931611
564,GPPGP,0.819214
564,GPPGPP,0.828238
564,GPPGPPG,0.879996
564,GPPGPPGA,0.891716
564,GPPGPPGAR,0.740005
565,PP,0.048185
565,PPG,0.974962
565,PPGP,0.865923
565,PPGPP,0.862933
565,PPGPPG,0.834135
565,PPGPPGA,0.745215
565,PPGPPGAR,0.718090
565,PPGPPGARG,0.691850
566,PG,0.984215
566,PGP,0.963309
566,PGPP,0.924297
566,PGPPG,0.877939
566,PGPPGA,0.714676
566,PGPPGAR,0.799637
566,PGPPGARG,0.817564
566,PGPPGARGQ,0.773225
567,GP,0.971328
567,GPP,0.958167
567,GPPG,0.931611
567,GPPGA,0.815323
567,GPPGAR,0.798338
567,GPPGARG,0.758801
567,GPPGARGQ,0.672695
567,GPPGARGQA,0.763689
568,PP,0.048185
568,PPG,0.974962
568,PPGA,0.843118
568,PPGAR,0.820621
568,PPGARG,0.776205
568,PPGARGQ,0.709168
568,PPGARGQA,0.812069
568,PPGARGQAG,0.757033
569,PG,0.984215
569,PGA,0.942234
569,PGAR,0.886632
569,PGARG,0.800619
569,PGARGQ,0.738944
569,PGARGQA,0.819708
569,PGARGQAG,0.844644
569,PGARGQAGV,0.772028
570,GA,0.005258
570,GAR,0.004616
570,GARG,0.025822
570,GARGQ,0.007216
570,GARGQA,0.007448
570,GARGQAG,0.026288
570,GARGQAGV,0.011656
570,GARGQAGVM,0.005965
571,ARG,0.040043
571,ARGQ,0.003987
571,ARGQA,0.004939
571,ARGQAG,0.023146
571,ARGQAGV,0.008080
571,ARGQAGVM,0.005413
571,ARGQAGVMG,0.007508
572,RG,0.020423
572,RGQ,0.003348
572,RGQA,0.004657
572,RGQAG,0.013503
572,RGQAGV,0.004447
572,RGQAGVM,0.002434
572,RGQAGVMG,0.003752
572,RGQAGVMGF,0.007645
573,GQ,0.002188
573,GQA,0.008102
573,GQAG,0.019985
573,GQAGV,0.007119
573,GQAGVM,0.003739
573,GQAGVMG,0.004403
573,GQAGVMGF,0.006309
573,GQAGVMGFP,0.120067
574,QAG,0.011493
574,QAGV,0.007265
574,QAGVM,0.005256
574,QAGVMG,0.005122
574,QAGVMGF,0.008213
574,QAGVMGFP,0.077882
574,QAGVMGFPG,0.852603
575,AG,0.095042
575,AGV,0.011983
575,AGVM,0.016553
575,AGVMG,0.022155
575,AGVMGF,0.007445
575,AGVMGFP,0.019801
575,AGVMGFPG,0.831683
575,AGVMGFPGP,0.857843
576,GV,0.001845
576,GVM,0.005047
576,GVMG,0.017970
576,GVMGF,0.002127
576,GVMGFP,0.011374
576,GVMGFPG,0.277170
576,GVMGFPGP,0.501327
576,GVMGFPGPK,0.617679
577,VMG,0.006885
577,VMGF,0.005533
577,VMGFP,0.007419
577,VMGFPG,0.319956
577,VMGFPGP,0.418760
577,VMGFPGPK,0.502695
577,VMGFPGPKG,0.589839
578,MG,0.011941
578,MGF,0.009390
578,MGFP,0.022769
578,MGFPG,0.648741
578,MGFPGP,0.431529
578,MGFPGPK,0.412678
578,MGFPGPKG,0.507350
578,MGFPGPKGA,0.584552
579,GF,0.004443
579,GFP,0.012427
579,GFPG,0.896921
579,GFPGP,0.634447
579,GFPGPK,0.407268
579,GFPGPKG,0.467219
579,GFPGPKGA,0.704162
579,GFPGPKGAA,0.700085
580,FP,0.018882
580,FPG,0.962903
580,FPGP,0.817707
580,FPGPK,0.320422
580,FPGPKG,0.365860
580,FPGPKGA,0.396151
580,FPGPKGAA,0.561589
580,FPGPKGAAG,0.601957
581,PG,0.984215
581,PGP,0.963309
581,PGPK,0.891122
581,PGPKG,0.768457
581,PGPKGA,0.581052
581,PGPKGAA,0.674874
581,PGPKGAAG,0.610677
581,PGPKGAAGE,0.666314
582,GP,0.971328
582,GPK,0.950919
582,GPKG,0.748810
582,GPKGA,0.679679
582,GPKGAA,0.760191
582,GPKGAAG,0.602828
582,GPKGAAGE,0.686714
582,GPKGAAGEP,0.474088
583,PK,0.004766
583,PKG,0.009898
583,PKGA,0.026038
583,PKGAA,0.027343
583,PKGAAG,0.086074
583,PKGAAGE,0.048181
583,PKGAAGEP,0.178015
583,PKGAAGEPG,0.819420
584,KG,0.000691
584,KGA,0.010588
584,KGAA,0.013292
584,KGAAG,0.020104
584,KGAAGE,0.004725
584,KGAAGEP,0.063352
584,KGAAGEPG,0.903654
584,KGAAGEPGK,0.969508
585,GA,0.005258
585,GAA,0.010726
585,GAAG,0.065220
585,GAAGE,0.024577
585,GAAGEP,0.059009
585,GAAGEPG,0.718878
585,GAAGEPGK,0.947239
585,GAAGEPGKA,0.938466
586,AAG,0.058370
586,AAGE,0.022451
586,AAGEP,0.030254
586,AAGEPG,0.603117
586,AAGEPGK,0.836955
586,AAGEPGKA,0.863546
586,AAGEPGKAG,0.827816
587,AG,0.095042
587,AGE,0.012728
587,AGEP,0.143111
587,AGEPG,0.706743
587,AGEPGK,0.885050
587,AGEPGKA,0.869969
587,AGEPGKAG,0.959373
587,AGEPGKAGE,0.905655
588,GE,0.018801
588,GEP,0.073397
588,GEPG,0.893722
588,GEPGK,0.947010
588,GEPGKA,0.852230
588,GEPGKAG,0.928574
588,GEPGKAGE,0.972227
588,GEPGKAGER,0.943661
589,EP,0.028444
589,EPG,0.961169
589,EPGK,0.957482
589,EPGKA,0.858297
589,EPGKAG,0.845302
589,EPGKAGE,0.886318
589,EPGKAGER,0.958149
589,EPGKAGERG,0.942150
590,PG,0.984215
590,PGK,0.991866
590,PGKA,0.913790
590,PGKAG,0.884596
590,PGKAGE,0.844744
590,PGKAGER,0.879502
590,PGKAGERG,0.896967
590,PGKAGERGV,0.926348
591,GK,0.000752
591,GKA,0.003115
591,GKAG,0.037030
591,GKAGE,0.017660
591,GKAGER,0.021401
591,GKAGERG,0.025594
591,GKAGERGV,0.010502
591,GKAGERGVP,0.100063
592,KAG,0.014694
592,KAGE,0.008138
592,KAGER,0.002536
592,KAGERG,0.008527
592,KAGERGV,0.001551
592,KAGERGVP,0.013045
592,KAGERGVPG,0.634353
593,AG,0.095042
593,AGE,0.012728
593,AGER,0.016929
593,AGERG,0.021375
593,AGERGV,0.003157
593,AGERGVP,0.007909
593,AGERGVPG,0.855455
593,AGERGVPGP,0.813039
594,GE,0.018801
594,GER,0.021196
594,GERG,0.012644
594,GERGV,0.003786
594,GERGVP,0.011533
594,GERGVPG,0.668488
594,GERGVPGP,0.566896
594,GERGVPGPP,0.819282
595,ERG,0.011509
595,ERGV,0.000956
595,ERGVP,0.006825
595,ERGVPG,0.443101
595,ERGVPGP,0.458810
595,ERGVPGPP,0.548225
595,ERGVPGPPG,0.382999
596,RG,0.020423
596,RGV,0.002433
596,RGVP,0.014531
596,RGVPG,0.761507
596,RGVPGP,0.623533
596,RGVPGPP,0.701001
596,RGVPGPPG,0.634741
596,RGVPGPPGA,0.603605
597,GV,0.001845
597,GVP,0.043732
597,GVPG,0.879077
597,GVPGP,0.642649
597,GVPGPP,0.525322
597,GVPGPPG,0.320447
597,GVPGPPGA,0.464502
597,GVPGPPGAV,0.435529
598,VP,0.018570
598,VPG,0.963080
598,VPGP,0.708397
598,VPGPP,0.537911
598,VPGPPG,0.432962
598,VPGPPGA,0.535015
598,VPGPPGAV,0.553301
598,VPGPPGAVG,0.536220
599,PG,0.984215
599,PGP,0.963309
599,PGPP,0.924297
599,PGPPG,0.877939
599,PGPPGA,0.714676
599,PGPPGAV,0.772792
599,PGPPGAVG,0.731386
599,PGPPGAVGP,0.654409
600,GP,0.971328
600,GPP,0.958167
600,GPPG,0.931611
600,GPPGA,0.815323
600,GPPGAV,0.840767
600,GPPGAVG,0.770882
600,GPPGAVGP,0.516614
600,GPPGAVGPA,0.483384
601,PP,0.048185
601,PPG,0.974962
601,PPGA,0.843118
601,PPGAV,0.844832
601,PPGAVG,0.802179
601,PPGAVGP,0.585942
601,PPGAVGPA,0.560570
601,PPGAVGPAG,0.475757
602,PG,0.984215
602,PGA,0.942234
602,PGAV,0.903380
602,PGAVG,0.838895
602,PGAVGP,0.803370
602,PGAVGPA,0.809604
602,PGAVGPAG,0.699356
602,PGAVGPAGK,0.871640
603,GA,0.005258
603,GAV,0.002810
603,GAVG,0.016878
603,GAVGP,0.840844
603,GAVGPA,0.816757
603,GAVGPAG,0.718658
603,GAVGPAGK,0.915336
603,GAVGPAGKD,0.947573
604,AVG,0.006816
604,AVGP,0.823367
604,AVGPA,0.669214
604,AVGPAG,0.716564
604,AVGPAGK,0.801357
604,AVGPAGKD,0.953441
604,AVGPAGKDG,0.965294
605,VG,0.007346
605,VGP,0.945902
605,VGPA,0.735759
605,VGPAG,0.784458
605,VGPAGK,0.728003
605,VGPAGKD,0.863349
605,VGPAGKDG,0.942273
605,VGPAGKDGE,0.920763
606,GP,0.971328
606,GPA,0.923298
606,GPAG,0.878009
606,GPAGK,0.763234
606,GPAGKD,0.911519
606,GPAGKDG,0.967895
606,GPAGKDGE,0.987615
606,GPAGKDGEA,0.972686
607,PA,0.025900
607,PAG,0.144925
607,PAGK,0.031138
607,PAGKD,0.044154
607,PAGKDG,0.063206
607,PAGKDGE,0.045589
607,PAGKDGEA,0.058594
607,PAGKDGEAG,0.232931
608,AG,0.095042
608,AGK,0.028071
608,AGKD,0.032878
608,AGKDG,0.039184
608,AGKDGE,0.025588
608,AGKDGEA,0.020825
608,AGKDGEAG,0.069284
608,AGKDGEAGA,0.030836
609,GK,0.000752
609,GKD,0.001257
609,GKDG,0.002811
609,GKDGE,0.003717
609,GKDGEA,0.003062
609,GKDGEAG,0.012914
609,GKDGEAGA,0.008559
609,GKDGEAGAQ,0.031436
610,KDG,0.002680
610,KDGE,0.004252
610,KDGEA,0.003420
610,KDGEAG,0.015515
610,KDGEAGA,0.008167
610,KDGEAGAQ,0.013068
610,KDGEAGAQG,0.020035
611,DG,0.011460
611,DGE,0.011257
611,DGEA,0.002037
611,DGEAG,0.007420
611,DGEAGA,0.003494
611,DGEAGAQ,0.010417
611,DGEAGAQG,0.017310
611,DGEAGAQGP,0.865757
612,GE,0.018801
612,GEA,0.001986
612,GEAG,0.027268
612,GEAGA,0.013005
612,GEAGAQ,0.008671
612,GEAGAQG,0.018207
612,GEAGAQGP,0.724975
612,GEAGAQGPP,0.744240
613,EAG,0.017773
613,EAGA,0.004872
613,EAGAQ,0.008352
613,EAGAQG,0.012220
613,EAGAQGP,0.777098
613,EAGAQGPP,0.820457
613,EAGAQGPPG,0.785846
614,AG,0.095042
614,AGA,0.020969
614,AGAQ,0.014054
614,AGAQG,0.010262
614,AGAQGP,0.722578
614,AGAQGPP,0.787079
614,AGAQGPPG,0.901188
614,AGAQGPPGP,0.937311
615,GA,0.005258
615,GAQ,0.007579
615,GAQG,0.011839
615,GAQGP,0.775267
615,GAQGPP,0.751384
615,GAQGPPG,0.783203
615,GAQGPPGP,0.720752
615,GAQGPPGPA,0.784202
616,AQG,0.008113
616,AQGP,0.816743
616,AQGPP,0.643895
616,AQGPPG,0.743866
616,AQGPPGP,0.623374
616,AQGPPGPA,0.702704
616,AQGPPGPAG,0.642863
617,QG,0.008637
617,QGP,0.908988
617,QGPP,0.814668
617,QGPPG,0.820952
617,QGPPGP,0.656159
617,QGPPGPA,0.772522
617,QGPPGPAG,0.835859
617,QGPPGPAGP,0.859872
618,GP,0.971328
618,GPP,0.958167
618,GPPG,0.931611
618,GPPGP,0.819214
618,GPPGPA,0.728613
618,GPPGPAG,0.663025
618,GPPGPAGP,0.798725
618,GPPGPAGPA,0.730923
619,PP,0.048185
619,PPG,0.974962
619,PPGP,0.865923
619,PPGPA,0.815468
619,PPGPAG,0.765580
619,PPGPAGP,0.753440
619,PPGPAGPA,0.752607
619,PPGPAGPAG,0.744449
620,PG,0.984215
620,PGP,0.963309
620,PGPA,0.857827
620,PGPAG,0.803925
620,PGPAGP,0.814340
620,PGPAGPA,0.862319
620,PGPAGPAG,0.853949
620,PGPAGPAGE,0.582567
621,GP,0.971328
621,GPA,0.923298
621,GPAG,0.878009
621,GPAGP,0.757013
621,GPAGPA,0.695653
621,GPAGPAG,0.693753
621,GPAGPAGE,0.715378
621,GPAGPAGER,0.766423
622,PA,0.025900
622,PAG,0.144925
622,PAGP,0.763311
622,PAGPA,0.754616
622,PAGPAG,0.712740
622,PAGPAGE,0.580816
622,PAGPAGER,0.827304
622,PAGPAGERG,0.799435
623,AG,0.095042
623,AGP,0.894527
623,AGPA,0.747084
623,AGPAG,0.767576
623,AGPAGE,0.559695
623,AGPAGER,0.833941
623,AGPAGERG,0.824803
623,AGPAGERGE,0.841513
624,GP,0.971328
624,GPA,0.923298
624,GPAG,0.878009
624,GPAGE,0.608298
624,GPAGER,0.816838
624,GPAGERG,0.789543
624,GPAGERGE,0.848250
624,GPAGERGEQ,0.755430
625,PA,0.025900
625,PAG,0.144925
625,PAGE,0.050957
625,PAGER,0.024758
625,PAGERG,0.064151
625,PAGERGE,0.048249
625,PAGERGEQ,0.046379
625,PAGERGEQG,0.085737
626,AG,0.095042
626,AGE,0.012728
626,AGER,0.016929
626,AGERG,0.021375
626,AGERGE,0.010491
626,AGERGEQ,0.007921
626,AGERGEQG,0.013054
626,AGERGEQGP,0.843182
627,GE,0.018801
627,GER,0.021196
627,GERG,0.012644
627,GERGE,0.016187
627,GERGEQ,0.005467
627,GERGEQG,0.005074
627,GERGEQGP,0.950629
627,GERGEQGPA,0.890654
628,ERG,0.011509
628,ERGE,0.019723
628,ERGEQ,0.003696
628,ERGEQG,0.010071
628,ERGEQGP,0.682247
628,ERGEQGPA,0.645509
628,ERGEQGPAG,0.655445
629,RG,0.020423
629,RGE,0.023495
629,RGEQ,0.004381
629,RGEQG,0.007096
629,RGEQGP,0.850916
629,RGEQGPA,0.820787
629,RGEQGPAG,0.856984
629,RGEQGPAGS,0.881830
630,GE,0.018801
630,GEQ,0.008267
630,GEQG,0.010089
630,GEQGP,0.532887
630,GEQGPA,0.230456
630,GEQGPAG,0.311849
630,GEQGPAGS,0.368197
630,GEQGPAGSP,0.255470
631,EQG,0.004594
631,EQGP,0.852261
631,EQGPA,0.216814
631,EQGPAG,0.427128
631,EQGPAGS,0.266845
631,EQGPAGSP,0.399055
631,EQGPAGSPG,0.446463
632,QG,0.008637
632,QGP,0.908988
632,QGPA,0.512675
632,QGPAG,0.671643
632,QGPAGS,0.399564
632,QGPAGSP,0.660633
632,QGPAGSPG,0.658025
632,QGPAGSPGF,0.679964
633,GP,0.971328
633,GPA,0.923298
633,GPAG,0.878009
633,GPAGS,0.676308
633,GPAGSP,0.710649
633,GPAGSPG,0.604672
633,GPAGSPGF,0.650185
633,GPAGSPGFQ,0.649184
634,PA,0.025900
634,PAG,0.144925
634,PAGS,0.045500
634,PAGSP,0.067282
634,PAGSPG,0.602240
634,PAGSPGF,0.517680
634,PAGSPGFQ,0.491910
634,PAGSPGFQG,0.499231
635,AG,0.095042
635,AGS,0.031520
635,AGSP,0.041043
635,AGSPG,0.800576
635,AGSPGF,0.702538
635,AGSPGFQ,0.790762
635,AGSPGFQG,0.843250
635,AGSPGFQGL,0.790693
636,GS,0.002503
636,GSP,0.043271
636,GSPG,0.932665
636,GSPGF,0.665447
636,GSPGFQ,0.800999
636,GSPGFQG,0.780556
636,GSPGFQGL,0.742100
636,GSPGFQGLP,0.437410
637,SP,0.050931
637,SPG,0.972697
637,SPGF,0.720336
637,SPGFQ,0.671218
637,SPGFQG,0.616387
637,SPGFQGL,0.642735
637,SPGFQGLP,0.437178
637,SPGFQGLPG,0.459527
638,PG,0.984215
638,PGF,0.952856
638,PGFQ,0.958814
638,PGFQG,0.901951
638,PGFQGL,0.928763
638,PGFQGLP,0.893618
638,PGFQGLPG,0.983008
638,PGFQGLPGP,0.987497
639,GF,0.004443
639,GFQ,0.007660
639,GFQG,0.006966
639,GFQGL,0.015613
639,GFQGLP,0.029536
639,GFQGLPG,0.948874
639,GFQGLPGP,0.899144
639,GFQGLPGPA,0.899763
640,FQG,0.167415
640,FQGL,0.048783
640,FQGLP,0.016563
640,FQGLPG,0.946574
640,FQGLPGP,0.532983
640,FQGLPGPA,0.803161
640,FQGLPGPAG,0.932955
641,QG,0.008637
641,QGL,0.022470
641,QGLP,0.024066
641,QGLPG,0.915271
641,QGLPGP,0.686796
641,QGLPGPA,0.836798
641,QGLPGPAG,0.925151
641,QGLPGPAGP,0.965937
642,GL,0.008947
642,GLP,0.026638
642,GLPG,0.936475
642,GLPGP,0.791989
642,GLPGPA,0.793124
642,GLPGPAG,0.687615
642,GLPGPAGP,0.673994
642,GLPGPAGPP,0.783227
643,LP,0.022451
643,LPG,0.979919
643,LPGP,0.815778
643,LPGPA,0.773375
643,LPGPAG,0.751656
643,LPGPAGP,0.724524
643,LPGPAGPP,0.734479
643,LPGPAGPPG,0.641157
644,PG,0.984215
644,PGP,0.963309
644,PGPA,0.857827
644,PGPAG,0.803925
644,PGPAGP,0.814340
644,PGPAGPP,0.850293
644,PGPAGPPG,0.860075
644,PGPAGPPGE,0.632805
645,GP,0.971328
645,GPA,0.923298
645,GPAG,0.878009
645,GPAGP,0.757013
645,GPAGPP,0.787428
645,GPAGPPG,0.778573
645,GPAGPPGE,0.677154
645,GPAGPPGES,0.410631
646,PA,0.025900
646,PAG,0.144925
646,PAGP,0.763311
646,PAGPP,0.744059
646,PAGPPG,0.718038
646,PAGPPGE,0.721732
646,PAGPPGES,0.652657
646,PAGPPGESG,0.528210
647,AG,0.095042
647,AGP,0.894527
647,AGPP,0.753472
647,AGPPG,0.732161
647,AGPPGE,0.688055
647,AGPPGES,0.604478
647,AGPPGESG,0.428370
647,AGPPGESGK,0.544203
648,GP,0.971328
648,GPP,0.958167
648,GPPG,0.931611
648,GPPGE,0.904360
648,GPPGES,0.600005
648,GPPGESG,0.633709
648,GPPGESGK,0.820379
648,GPPGESGKP,0.841429
649,PP,0.048185
649,PPG,0.974962
649,PPGE,0.942501
649,PPGES,0.847975
649,PPGESG,0.701023
649,PPGESGK,0.722187
649,PPGESGKP,0.769635
649,PPGESGKPG,0.627272
650,PG,0.984215
650,PGE,0.864290
650,PGES,0.835202
650,PGESG,0.634267
650,PGESGK,0.507702
650,PGESGKP,0.133996
650,PGESGKPG,0.441701
650,PGESGKPGE,0.098279
651,GE,0.018801
651,GES,0.006980
651,GESG,0.020972
651,GESGK,0.002675
651,GESGKP,0.006912
651,GESGKPG,0.336093
651,GESGKPGE,0.171185
651,GESGKPGEQ,0.172257
652,ESG,0.007106
652,ESGK,0.001241
652,ESGKP,0.007129
652,ESGKPG,0.235284
652,ESGKPGE,0.335031
652,ESGKPGEQ,0.348721
652,ESGKPGEQG,0.349392
653,SG,0.008336
653,SGK,0.005376
653,SGKP,0.012618
653,SGKPG,0.520357
653,SGKPGE,0.660542
653,SGKPGEQ,0.683443
653,SGKPGEQG,0.748839
653,SGKPGEQGV,0.835116
654,GK,0.000752
654,GKP,0.018275
654,GKPG,0.805240
654,GKPGE,0.686896
654,GKPGEQ,0.668775
654,GKPGEQG,0.747344
654,GKPGEQGV,0.755407
654,GKPGEQGVP,0.956531
655,KP,0.007463
655,KPG,0.832645
655,KPGE,0.734001
655,KPGEQ,0.628263
655,KPGEQG,0.427864
655,KPGEQGV,0.580624
655,KPGEQGVP,0.760337
655,KPGEQGVPG,0.818211
656,PG,0.984215
656,PGE,0.864290
656,PGEQ,0.756098
656,PGEQG,0.632820
656,PGEQGV,0.828937
656,PGEQGVP,0.714398
656,PGEQGVPG,0.855088
656,PGEQGVPGD,0.884804
657,GE,0.018801
657,GEQ,0.008267
657,GEQG,0.010089
657,GEQGV,0.007676
657,GEQGVP,0.036500
657,GEQGVPG,0.725499
657,GEQGVPGD,0.931295
657,GEQGVPGDL,0.929399
658,EQG,0.004594
658,EQGV,0.008132
658,EQGVP,0.018297
658,EQGVPG,0.533919
658,EQGVPGD,0.759505
658,EQGVPGDL,0.838860
658,EQGVPGDLG,0.865521
659,QG,0.008637
659,QGV,0.009128
659,QGVP,0.032978
659,QGVPG,0.803727
659,QGVPGD,0.687292
659,QGVPGDL,0.814117
659,QGVPGDLG,0.871037
659,QGVPGDLGA,0.849900
660,GV,0.001845
660,GVP,0.043732
660,GVPG,0.879077
660,GVPGD,0.751260
660,GVPGDL,0.836424
660,GVPGDLG,0.858181
660,GVPGDLGA,0.877339
660,GVPGDLGAP,0.837077
661,VP,0.018570
661,VPG,0.963080
661,VPGD,0.861743
661,VPGDL,0.875082
661,VPGDLG,0.818496
661,VPGDLGA,0.813092
661,VPGDLGAP,0.853504
661,VPGDLGAPG,0.792591
662,PG,0.984215
662,PGD,0.953293
662,PGDL,0.943737
662,PGDLG,0.925066
662,PGDLGA,0.850553
662,PGDLGAP,0.887563
662,PGDLGAPG,0.971517
662,PGDLGAPGP,0.937088
663,GD,0.003753
663,GDL,0.009868
663,GDLG,0.028554
663,GDLGA,0.014185
663,GDLGAP,0.082462
663,GDLGAPG,0.936912
663,GDLGAPGP,0.883752
663,GDLGAPGPS,0.905170
664,DLG,0.031253
664,DLGA,0.015133
664,DLGAP,0.033107
664,DLGAPG,0.883861
664,DLGAPGP,0.838428
664,DLGAPGPS,0.910451
664,DLGAPGPSG,0.883805
665,LG,0.041889
665,LGA,0.012354
665,LGAP,0.051885
665,LGAPG,0.896208
665,LGAPGP,0.750975
665,LGAPGPS,0.793191
665,LGAPGPSG,0.842179
665,LGAPGPSGA,0.858750
666,GA,0.005258
666,GAP,0.030559
666,GAPG,0.875970
666,GAPGP,0.750594
666,GAPGPS,0.781666
666,GAPGPSG,0.784105
666,GAPGPSGA,0.768134
666,GAPGPSGAR,0.789393
667,AP,0.028599
667,APG,0.936200
667,APGP,0.742453
667,APGPS,0.753114
667,APGPSG,0.769421
667,APGPSGA,0.736770
667,APGPSGAR,0.779028
667,APGPSGARG,0.759023
668,PG,0.984215
668,PGP,0.963309
668,PGPS,0.924708
668,PGPSG,0.878590
668,PGPSGA,0.770025
668,PGPSGAR,0.838099
668,PGPSGARG,0.884300
668,PGPSGARGE,0.867386
669,GP,0.971328
669,GPS,0.956545
669,GPSG,0.939171
669,GPSGA,0.900093
669,GPSGAR,0.925288
669,GPSGARG,0.927967
669,GPSGARGE,0.969956
669,GPSGARGER,0.967048
670,PS,0.026360
670,PSG,0.032505
670,PSGA,0.032627
670,PSGAR,0.018301
670,PSGARG,0.041578
670,PSGARGE,0.071250
670,PSGARGER,0.074875
670,PSGARGERG,0.111501
671,SG,0.008336
671,SGA,0.010239
671,SGAR,0.008576
671,SGARG,0.021724
671,SGARGE,0.015603
671,SGARGER,0.025930
671,SGARGERG,0.029244
671,SGARGERGF,0.039064
672,GA,0.005258
672,GAR,0.004616
672,GARG,0.025822
672,GARGE,0.014557
672,GARGER,0.015337
672,GARGERG,0.014397
672,GARGERGF,0.012371
672,GARGERGFP,0.179256
673,ARG,0.040043
673,ARGE,0.008501
673,ARGER,0.009114
673,ARGERG,0.015152
673,ARGERGF,0.013027
673,ARGERGFP,0.015802
673,ARGERGFPG,0.813079
674,RG,0.020423
674,RGE,0.023495
674,RGER,0.026515
674,RGERG,0.020179
674,RGERGF,0.005305
674,RGERGFP,0.012587
674,RGERGFPG,0.879849
674,RGERGFPGE,0.934437
675,GE,0.018801
675,GER,0.021196
675,GERG,0.012644
675,GERGF,0.004918
675,GERGFP,0.017989
675,GERGFPG,0.864478
675,GERGFPGE,0.946668
675,GERGFPGER,0.950099
676,ERG,0.011509
676,ERGF,0.003649
676,ERGFP,0.009738
676,ERGFPG,0.702521
676,ERGFPGE,0.864040
676,ERGFPGER,0.914448
676,ERGFPGERG,0.812508
677,RG,0.020423
677,RGF,0.006472
677,RGFP,0.019534
677,RGFPG,0.857929
677,RGFPGE,0.871270
677,RGFPGER,0.907469
677,RGFPGERG,0.829983
677,RGFPGERGV,0.904956
678,GF,0.004443
678,GFP,0.012427
678,GFPG,0.896921
678,GFPGE,0.555318
678,GFPGER,0.798959
678,GFPGERG,0.718735
678,GFPGERGV,0.910381
678,GFPGERGVQ,0.638017
679,FP,0.018882
679,FPG,0.962903
679,FPGE,0.679537
679,FPGER,0.849218
679,FPGERG,0.802695
679,FPGERGV,0.895267
679,FPGERGVQ,0.894548
679,FPGERGVQG,0.872953
680,PG,0.984215
680,PGE,0.864290
680,PGER,0.874011
680,PGERG,0.833449
680,PGERGV,0.810654
680,PGERGVQ,0.779415
680,PGERGVQG,0.800193
680,PGERGVQGP,0.819146
681,GE,0.018801
681,GER,0.021196
681,GERG,0.012644
681,GERGV,0.003786
681,GERGVQ,0.002244
681,GERGVQG,0.003817
681,GERGVQGP,0.778032
681,GERGVQGPP,0.716623
682,ERG,0.011509
682,ERGV,0.000956
682,ERGVQ,0.002260
682,ERGVQG,0.003026
682,ERGVQGP,0.621511
682,ERGVQGPP,0.728801
682,ERGVQGPPG,0.530524
683,RG,0.020423
683,RGV,0.002433
683,RGVQ,0.002842
683,RGVQG,0.003631
683,RGVQGP,0.637285
683,RGVQGPP,0.789597
683,RGVQGPPG,0.864164
683,RGVQGPPGP,0.942838
684,GV,0.001845
684,GVQ,0.004296
684,GVQG,0.004748
684,GVQGP,0.741839
684,GVQGPP,0.699061
684,GVQGPPG,0.795202
684,GVQGPPGP,0.872238
684,GVQGPPGPA,0.749472
685,VQG,0.005987
685,VQGP,0.845176
685,VQGPP,0.709945
685,VQGPPG,0.751938
685,VQGPPGP,0.673495
685,VQGPPGPA,0.721505
685,VQGPPGPAG,0.733149
686,QG,0.008637
686,QGP,0.908988
686,QGPP,0.814668
686,QGPPG,0.820952
686,QGPPGP,0.656159
686,QGPPGPA,0.772522
686,QGPPGPAG,0.835859
686,QGPPGPAGP,0.859872
687,GP,0.971328
687,GPP,0.958167
687,GPPG,0.931611
687,GPPGP,0.819214
687,GPPGPA,0.728613
687,GPPGPAG,0.663025
687,GPPGPAGP,0.798725
687,GPPGPAGPR,0.669542
688,PP,0.048185
688,PPG,0.974962
688,PPGP,0.865923
688,PPGPA,0.815468
688,PPGPAG,0.765580
688,PPGPAGP,0.753440
688,PPGPAGPR,0.768678
688,PPGPAGPRG,0.773922
689,PG,0.984215
689,PGP,0.963309
689,PGPA,0.857827
689,PGPAG,0.803925
689,PGPAGP,0.814340
689,PGPAGPR,0.812044
689,PGPAGPRG,0.828559
689,PGPAGPRGS,0.814674
690,GP,0.971328
690,GPA,0.923298
690,GPAG,0.878009
690,GPAGP,0.757013
690,GPAGPR,0.706984
690,GPAGPRG,0.675731
690,GPAGPRGS,0.661982
690,GPAGPRGSN,0.658274
691,PA,0.025900
691,PAG,0.144925
691,PAGP,0.763311
691,PAGPR,0.783524
691,PAGPRG,0.750059
691,PAGPRGS,0.766365
691,PAGPRGSN,0.693429
691,PAGPRGSNG,0.670003
692,AG,0.095042
692,AGP,0.894527
692,AGPR,0.805009
692,AGPRG,0.752093
692,AGPRGS,0.747053
692,AGPRGSN,0.716281
692,AGPRGSNG,0.737904
692,AGPRGSNGA,0.773714
693,GP,0.971328
693,GPR,0.907705
693,GPRG,0.742386
693,GPRGS,0.669218
693,GPRGSN,0.537276
693,GPRGSNG,0.629300
693,GPRGSNGA,0.797507
693,GPRGSNGAP,0.775719
694,PR,0.007290
694,PRG,0.041221
694,PRGS,0.012111
694,PRGSN,0.006087
694,PRGSNG,0.024307
694,PRGSNGA,0.030904
694,PRGSNGAP,0.016455
694,PRGSNGAPG,0.639585
695,RG,0.020423
695,RGS,0.010318
695,RGSN,0.004470
695,RGSNG,0.006678
695,RGSNGA,0.004782
695,RGSNGAP,0.003855
695,RGSNGAPG,0.691289
695,RGSNGAPGN,0.254557
696,GS,0.002503
696,GSN,0.006573
696,GSNG,0.014963
696,GSNGA,0.006129
696,GSNGAP,0.005820
696,GSNGAPG,0.061818
696,GSNGAPGN,0.013223
696,GSNGAPGND,0.021221
697,SNG,0.008490
697,SNGA,0.006406
697,SNGAP,0.006353
697,SNGAPG,0.057956
697,SNGAPGN,0.009816
697,SNGAPGND,0.053056
697,SNGAPGNDG,0.013248
698,NG,0.005985
698,NGA,0.003362
698,NGAP,0.011591
698,NGAPG,0.215815
698,NGAPGN,0.020503
698,NGAPGND,0.053234
698,NGAPGNDG,0.027738
698,NGAPGNDGA,0.347894
699,GA,0.005258
699,GAP,0.030559
699,GAPG,0.875970
699,GAPGN,0.528956
699,GAPGND,0.706136
699,GAPGNDG,0.389834
699,GAPGNDGA,0.814226
699,GAPGNDGAK,0.677938
700,AP,0.028599
700,APG,0.936200
700,APGN,0.683071
700,APGND,0.766654
700,APGNDG,0.610220
700,APGNDGA,0.732647
700,APGNDGAK,0.622815
700,APGNDGAKG,0.652435
701,PG,0.984215
701,PGN,0.916396
701,PGND,0.941220
701,PGNDG,0.809162
701,PGNDGA,0.788077
701,PGNDGAK,0.797377
701,PGNDGAKG,0.843838
701,PGNDGAKGD,0.487279
702,GN,0.004347
702,GND,0.004917
702,GNDG,0.007439
702,GNDGA,0.004943
702,GNDGAK,0.001997
702,GNDGAKG,0.001473
702,GNDGAKGD,0.001532
702,GNDGAKGDA,0.003146
703,NDG,0.008070
703,NDGA,0.004749
703,NDGAK,0.004036
703,NDGAKG,0.002340
703,NDGAKGD,0.002850
703,NDGAKGDA,0.002798
703,NDGAKGDAG,0.009853
704,DG,0.011460
704,DGA,0.006205
704,DGAK,0.005297
704,DGAKG,0.004813
704,DGAKGD,0.004729
704,DGAKGDA,0.005479
704,DGAKGDAG,0.034439
704,DGAKGDAGA,0.014037
705,GA,0.005258
705,GAK,0.007705
705,GAKG,0.005688
705,GAKGD,0.007909
705,GAKGDA,0.006965
705,GAKGDAG,0.051313
705,GAKGDAGA,0.026561
705,GAKGDAGAP,0.758897
706,AKG,0.003682
706,AKGD,0.012025
706,AKGDA,0.011883
706,AKGDAG,0.041169
706,AKGDAGA,0.021610
706,AKGDAGAP,0.039390
706,AKGDAGAPG,0.896458
707,KG,0.000691
707,KGD,0.005503
707,KGDA,0.009952
707,KGDAG,0.021405
707,KGDAGA,0.012117
707,KGDAGAP,0.023230
707,KGDAGAPG,0.894023
707,KGDAGAPGA,0.897139
708,GD,0.003753
708,GDA,0.004970
708,GDAG,0.106931
708,GDAGA,0.043208
708,GDAGAP,0.073425
708,GDAGAPG,0.833145
708,GDAGAPGA,0.898297
708,GDAGAPGAP,0.827903
709,DAG,0.042180
709,DAGA,0.016375
709,DAGAP,0.030049
709,DAGAPG,0.814505
709,DAGAPGA,0.865886
709,DAGAPGAP,0.853060
709,DAGAPGAPG,0.834562
710,AG,0.095042
710,AGA,0.020969
710,AGAP,0.028611
710,AGAPG,0.806048
710,AGAPGA,0.795753
710,AGAPGAP,0.807555
710,AGAPGAPG,0.854490
710,AGAPGAPGS,0.820267
711,GA,0.005258
711,GAP,0.030559
711,GAPG,0.875970
711,GAPGA,0.865013
711,GAPGAP,0.832174
711,GAPGAPG,0.811628
711,GAPGAPGS,0.812561
711,GAPGAPGSQ,0.781829
712,AP,0.028599
712,APG,0.936200
712,APGA,0.777716
712,APGAP,0.794601
712,APGAPG,0.700761
712,APGAPGS,0.700808
712,APGAPGSQ,0.628270
712,APGAPGSQG,0.526003
713,PG,0.984215
713,PGA,0.942234
713,PGAP,0.878822
713,PGAPG,0.797336
713,PGAPGS,0.642541
713,PGAPGSQ,0.634615
713,PGAPGSQG,0.551643
713,PGAPGSQGA,0.565105
714,GA,0.005258
714,GAP,0.030559
714,GAPG,0.875970
714,GAPGS,0.738654
714,GAPGSQ,0.414133
714,GAPGSQG,0.417343
714,GAPGSQGA,0.716860
714,GAPGSQGAP,0.727525
715,AP,0.028599
715,APG,0.936200
715,APGS,0.785917
715,APGSQ,0.484255
715,APGSQG,0.346762
715,APGSQGA,0.411028
715,APGSQGAP,0.587769
715,APGSQGAPG,0.562629
716,PG,0.984215
716,PGS,0.922391
716,PGSQ,0.849207
716,PGSQG,0.712861
716,PGSQGA,0.659689
716,PGSQGAP,0.513676
716,PGSQGAPG,0.598448
716,PGSQGAPGL,0.580178
717,GS,0.002503
717,GSQ,0.004160
717,GSQG,0.013813
717,GSQGA,0.010711
717,GSQGAP,0.009514
717,GSQGAPG,0.712267
717,GSQGAPGL,0.817712
717,GSQGAPGLQ,0.699659
718,SQG,0.007468
718,SQGA,0.010054
718,SQGAP,0.009354
718,SQGAPG,0.533140
718,SQGAPGL,0.696090
718,SQGAPGLQ,0.596654
718,SQGAPGLQG,0.504471
719,QG,0.008637
719,QGA,0.009078
719,QGAP,0.029392
719,QGAPG,0.814370
719,QGAPGL,0.837472
719,QGAPGLQ,0.785112
719,QGAPGLQG,0.897749
719,QGAPGLQGM,0.878177
720,GA,0.005258
720,GAP,0.030559
720,GAPG,0.875970
720,GAPGL,0.875521
720,GAPGLQ,0.797687
720,GAPGLQG,0.769088
720,GAPGLQGM,0.529293
720,GAPGLQGMP,0.904096
721,AP,0.028599
721,APG,0.936200
721,APGL,0.881696
721,APGLQ,0.802529
721,APGLQG,0.721984
721,APGLQGM,0.452588
721,APGLQGMP,0.710975
721,APGLQGMPG,0.808837
722,PG,0.984215
722,PGL,0.960443
722,PGLQ,0.941664
722,PGLQG,0.813526
722,PGLQGM,0.608123
722,PGLQGMP,0.949109
722,PGLQGMPG,0.987863
722,PGLQGMPGE,0.955103
723,GL,0.008947
723,GLQ,0.008816
723,GLQG,0.010588
723,GLQGM,0.025138
723,GLQGMP,0.294032
723,GLQGMPG,0.905132
723,GLQGMPGE,0.829505
723,GLQGMPGER,0.926763
724,LQG,0.046439
724,LQGM,0.063494
724,LQGMP,0.102545
724,LQGMPG,0.883953
724,LQGMPGE,0.527586
724,LQGMPGER,0.911016
724,LQGMPGERG,0.762572
725,QG,0.008637
725,QGM,0.030300
725,QGMP,0.079191
725,QGMPG,0.848150
725,QGMPGE,0.511567
725,QGMPGER,0.797649
725,QGMPGERG,0.730265
725,QGMPGERGA,0.807875
726,GM,0.009545
726,GMP,0.057387
726,GMPG,0.878707
726,GMPGE,0.776984
726,GMPGER,0.747990
726,GMPGERG,0.678395
726,GMPGERGA,0.843346
726,GMPGERGAA,0.849768
727,MP,0.042784
727,MPG,0.971304
727,MPGE,0.926934
727,MPGER,0.799619
727,MPGERG,0.670941
727,MPGERGA,0.827809
727,MPGERGAA,0.881409
727,MPGERGAAG,0.792597
728,PG,0.984215
728,PGE,0.864290
728,PGER,0.874011
728,PGERG,0.833449
728,PGERGA,0.872825
728,PGERGAA,0.894799
728,PGERGAAG,0.911188
728,PGERGAAGL,0.909430
729,GE,0.018801
729,GER,0.021196
729,GERG,0.012644
729,GERGA,0.011641
729,GERGAA,0.006784
729,GERGAAG,0.052318
729,GERGAAGL,0.049104
729,GERGAAGLP,0.199856
730,ERG,0.011509
730,ERGA,0.001520
730,ERGAA,0.002101
730,ERGAAG,0.070042
730,ERGAAGL,0.065008
730,ERGAAGLP,0.044965
730,ERGAAGLPG,0.753971
731,RG,0.020423
731,RGA,0.017726
731,RGAA,0.007404
731,RGAAG,0.107876
731,RGAAGL,0.021962
731,RGAAGLP,0.014391
731,RGAAGLPG,0.838273
731,RGAAGLPGP,0.853666
732,GA,0.005258
732,GAA,0.010726
732,GAAG,0.065220
732,GAAGL,0.014168
732,GAAGLP,0.022405
732,GAAGLPG,0.882977
732,GAAGLPGP,0.808782
732,GAAGLPGPK,0.788175
733,AAG,0.058370
733,AAGL,0.019786
733,AAGLP,0.025169
733,AAGLPG,0.792206
733,AAGLPGP,0.650678
733,AAGLPGPK,0.660596
733,AAGLPGPKG,0.812813
734,AG,0.095042
734,AGL,0.027543
734,AGLP,0.031355
734,AGLPG,0.872916
734,AGLPGP,0.744070
734,AGLPGPK,0.815210
734,AGLPGPKG,0.947791
734,AGLPGPKGD,0.945582
735,GL,0.008947
735,GLP,0.026638
735,GLPG,0.936475
735,GLPGP,0.791989
735,GLPGPK,0.754013
735,GLPGPKG,0.903336
735,GLPGPKGD,0.952447
735,GLPGPKGDR,0.929378
736,LP,0.022451
736,LPG,0.979919
736,LPGP,0.815778
736,LPGPK,0.702293
736,LPGPKG,0.592010
736,LPGPKGD,0.644827
736,LPGPKGDR,0.719175
736,LPGPKGDRG,0.858118
737,PG,0.984215
737,PGP,0.963309
737,PGPK,0.891122
737,PGPKG,0.768457
737,PGPKGD,0.580251
737,PGPKGDR,0.484288
737,PGPKGDRG,0.922093
737,PGPKGDRGD,0.974525
738,GP,0.971328
738,GPK,0.950919
738,GPKG,0.748810
738,GPKGD,0.663271
738,GPKGDR,0.408136
738,GPKGDRG,0.691960
738,GPKGDRGD,0.949552
738,GPKGDRGDA,0.919139
739,PK,0.004766
739,PKG,0.009898
739,PKGD,0.009343
739,PKGDR,0.003097
739,PKGDRG,0.007760
739,PKGDRGD,0.018946
739,PKGDRGDA,0.023164
739,PKGDRGDAG,0.042785
740,KG,0.000691
740,KGD,0.005503
740,KGDR,0.003588
740,KGDRG,0.004070
740,KGDRGD,0.007232
740,KGDRGDA,0.008601
740,KGDRGDAG,0.033373
740,KGDRGDAGP,0.623506
741,GD,0.003753
741,GDR,0.007321
741,GDRG,0.019513
741,GDRGD,0.021181
741,GDRGDA,0.012775
741,GDRGDAG,0.048630
741,GDRGDAGP,0.680104
741,GDRGDAGPK,0.829406
742,DRG,0.007623
742,DRGD,0.005433
742,DRGDA,0.003928
742,DRGDAG,0.052805
742,DRGDAGP,0.640406
742,DRGDAGPK,0.831643
742,DRGDAGPKG,0.716678
743,RG,0.020423
743,RGD,0.014585
743,RGDA,0.008109
743,RGDAG,0.097183
743,RGDAGP,0.753691
743,RGDAGPK,0.800932
743,RGDAGPKG,0.874983
743,RGDAGPKGA,0.904152
744,GD,0.003753
744,GDA,0.004970
744,GDAG,0.106931
744,GDAGP,0.775688
744,GDAGPK,0.729409
744,GDAGPKG,0.774985
744,GDAGPKGA,0.912681
744,GDAGPKGAD,0.780626
745,DAG,0.042180
745,DAGP,0.878634
745,DAGPK,0.770923
745,DAGPKG,0.790794
745,DAGPKGA,0.858780
745,DAGPKGAD,0.905697
745,DAGPKGADG,0.907237
746,AG,0.095042
746,AGP,0.894527
746,AGPK,0.786701
746,AGPKG,0.723892
746,AGPKGA,0.704852
746,AGPKGAD,0.806772
746,AGPKGADG,0.866141
746,AGPKGADGS,0.817487
747,GP,0.971328
747,GPK,0.950919
747,GPKG,0.748810
747,GPKGA,0.679679
747,GPKGAD,0.842993
747,GPKGADG,0.325989
747,GPKGADGS,0.484938
747,GPKGADGSP,0.367536
748,PK,0.004766
748,PKG,0.009898
748,PKGA,0.026038
748,PKGAD,0.016890
748,PKGADG,0.037307
748,PKGADGS,0.040285
748,PKGADGSP,0.032402
748,PKGADGSPG,0.588539
749,KG,0.000691
749,KGA,0.010588
749,KGAD,0.009671
749,KGADG,0.007469
749,KGADGS,0.007767
749,KGADGSP,0.038148
749,KGADGSPG,0.923724
749,KGADGSPGK,0.921924
750,GA,0.005258
750,GAD,0.005021
750,GADG,0.013579
750,GADGS,0.013097
750,GADGSP,0.024303
750,GADGSPG,0.814991
750,GADGSPGK,0.899361
750,GADGSPGKD,0.804181
751,ADG,0.015170
751,ADGS,0.018043
751,ADGSP,0.025424
751,ADGSPG,0.644516
751,ADGSPGK,0.857450
751,ADGSPGKD,0.907369
751,ADGSPGKDG,0.778974
752,DG,0.011460
752,DGS,0.012444
752,DGSP,0.026279
752,DGSPG,0.794791
752,DGSPGK,0.846602
752,DGSPGKD,0.731887
752,DGSPGKDG,0.720767
752,DGSPGKDGV,0.715901
753,GS,0.002503
753,GSP,0.043271
753,GSPG,0.932665
753,GSPGK,0.926256
753,GSPGKD,0.862364
753,GSPGKDG,0.835967
753,GSPGKDGV,0.902151
753,GSPGKDGVR,0.882219
754,SP,0.050931
754,SPG,0.972697
754,SPGK,0.912353
754,SPGKD,0.810979
754,SPGKDG,0.739875
754,SPGKDGV,0.806468
754,SPGKDGVR,0.841283
754,SPGKDGVRG,0.813455
755,PG,0.984215
755,PGK,0.991866
755,PGKD,0.961924
755,PGKDG,0.909580
755,PGKDGV,0.848536
755,PGKDGVR,0.848944
755,PGKDGVRG,0.870205
755,PGKDGVRGL,0.922395
756,GK,0.000752
756,GKD,0.001257
756,GKDG,0.002811
756,GKDGV,0.003069
756,GKDGVR,0.001750
756,GKDGVRG,0.001736
756,GKDGVRGL,0.005624
756,GKDGVRGLT,0.004832
757,KDG,0.002680
757,KDGV,0.005624
757,KDGVR,0.002726
757,KDGVRG,0.002108
757,KDGVRGL,0.006956
757,KDGVRGLT,0.005656
757,KDGVRGLTG,0.010140
758,DG,0.011460
758,DGV,0.004650
758,DGVR,0.002432
758,DGVRG,0.003274
758,DGVRGL,0.003245
758,DGVRGLT,0.002574
758,DGVRGLTG,0.004551
758,DGVRGLTGP,0.920808
759,GV,0.001845
759,GVR,0.003000
759,GVRG,0.006587
759,GVRGL,0.004266
759,GVRGLT,0.002224
759,GVRGLTG,0.007730
759,GVRGLTGP,0.888301
759,GVRGLTGPI,0.887233
760,VRG,0.002438
760,VRGL,0.005127
760,VRGLT,0.003841
760,VRGLTG,0.014844
760,VRGLTGP,0.875419
760,VRGLTGPI,0.929280
760,VRGLTGPIG,0.900344
761,RG,0.020423
761,RGL,0.007247
761,RGLT,0.003054
761,RGLTG,0.006044
761,RGLTGP,0.846494
761,RGLTGPI,0.915319
761,RGLTGPIG,0.909987
761,RGLTGPIGP,0.959073
762,GL,0.008947
762,GLT,0.010649
762,GLTG,0.043344
762,GLTGP,0.959605
762,GLTGPI,0.972526
762,GLTGPIG,0.985112
762,GLTGPIGP,0.993031
762,GLTGPIGPP,0.992799
763,LTG,0.107597
763,LTGP,0.966324
763,LTGPI,0.983687
763,LTGPIG,0.986883
763,LTGPIGP,0.949886
763,LTGPIGPP,0.980031
763,LTGPIGPPG,0.969762
764,TG,0.004370
764,TGP,0.971638
764,TGPI,0.945366
764,TGPIG,0.950180
764,TGPIGP,0.879093
764,TGPIGPP,0.899651
764,TGPIGPPG,0.955335
764,TGPIGPPGP,0.970827
765,GP,0.971328
765,GPI,0.916292
765,GPIG,0.914871
765,GPIGP,0.922824
765,GPIGPP,0.953757
765,GPIGPPG,0.966814
765,GPIGPPGP,0.967520
765,GPIGPPGPA,0.974261
766,PI,0.021418
766,PIG,0.030440
766,PIGP,0.897692
766,PIGPP,0.901320
766,PIGPPG,0.895775
766,PIGPPGP,0.880467
766,PIGPPGPA,0.912513
766,PIGPPGPAG,0.906109
767,IG,0.008923
767,IGP,0.965111
767,IGPP,0.803906
767,IGPPG,0.787737
767,IGPPGP,0.724341
767,IGPPGPA,0.836803
767,IGPPGPAG,0.915185
767,IGPPGPAGA,0.886222
768,GP,0.971328
768,GPP,0.958167
768,GPPG,0.931611
768,GPPGP,0.819214
768,GPPGPA,0.728613
768,GPPGPAG,0.663025
768,GPPGPAGA,0.711613
768,GPPGPAGAP,0.816113
769,PP,0.048185
769,PPG,0.974962
769,PPGP,0.865923
769,PPGPA,0.815468
769,PPGPAG,0.765580
769,PPGPAGA,0.791761
769,PPGPAGAP,0.840676
769,PPGPAGAPG,0.766831
770,PG,0.984215
770,PGP,0.963309
770,PGPA,0.857827
770,PGPAG,0.803925
770,PGPAGA,0.783278
770,PGPAGAP,0.848977
770,PGPAGAPG,0.844592
770,PGPAGAPGD,0.909856
771,GP,0.971328
771,GPA,0.923298
771,GPAG,0.878009
771,GPAGA,0.891479
771,GPAGAP,0.876584
771,GPAGAPG,0.819430
771,GPAGAPGD,0.965935
771,GPAGAPGDK,0.956183
772,PA,0.025900
772,PAG,0.144925
772,PAGA,0.044546
772,PAGAP,0.075248
772,PAGAPG,0.748339
772,PAGAPGD,0.851045
772,PAGAPGDK,0.672746
772,PAGAPGDKG,0.741074
773,AG,0.095042
773,AGA,0.020969
773,AGAP,0.028611
773,AGAPG,0.806048
773,AGAPGD,0.839152
773,AGAPGDK,0.550570
773,AGAPGDKG,0.753553
773,AGAPGDKGE,0.536987
774,GA,0.005258
774,GAP,0.030559
774,GAPG,0.875970
774,GAPGD,0.854976
774,GAPGDK,0.299967
774,GAPGDKG,0.579284
774,GAPGDKGE,0.460610
774,GAPGDKGET,0.871654
775,AP,0.028599
775,APG,0.936200
775,APGD,0.891534
775,APGDK,0.253585
775,APGDKG,0.243920
775,APGDKGE,0.173857
775,APGDKGET,0.144742
775,APGDKGETG,0.467218
776,PG,0.984215
776,PGD,0.953293
776,PGDK,0.936478
776,PGDKG,0.818149
776,PGDKGE,0.811842
776,PGDKGET,0.878638
776,PGDKGETG,0.971075
776,PGDKGETGP,0.944002
777,GD,0.003753
777,GDK,0.002728
777,GDKG,0.004484
777,GDKGE,0.002352
777,GDKGET,0.002231
777,GDKGETG,0.004161
777,GDKGETGP,0.719214
777,GDKGETGPS,0.764833
778,DKG,0.001166
778,DKGE,0.001473
778,DKGET,0.003268
778,DKGETG,0.003009
778,DKGETGP,0.819235
778,DKGETGPS,0.858914
778,DKGETGPSG,0.624774
779,KG,0.000691
779,KGE,0.000539
779,KGET,0.003742
779,KGETG,0.002544
779,KGETGP,0.710022
779,KGETGPS,0.831038
779,KGETGPSG,0.815552
779,KGETGPSGP,0.867059
780,GE,0.018801
780,GET,0.007167
780,GETG,0.014713
780,GETGP,0.829125
780,GETGPS,0.819935
780,GETGPSG,0.793119
780,GETGPSGP,0.704386
780,GETGPSGPA,0.767141
781,ETG,0.003703
781,ETGP,0.769355
781,ETGPS,0.647229
781,ETGPSG,0.604024
781,ETGPSGP,0.472536
781,ETGPSGPA,0.397098
781,ETGPSGPAG,0.392128
782,TG,0.004370
782,TGP,0.971638
782,TGPS,0.941047
782,TGPSG,0.918705
782,TGPSGP,0.810073
782,TGPSGPA,0.878673
782,TGPSGPAG,0.839076
782,TGPSGPAGP,0.840482
783,GP,0.971328
783,GPS,0.956545
783,GPSG,0.939171
783,GPSGP,0.847763
783,GPSGPA,0.691499
783,GPSGPAG,0.637139
783,GPSGPAGP,0.613994
783,GPSGPAGPT,0.514745
784,PS,0.026360
784,PSG,0.032505
784,PSGP,0.863166
784,PSGPA,0.747972
784,PSGPAG,0.702141
784,PSGPAGP,0.622367
784,PSGPAGPT,0.574453
784,PSGPAGPTG,0.438826
785,SG,0.008336
785,SGP,0.934996
785,SGPA,0.682953
785,SGPAG,0.679113
785,SGPAGP,0.605444
785,SGPAGPT,0.532214
785,SGPAGPTG,0.489783
785,SGPAGPTGA,0.472667
786,GP,0.971328
786,GPA,0.923298
786,GPAG,0.878009
786,GPAGP,0.757013
786,GPAGPT,0.631299
786,GPAGPTG,0.838905
786,GPAGPTGA,0.542700
786,GPAGPTGAR,0.545923
787,PA,0.025900
787,PAG,0.144925
787,PAGP,0.763311
787,PAGPT,0.746737
787,PAGPTG,0.749976
787,PAGPTGA,0.744161
787,PAGPTGAR,0.818288
787,PAGPTGARG,0.781051
788,AG,0.095042
788,AGP,0.894527
788,AGPT,0.791363
788,AGPTG,0.774052
788,AGPTGA,0.738876
788,AGPTGAR,0.792086
788,AGPTGARG,0.783841
788,AGPTGARGA,0.794852
789,GP,0.971328
789,GPT,0.946277
789,GPTG,0.916605
789,GPTGA,0.866098
789,GPTGAR,0.879034
789,GPTGARG,0.840820
789,GPTGARGA,0.939432
789,GPTGARGAP,0.880936
790,PT,0.009239
790,PTG,0.014536
790,PTGA,0.016211
790,PTGAR,0.009220
790,PTGARG,0.011726
790,PTGARGA,0.018927
790,PTGARGAP,0.023302
790,PTGARGAPG,0.676372
791,TG,0.004370
791,TGA,0.011478
791,TGAR,0.008460
791,TGARG,0.011417
791,TGARGA,0.033511
791,TGARGAP,0.129675
791,TGARGAPG,0.969638
791,TGARGAPGD,0.950908
792,GA,0.005258
792,GAR,0.004616
792,GARG,0.025822
792,GARGA,0.080711
792,GARGAP,0.232950
792,GARGAPG,0.891721
792,GARGAPGD,0.921506
792,GARGAPGDR,0.803688
793,ARG,0.040043
793,ARGA,0.028975
793,ARGAP,0.023839
793,ARGAPG,0.789220
793,ARGAPGD,0.845525
793,ARGAPGDR,0.739870
793,ARGAPGDRG,0.695114
794,RG,0.020423
794,RGA,0.017726
794,RGAP,0.040465
794,RGAPG,0.782908
794,RGAPGD,0.785326
794,RGAPGDR,0.654526
794,RGAPGDRG,0.643949
794,RGAPGDRGE,0.797162
795,GA,0.005258
795,GAP,0.030559
795,GAPG,0.875970
795,GAPGD,0.854976
795,GAPGDR,0.766995
795,GAPGDRG,0.691536
795,GAPGDRGE,0.806421
795,GAPGDRGEP,0.752029
796,AP,0.028599
796,APG,0.936200
796,APGD,0.891534
796,APGDR,0.794884
796,APGDRG,0.757075
796,APGDRGE,0.784572
796,APGDRGEP,0.833937
796,APGDRGEPG,0.796468
797,PG,0.984215
797,PGD,0.953293
797,PGDR,0.844509
797,PGDRG,0.748683
797,PGDRGE,0.780927
797,PGDRGEP,0.825730
797,PGDRGEPG,0.895997
797,PGDRGEPGP,0.885151
798,GD,0.003753
798,GDR,0.007321
798,GDRG,0.019513
798,GDRGE,0.011448
798,GDRGEP,0.102627
798,GDRGEPG,0.637186
798,GDRGEPGP,0.708002
798,GDRGEPGPP,0.854830
799,DRG,0.007623
799,DRGE,0.007909
799,DRGEP,0.014054
799,DRGEPG,0.439126
799,DRGEPGP,0.595044
799,DRGEPGPP,0.716064
799,DRGEPGPPG,0.713971
800,RG,0.020423
800,RGE,0.023495
800,RGEP,0.065093
800,RGEPG,0.907624
800,RGEPGP,0.755131
800,RGEPGPP,0.871239
800,RGEPGPPG,0.895175
800,RGEPGPPGP,0.845423
801,GE,0.018801
801,GEP,0.073397
801,GEPG,0.893722
801,GEPGP,0.809856
801,GEPGPP,0.886950
801,GEPGPPG,0.925730
801,GEPGPPGP,0.845346
801,GEPGPPGPA,0.818576
802,EP,0.028444
802,EPG,0.961169
802,EPGP,0.903131
802,EPGPP,0.910337
802,EPGPPG,0.848073
802,EPGPPGP,0.845763
802,EPGPPGPA,0.756850
802,EPGPPGPAG,0.721487
803,PG,0.984215
803,PGP,0.963309
803,PGPP,0.924297
803,PGPPG,0.877939
803,PGPPGP,0.774884
803,PGPPGPA,0.825859
803,PGPPGPAG,0.792326
803,PGPPGPAGF,0.798977
804,GP,0.971328
804,GPP,0.958167
804,GPPG,0.931611
804,GPPGP,0.819214
804,GPPGPA,0.728613
804,GPPGPAG,0.663025
804,GPPGPAGF,0.704873
804,GPPGPAGFA,0.733446
805,PP,0.048185
805,PPG,0.974962
805,PPGP,0.865923
805,PPGPA,0.815468
805,PPGPAG,0.765580
805,PPGPAGF,0.595440
805,PPGPAGFA,0.803097
805,PPGPAGFAG,0.782126
806,PG,0.984215
806,PGP,0.963309
806,PGPA,0.857827
806,PGPAG,0.803925
806,PGPAGF,0.551331
806,PGPAGFA,0.728951
806,PGPAGFAG,0.745500
806,PGPAGFAGP,0.812422
807,GP,0.971328
807,GPA,0.923298
807,GPAG,0.878009
807,GPAGF,0.571970
807,GPAGFA,0.654077
807,GPAGFAG,0.715982
807,GPAGFAGP,0.624512
807,GPAGFAGPP,0.710811
808,PA,0.025900
808,PAG,0.144925
808,PAGF,0.032804
808,PAGFA,0.040602
808,PAGFAG,0.159822
808,PAGFAGP,0.713421
808,PAGFAGPP,0.762543
808,PAGFAGPPG,0.790406
809,AG,0.095042
809,AGF,0.014803
809,AGFA,0.007741
809,AGFAG,0.029950
809,AGFAGP,0.826947
809,AGFAGPP,0.836736
809,AGFAGPPG,0.903295
809,AGFAGPPGA,0.890700
810,GF,0.004443
810,GFA,0.002750
810,GFAG,0.012993
810,GFAGP,0.818720
810,GFAGPP,0.750834
810,GFAGPPG,0.770202
810,GFAGPPGA,0.827707
810,GFAGPPGAD,0.789514
811,FAG,0.050705
811,FAGP,0.907147
811,FAGPP,0.679329
811,FAGPPG,0.779149
811,FAGPPGA,0.752106
811,FAGPPGAD,0.907184
811,FAGPPGADG,0.858531
812,AG,0.095042
812,AGP,0.894527
812,AGPP,0.753472
812,AGPPG,0.732161
812,AGPPGA,0.714953
812,AGPPGAD,0.758102
812,AGPPGADG,0.760481
812,AGPPGADGQ,0.787362
813,GP,0.971328
813,GPP,0.958167
813,GPPG,0.931611
813,GPPGA,0.815323
813,GPPGAD,0.769215
813,GPPGADG,0.651721
813,GPPGADGQ,0.606434
813,GPPGADGQP,0.479224
814,PP,0.048185
814,PPG,0.974962
814,PPGA,0.843118
814,PPGAD,0.769766
814,PPGADG,0.689471
814,PPGADGQ,0.694668
814,PPGADGQP,0.622599
814,PPGADGQPG,0.594848
815,PG,0.984215
815,PGA,0.942234
815,PGAD,0.856697
815,PGADG,0.783866
815,PGADGQ,0.769517
815,PGADGQP,0.730981
815,PGADGQPG,0.835848
815,PGADGQPGA,0.855615
816,GA,0.005258
816,GAD,0.005021
816,GADG,0.013579
816,GADGQ,0.011984
816,GADGQP,0.018104
816,GADGQPG,0.794950
816,GADGQPGA,0.836343
816,GADGQPGAK,0.760867
817,ADG,0.015170
817,ADGQ,0.008997
817,ADGQP,0.013750
817,ADGQPG,0.725976
817,ADGQPGA,0.752592
817,ADGQPGAK,0.624915
817,ADGQPGAKG,0.720565
818,DG,0.011460
818,DGQ,0.006499
818,DGQP,0.022290
818,DGQPG,0.833531
818,DGQPGA,0.683899
818,DGQPGAK,0.407384
818,DGQPGAKG,0.757033
818,DGQPGAKGE,0.752841
819,GQ,0.002188
819,GQP,0.029882
819,GQPG,0.877056
819,GQPGA,0.721964
819,GQPGAK,0.449219
819,GQPGAKG,0.543970
819,GQPGAKGE,0.648678
819,GQPGAKGEP,0.853286
820,QP,0.031039
820,QPG,0.929349
820,QPGA,0.709569
820,QPGAK,0.603839
820,QPGAKG,0.511638
820,QPGAKGE,0.309946
820,QPGAKGEP,0.581515
820,QPGAKGEPG,0.589079
821,PG,0.984215
821,PGA,0.942234
821,PGAK,0.886181
821,PGAKG,0.782866
821,PGAKGE,0.575709
821,PGAKGEP,0.757759
821,PGAKGEPG,0.911244
821,PGAKGEPGD,0.971391
822,GA,0.005258
822,GAK,0.007705
822,GAKG,0.005688
822,GAKGE,0.003302
822,GAKGEP,0.091274
822,GAKGEPG,0.868470
822,GAKGEPGD,0.961531
822,GAKGEPGDA,0.960494
823,AKG,0.003682
823,AKGE,0.004560
823,AKGEP,0.046734
823,AKGEPG,0.739670
823,AKGEPGD,0.932753
823,AKGEPGDA,0.885708
823,AKGEPGDAG,0.875468
824,KG,0.000691
824,KGE,0.000539
824,KGEP,0.109403
824,KGEPG,0.870900
824,KGEPGD,0.913364
824,KGEPGDA,0.921889
824,KGEPGDAG,0.978588
824,KGEPGDAGA,0.876859
825,GE,0.018801
825,GEP,0.073397
825,GEPG,0.893722
825,GEPGD,0.914810
825,GEPGDA,0.869422
825,GEPGDAG,0.873147
825,GEPGDAGA,0.850248
825,GEPGDAGAK,0.833379
826,EP,0.028444
826,EPG,0.961169
826,EPGD,0.943406
826,EPGDA,0.927299
826,EPGDAG,0.890033
826,EPGDAGA,0.827878
826,EPGDAGAK,0.839321
826,EPGDAGAKG,0.825894
827,PG,0.984215
827,PGD,0.953293
827,PGDA,0.918414
827,PGDAG,0.858546
827,PGDAGA,0.858584
827,PGDAGAK,0.813672
827,PGDAGAKG,0.883842
827,PGDAGAKGD,0.869471
828,GD,0.003753
828,GDA,0.004970
828,GDAG,0.106931
828,GDAGA,0.043208
828,GDAGAK,0.005602
828,GDAGAKG,0.007250
828,GDAGAKGD,0.008327
828,GDAGAKGDA,0.025135
829,DAG,0.042180
829,DAGA,0.016375
829,DAGAK,0.007061
829,DAGAKG,0.006847
829,DAGAKGD,0.012187
829,DAGAKGDA,0.014358
829,DAGAKGDAG,0.036527
830,AG,0.095042
830,AGA,0.020969
830,AGAK,0.017964
830,AGAKG,0.014095
830,AGAKGD,0.012757
830,AGAKGDA,0.012243
830,AGAKGDAG,0.102543
830,AGAKGDAGP,0.889647
831,GA,0.005258
831,GAK,0.007705
831,GAKG,0.005688
831,GAKGD,0.007909
831,GAKGDA,0.006965
831,GAKGDAG,0.051313
831,GAKGDAGP,0.705065
831,GAKGDAGPP,0.657582
832,AKG,0.003682
832,AKGD,0.012025
832,AKGDA,0.011883
832,AKGDAG,0.041169
832,AKGDAGP,0.757991
832,AKGDAGPP,0.783572
832,AKGDAGPPG,0.725227
833,KG,0.000691
833,KGD,0.005503
833,KGDA,0.009952
833,KGDAG,0.021405
833,KGDAGP,0.800481
833,KGDAGPP,0.794804
833,KGDAGPPG,0.578838
833,KGDAGPPGP,0.658024
834,GD,0.003753
834,GDA,0.004970
834,GDAG,0.106931
834,GDAGP,0.775688
834,GDAGPP,0.784415
834,GDAGPPG,0.730239
834,GDAGPPGP,0.749243
834,GDAGPPGPA,0.774649
835,DAG,0.042180
835,DAGP,0.878634
835,DAGPP,0.815475
835,DAGPPG,0.767013
835,DAGPPGP,0.757402
835,DAGPPGPA,0.813167
835,DAGPPGPAG,0.749671
836,AG,0.095042
836,AGP,0.894527
836,AGPP,0.753472
836,AGPPG,0.732161
836,AGPPGP,0.693062
836,AGPPGPA,0.710951
836,AGPPGPAG,0.607703
836,AGPPGPAGP,0.635831
837,GP,0.971328
837,GPP,0.958167
837,GPPG,0.931611
837,GPPGP,0.819214
837,GPPGPA,0.728613
837,GPPGPAG,0.663025
837,GPPGPAGP,0.798725
837,GPPGPAGPA,0.730923
838,PP,0.048185
838,PPG,0.974962
838,PPGP,0.865923
838,PPGPA,0.815468
838,PPGPAG,0.765580
838,PPGPAGP,0.753440
838,PPGPAGPA,0.752607
838,PPGPAGPAG,0.744449
839,PG,0.984215
839,PGP,0.963309
839,PGPA,0.857827
839,PGPAG,0.803925
839,PGPAGP,0.814340
839,PGPAGPA,0.862319
839,PGPAGPAG,0.853949
839,PGPAGPAGP,0.856884
840,GP,0.971328
840,GPA,0.923298
840,GPAG,0.878009
840,GPAGP,0.757013
840,GPAGPA,0.695653
840,GPAGPAG,0.693753
840,GPAGPAGP,0.758515
840,GPAGPAGPP,0.780184
841,PA,0.025900
841,PAG,0.144925
841,PAGP,0.763311
841,PAGPA,0.754616
841,PAGPAG,0.712740
841,PAGPAGP,0.694370
841,PAGPAGPP,0.714569
841,PAGPAGPPG,0.689815
842,AG,0.095042
842,AGP,0.894527
842,AGPA,0.747084
842,AGPAG,0.767576
842,AGPAGP,0.646286
842,AGPAGPP,0.654152
842,AGPAGPPG,0.663009
842,AGPAGPPGP,0.732150
843,GP,0.971328
843,GPA,0.923298
843,GPAG,0.878009
843,GPAGP,0.757013
843,GPAGPP,0.787428
843,GPAGPPG,0.778573
843,GPAGPPGP,0.754083
843,GPAGPPGPI,0.902317
844,PA,0.025900
844,PAG,0.144925
844,PAGP,0.763311
844,PAGPP,0.744059
844,PAGPPG,0.718038
844,PAGPPGP,0.679373
844,PAGPPGPI,0.900606
844,PAGPPGPIG,0.859997
845,AG,0.095042
845,AGP,0.894527
845,AGPP,0.753472
845,AGPPG,0.732161
845,AGPPGP,0.693062
845,AGPPGPI,0.850424
845,AGPPGPIG,0.846836
845,AGPPGPIGS,0.726080
846,GP,0.971328
846,GPP,0.958167
846,GPPG,0.931611
846,GPPGP,0.819214
846,GPPGPI,0.875645
846,GPPGPIG,0.927801
846,GPPGPIGS,0.754922
846,GPPGPIGSV,0.851773
847,PP,0.048185
847,PPG,0.974962
847,PPGP,0.865923
847,PPGPI,0.898671
847,PPGPIG,0.866523
847,PPGPIGS,0.767260
847,PPGPIGSV,0.931319
847,PPGPIGSVG,0.906102
848,PG,0.984215
848,PGP,0.963309
848,PGPI,0.915704
848,PGPIG,0.875546
848,PGPIGS,0.768446
848,PGPIGSV,0.854859
848,PGPIGSVG,0.802738
848,PGPIGSVGA,0.799291
849,GP,0.971328
849,GPI,0.916292
849,GPIG,0.914871
849,GPIGS,0.599087
849,GPIGSV,0.785131
849,GPIGSVG,0.791663
849,GPIGSVGA,0.821938
849,GPIGSVGAP,0.737715
850,PI,0.021418
850,PIG,0.030440
850,PIGS,0.016375
850,PIGSV,0.019536
850,PIGSVG,0.028757
850,PIGSVGA,0.036219
850,PIGSVGAP,0.022088
850,PIGSVGAPG,0.876804
851,IG,0.008923
851,IGS,0.008501
851,IGSV,0.008529
851,IGSVG,0.008012
851,IGSVGA,0.002606
851,IGSVGAP,0.007797
851,IGSVGAPG,0.870793
851,IGSVGAPGP,0.952481
852,GS,0.002503
852,GSV,0.003205
852,GSVG,0.016767
852,GSVGA,0.007225
852,GSVGAP,0.019022
852,GSVGAPG,0.745252
852,GSVGAPGP,0.839252
852,GSVGAPGPK,0.928855
853,SVG,0.009340
853,SVGA,0.006483
853,SVGAP,0.020706
853,SVGAPG,0.691243
853,SVGAPGP,0.694743
853,SVGAPGPK,0.866011
853,SVGAPGPKG,0.873425
854,VG,0.007346
854,VGA,0.006198
854,VGAP,0.026726
854,VGAPG,0.858171
854,VGAPGP,0.787706
854,VGAPGPK,0.830258
854,VGAPGPKG,0.959492
854,VGAPGPKGA,0.969547
855,GA,0.005258
855,GAP,0.030559
855,GAPG,0.875970
855,GAPGP,0.750594
855,GAPGPK,0.706327
855,GAPGPKG,0.770602
855,GAPGPKGA,0.875375
855,GAPGPKGAR,0.872899
856,AP,0.028599
856,APG,0.936200
856,APGP,0.742453
856,APGPK,0.671211
856,APGPKG,0.657776
856,APGPKGA,0.643140
856,APGPKGAR,0.717231
856,APGPKGARG,0.794329
857,PG,0.984215
857,PGP,0.963309
857,PGPK,0.891122
857,PGPKG,0.768457
857,PGPKGA,0.581052
857,PGPKGAR,0.605172
857,PGPKGARG,0.812915
857,PGPKGARGS,0.687336
858,GP,0.971328
858,GPK,0.950919
858,GPKG,0.748810
858,GPKGA,0.679679
858,GPKGAR,0.637072
858,GPKGARG,0.694576
858,GPKGARGS,0.687553
858,GPKGARGSA,0.812578
859,PK,0.004766
859,PKG,0.009898
859,PKGA,0.026038
859,PKGAR,0.010879
859,PKGARG,0.023524
859,PKGARGS,0.032431
859,PKGARGSA,0.043313
859,PKGARGSAG,0.101181
860,KG,0.000691
860,KGA,0.010588
860,KGAR,0.004429
860,KGARG,0.008289
860,KGARGS,0.009508
860,KGARGSA,0.008891
860,KGARGSAG,0.038069
860,KGARGSAGP,0.885443
861,GA,0.005258
861,GAR,0.004616
861,GARG,0.025822
861,GARGS,0.018666
861,GARGSA,0.013474
861,GARGSAG,0.062950
861,GARGSAGP,0.891709
861,GARGSAGPP,0.874419
862,ARG,0.040043
862,ARGS,0.016742
862,ARGSA,0.008965
862,ARGSAG,0.081005
862,ARGSAGP,0.787880
862,ARGSAGPP,0.815244
862,ARGSAGPPG,0.743305
863,RG,0.020423
863,RGS,0.010318
863,RGSA,0.004143
863,RGSAG,0.022430
863,RGSAGP,0.757103
863,RGSAGPP,0.788078
863,RGSAGPPG,0.819767
863,RGSAGPPGA,0.856033
864,GS,0.002503
864,GSA,0.005531
864,GSAG,0.033763
864,GSAGP,0.777551
864,GSAGPP,0.795252
864,GSAGPPG,0.745987
864,GSAGPPGA,0.759081
864,GSAGPPGAT,0.733286
865,SAG,0.016527
865,SAGP,0.810700
865,SAGPP,0.736632
865,SAGPPG,0.703389
865,SAGPPGA,0.706479
865,SAGPPGAT,0.679329
865,SAGPPGATG,0.602898
866,AG,0.095042
866,AGP,0.894527
866,AGPP,0.753472
866,AGPPG,0.732161
866,AGPPGA,0.714953
866,AGPPGAT,0.655710
866,AGPPGATG,0.604463
866,AGPPGATGF,0.753082
867,GP,0.971328
867,GPP,0.958167
867,GPPG,0.931611
867,GPPGA,0.815323
867,GPPGAT,0.750938
867,GPPGATG,0.625854
867,GPPGATGF,0.731368
867,GPPGATGFP,0.686087
868,PP,0.048185
868,PPG,0.974962
868,PPGA,0.843118
868,PPGAT,0.773112
868,PPGATG,0.676006
868,PPGATGF,0.681562
868,PPGATGFP,0.684576
868,PPGATGFPG,0.573450
869,PG,0.984215
869,PGA,0.942234
869,PGAT,0.849645
869,PGATG,0.776148
869,PGATGF,0.795347
869,PGATGFP,0.821842
869,PGATGFPG,0.892224
869,PGATGFPGA,0.879479
870,GA,0.005258
870,GAT,0.010031
870,GATG,0.027209
870,GATGF,0.018051
870,GATGFP,0.051091
870,GATGFPG,0.761456
870,GATGFPGA,0.789835
870,GATGFPGAA,0.839704
871,ATG,0.013764
871,ATGF,0.019825
871,ATGFP,0.027635
871,ATGFPG,0.702545
871,ATGFPGA,0.758806
871,ATGFPGAA,0.777325
871,ATGFPGAAG,0.612750
872,TG,0.004370
872,TGF,0.015949
872,TGFP,0.027488
872,TGFPG,0.971158
872,TGFPGA,0.947577
872,TGFPGAA,0.948880
872,TGFPGAAG,0.955443
872,TGFPGAAGR,0.943627
873,GF,0.004443
873,GFP,0.012427
873,GFPG,0.896921
873,GFPGA,0.812681
873,GFPGAA,0.809068
873,GFPGAAG,0.771284
873,GFPGAAGR,0.864896
873,GFPGAAGRV,0.881353
874,FP,0.018882
874,FPG,0.962903
874,FPGA,0.767172
874,FPGAA,0.661008
874,FPGAAG,0.645853
874,FPGAAGR,0.783707
874,FPGAAGRV,0.900705
874,FPGAAGRVG,0.888587
875,PG,0.984215
875,PGA,0.942234
875,PGAA,0.871447
875,PGAAG,0.821413
875,PGAAGR,0.782685
875,PGAAGRV,0.785988
875,PGAAGRVG,0.819533
875,PGAAGRVGP,0.836493
876,GA,0.005258
876,GAA,0.010726
876,GAAG,0.065220
876,GAAGR,0.023626
876,GAAGRV,0.009067
876,GAAGRVG,0.022452
876,GAAGRVGP,0.787718
876,GAAGRVGPP,0.738345
877,AAG,0.058370
877,AAGR,0.032949
877,AAGRV,0.005801
877,AAGRVG,0.017448
877,AAGRVGP,0.736359
877,AAGRVGPP,0.760021
877,AAGRVGPPG,0.664441
878,AG,0.095042
878,AGR,0.069528
878,AGRV,0.007760
878,AGRVG,0.028831
878,AGRVGP,0.776710
878,AGRVGPP,0.820126
878,AGRVGPPG,0.874789
878,AGRVGPPGP,0.838176
879,GR,0.021570
879,GRV,0.001140
879,GRVG,0.007794
879,GRVGP,0.850344
879,GRVGPP,0.852832
879,GRVGPPG,0.826378
879,GRVGPPGP,0.837206
879,GRVGPPGPS,0.902603
880,RVG,0.003676
880,RVGP,0.865574
880,RVGPP,0.825641
880,RVGPPG,0.799351
880,RVGPPGP,0.709931
880,RVGPPGPS,0.853498
880,RVGPPGPSG,0.816064
881,VG,0.007346
881,VGP,0.945902
881,VGPP,0.873610
881,VGPPG,0.746024
881,VGPPGP,0.693056
881,VGPPGPS,0.815353
881,VGPPGPSG,0.868868
881,VGPPGPSGN,0.809084
882,GP,0.971328
882,GPP,0.958167
882,GPPG,0.931611
882,GPPGP,0.819214
882,GPPGPS,0.790481
882,GPPGPSG,0.747223
882,GPPGPSGN,0.579518
882,GPPGPSGNA,0.593569
883,PP,0.048185
883,PPG,0.974962
883,PPGP,0.865923
883,PPGPS,0.861526
883,PPGPSG,0.823938
883,PPGPSGN,0.620073
883,PPGPSGNA,0.764441
883,PPGPSGNAG,0.612988
884,PG,0.984215
884,PGP,0.963309
884,PGPS,0.924708
884,PGPSG,0.878590
884,PGPSGN,0.564927
884,PGPSGNA,0.666941
884,PGPSGNAG,0.547666
884,PGPSGNAGP,0.487219
885,GP,0.971328
885,GPS,0.956545
885,GPSG,0.939171
885,GPSGN,0.525783
885,GPSGNA,0.574887
885,GPSGNAG,0.542732
885,GPSGNAGP,0.448466
885,GPSGNAGPP,0.467230
886,PS,0.026360
886,PSG,0.032505
886,PSGN,0.034115
886,PSGNA,0.050030
886,PSGNAG,0.083086
886,PSGNAGP,0.561879
886,PSGNAGPP,0.665395
886,PSGNAGPPG,0.483943
887,SG,0.008336
887,SGN,0.025096
887,SGNA,0.008242
887,SGNAG,0.006579
887,SGNAGP,0.664679
887,SGNAGPP,0.738259
887,SGNAGPPG,0.716234
887,SGNAGPPGP,0.737606
888,GN,0.004347
888,GNA,0.005423
888,GNAG,0.016795
888,GNAGP,0.685107
888,GNAGPP,0.718201
888,GNAGPPG,0.661077
888,GNAGPPGP,0.594189
888,GNAGPPGPP,0.562290
889,NAG,0.004896
889,NAGP,0.768422
889,NAGPP,0.710406
889,NAGPPG,0.753201
889,NAGPPGP,0.660366
889,NAGPPGPP,0.576213
889,NAGPPGPPG,0.376389
890,AG,0.095042
890,AGP,0.894527
890,AGPP,0.753472
890,AGPPG,0.732161
890,AGPPGP,0.693062
890,AGPPGPP,0.768336
890,AGPPGPPG,0.768536
890,AGPPGPPGP,0.655110
891,GP,0.971328
891,GPP,0.958167
891,GPPG,0.931611
891,GPPGP,0.819214
891,GPPGPP,0.828238
891,GPPGPPG,0.879996
891,GPPGPPGP,0.713947
891,GPPGPPGPV,0.734118
892,PP,0.048185
892,PPG,0.974962
892,PPGP,0.865923
892,PPGPP,0.862933
892,PPGPPG,0.834135
892,PPGPPGP,0.771523
892,PPGPPGPV,0.814279
892,PPGPPGPVG,0.652716
893,PG,0.984215
893,PGP,0.963309
893,PGPP,0.924297
893,PGPPG,0.877939
893,PGPPGP,0.774884
893,PGPPGPV,0.767453
893,PGPPGPVG,0.748548
893,PGPPGPVGK,0.814059
894,GP,0.971328
894,GPP,0.958167
894,GPPG,0.931611
894,GPPGP,0.819214
894,GPPGPV,0.626759
894,GPPGPVG,0.672127
894,GPPGPVGK,0.922546
894,GPPGPVGKE,0.855407
895,PP,0.048185
895,PPG,0.974962
895,PPGP,0.865923
895,PPGPV,0.804844
895,PPGPVG,0.764974
895,PPGPVGK,0.797750
895,PPGPVGKE,0.914267
895,PPGPVGKEG,0.860339
896,PG,0.984215
896,PGP,0.963309
896,PGPV,0.829443
896,PGPVG,0.761224
896,PGPVGK,0.708423
896,PGPVGKE,0.898830
896,PGPVGKEG,0.870894
896,PGPVGKEGG,0.762767
897,GP,0.971328
897,GPV,0.890839
897,GPVG,0.855109
897,GPVGK,0.655092
897,GPVGKE,0.948438
897,GPVGKEG,0.945152
897,GPVGKEGG,0.928243
897,GPVGKEGGK,0.933908
898,PV,0.016773
898,PVG,0.043954
898,PVGK,0.041479
898,PVGKE,0.056596
898,PVGKEG,0.040082
898,PVGKEGG,0.027886
898,PVGKEGGK,0.028555
898,PVGKEGGKG,0.018807
899,VG,0.007346
899,VGK,0.003585
899,VGKE,0.003718
899,VGKEG,0.002372
899,VGKEGG,0.002360
899,VGKEGGK,0.001307
899,VGKEGGKG,0.001135
899,VGKEGGKGP,0.918846
900,GK,0.000752
900,GKE,0.000858
900,GKEG,0.000976
900,GKEGG,0.003738
900,GKEGGK,0.000899
900,GKEGGKG,0.000721
900,GKEGGKGP,0.889302
900,GKEGGKGPR,0.751249
901,KEG,0.001298
901,KEGG,0.006585
901,KEGGK,0.001156
901,KEGGKG,0.000824
901,KEGGKGP,0.755832
901,KEGGKGPR,0.824067
901,KEGGKGPRG,0.751645
902,EG,0.034172
902,EGG,0.053677
902,EGGK,0.000504
902,EGGKG,0.000493
902,EGGKGP,0.575327
902,EGGKGPR,0.626010
902,EGGKGPRG,0.578515
902,EGGKGPRGE,0.791013
903,GG,0.071735
903,GGK,0.002324
903,GGKG,0.001590
903,GGKGP,0.731581
903,GGKGPR,0.490286
903,GGKGPRG,0.453933
903,GGKGPRGE,0.859190
903,GGKGPRGET,0.895873
904,GK,0.000752
904,GKG,0.000854
904,GKGP,0.847171
904,GKGPR,0.587444
904,GKGPRG,0.524347
904,GKGPRGE,0.676968
904,GKGPRGET,0.842630
904,GKGPRGETG,0.910661
905,KG,0.000691
905,KGP,0.870474
905,KGPR,0.651109
905,KGPRG,0.573065
905,KGPRGE,0.700866
905,KGPRGET,0.814930
905,KGPRGETG,0.650189
905,KGPRGETGP,0.566520
906,GP,0.971328
906,GPR,0.907705
906,GPRG,0.742386
906,GPRGE,0.821075
906,GPRGET,0.875744
906,GPRGETG,0.820999
906,GPRGETGP,0.856920
906,GPRGETGPA,0.838502
907,PR,0.007290
907,PRG,0.041221
907,PRGE,0.013749
907,PRGET,0.009421
907,PRGETG,0.047134
907,PRGETGP,0.783197
907,PRGETGPA,0.806023
907,PRGETGPAG,0.712101
908,RG,0.020423
908,RGE,0.023495
908,RGET,0.002682
908,RGETG,0.003650
908,RGETGP,0.873377
908,RGETGPA,0.911904
908,RGETGPAG,0.907993
908,RGETGPAGR,0.805728
909,GE,0.018801
909,GET,0.007167
909,GETG,0.014713
909,GETGP,0.829125
909,GETGPA,0.786316
909,GETGPAG,0.771400
909,GETGPAGR,0.832675
909,GETGPAGRP,0.824034
910,ETG,0.003703
910,ETGP,0.769355
910,ETGPA,0.534654
910,ETGPAG,0.595675
910,ETGPAGR,0.714421
910,ETGPAGRP,0.695610
910,ETGPAGRPG,0.692205
911,TG,0.004370
911,TGP,0.971638
911,TGPA,0.894012
911,TGPAG,0.889962
911,TGPAGR,0.868909
911,TGPAGRP,0.853619
911,TGPAGRPG,0.892392
911,TGPAGRPGE,0.932299
912,GP,0.971328
912,GPA,0.923298
912,GPAG,0.878009
912,GPAGR,0.831164
912,GPAGRP,0.736646
912,GPAGRPG,0.724272
912,GPAGRPGE,0.863538
912,GPAGRPGEA,0.867394
913,PA,0.025900
913,PAG,0.144925
913,PAGR,0.080675
913,PAGRP,0.032292
913,PAGRPG,0.682406
913,PAGRPGE,0.782600
913,PAGRPGEA,0.822037
913,PAGRPGEAG,0.751275
914,AG,0.095042
914,AGR,0.069528
914,AGRP,0.067697
914,AGRPG,0.745283
914,AGRPGE,0.779085
914,AGRPGEA,0.763610
914,AGRPGEAG,0.576478
914,AGRPGEAGP,0.777602
915,GR,0.021570
915,GRP,0.368926
915,GRPG,0.805010
915,GRPGE,0.821372
915,GRPGEA,0.719790
915,GRPGEAG,0.596174
915,GRPGEAGP,0.650737
915,GRPGEAGPP,0.569381
916,RP,0.010025
916,RPG,0.961871
916,RPGE,0.950442
916,RPGEA,0.726087
916,RPGEAG,0.641657
916,RPGEAGP,0.635493
916,RPGEAGPP,0.710887
916,RPGEAGPPG,0.644755
917,PG,0.984215
917,PGE,0.864290
917,PGEA,0.879316
917,PGEAG,0.729206
917,PGEAGP,0.587039
917,PGEAGPP,0.719138
917,PGEAGPPG,0.646250
917,PGEAGPPGP,0.772304
918,GE,0.018801
918,GEA,0.001986
918,GEAG,0.027268
918,GEAGP,0.556080
918,GEAGPP,0.645252
918,GEAGPPG,0.675253
918,GEAGPPGP,0.729055
918,GEAGPPGPP,0.785958
919,EAG,0.017773
919,EAGP,0.829092
919,EAGPP,0.812286
919,EAGPPG,0.776594
919,EAGPPGP,0.747707
919,EAGPPGPP,0.844147
919,EAGPPGPPG,0.797128
920,AG,0.095042
920,AGP,0.894527
920,AGPP,0.753472
920,AGPPG,0.732161
920,AGPPGP,0.693062
920,AGPPGPP,0.768336
920,AGPPGPPG,0.768536
920,AGPPGPPGP,0.655110
921,GP,0.971328
921,GPP,0.958167
921,GPPG,0.931611
921,GPPGP,0.819214
921,GPPGPP,0.828238
921,GPPGPPG,0.879996
921,GPPGPPGP,0.713947
921,GPPGPPGPA,0.791792
922,PP,0.048185
922,PPG,0.974962
922,PPGP,0.865923
922,PPGPP,0.862933
922,PPGPPG,0.834135
922,PPGPPGP,0.771523
922,PPGPPGPA,0.809927
922,PPGPPGPAG,0.744245
923,PG,0.984215
923,PGP,0.963309
923,PGPP,0.924297
923,PGPPG,0.877939
923,PGPPGP,0.774884
923,PGPPGPA,0.825859
923,PGPPGPAG,0.792326
923,PGPPGPAGE,0.636752
924,GP,0.971328
924,GPP,0.958167
924,GPPG,0.931611
924,GPPGP,0.819214
924,GPPGPA,0.728613
924,GPPGPAG,0.663025
924,GPPGPAGE,0.648331
924,GPPGPAGEK,0.675201
925,PP,0.048185
925,PPG,0.974962
925,PPGP,0.865923
925,PPGPA,0.815468
925,PPGPAG,0.765580
925,PPGPAGE,0.654948
925,PPGPAGEK,0.674179
925,PPGPAGEKG,0.743834
926,PG,0.984215
926,PGP,0.963309
926,PGPA,0.857827
926,PGPAG,0.803925
926,PGPAGE,0.502541
926,PGPAGEK,0.569717
926,PGPAGEKG,0.615897
926,PGPAGEKGS,0.326984
927,GP,0.971328
927,GPA,0.923298
927,GPAG,0.878009
927,GPAGE,0.608298
927,GPAGEK,0.622919
927,GPAGEKG,0.508965
927,GPAGEKGS,0.369690
927,GPAGEKGSP,0.556181
928,PA,0.025900
928,PAG,0.144925
928,PAGE,0.050957
928,PAGEK,0.018141
928,PAGEKG,0.020842
928,PAGEKGS,0.040636
928,PAGEKGSP,0.063967
928,PAGEKGSPG,0.488581
929,AG,0.095042
929,AGE,0.012728
929,AGEK,0.004104
929,AGEKG,0.006071
929,AGEKGS,0.007611
929,AGEKGSP,0.036084
929,AGEKGSPG,0.507182
929,AGEKGSPGA,0.453174
930,GE,0.018801
930,GEK,0.001404
930,GEKG,0.001999
930,GEKGS,0.005685
930,GEKGSP,0.025348
930,GEKGSPG,0.698850
930,GEKGSPGA,0.652994
930,GEKGSPGAD,0.479506
931,EKG,0.000919
931,EKGS,0.003431
931,EKGSP,0.021719
931,EKGSPG,0.498421
931,EKGSPGA,0.496387
931,EKGSPGAD,0.553337
931,EKGSPGADG,0.236535
932,KG,0.000691
932,KGS,0.003136
932,KGSP,0.052515
932,KGSPG,0.793314
932,KGSPGA,0.524736
932,KGSPGAD,0.707345
932,KGSPGADG,0.747012
932,KGSPGADGP,0.784222
933,GS,0.002503
933,GSP,0.043271
933,GSPG,0.932665
933,GSPGA,0.797414
933,GSPGAD,0.765884
933,GSPGADG,0.727420
933,GSPGADGP,0.620772
933,GSPGADGPA,0.644398
934,SP,0.050931
934,SPG,0.972697
934,SPGA,0.801546
934,SPGAD,0.641211
934,SPGADG,0.633187
934,SPGADGP,0.550300
934,SPGADGPA,0.559910
934,SPGADGPAG,0.552321
935,PG,0.984215
935,PGA,0.942234
935,PGAD,0.856697
935,PGADG,0.783866
935,PGADGP,0.724489
935,PGADGPA,0.785586
935,PGADGPAG,0.821497
935,PGADGPAGA,0.845257
936,GA,0.005258
936,GAD,0.005021
936,GADG,0.013579
936,GADGP,0.819211
936,GADGPA,0.737487
936,GADGPAG,0.726636
936,GADGPAGA,0.801943
936,GADGPAGAP,0.681219
937,ADG,0.015170
937,ADGP,0.861836
937,ADGPA,0.641787
937,ADGPAG,0.806887
937,ADGPAGA,0.839704
937,ADGPAGAP,0.812677
937,ADGPAGAPG,0.677790
938,DG,0.011460
938,DGP,0.937641
938,DGPA,0.659026
938,DGPAG,0.816997
938,DGPAGA,0.833940
938,DGPAGAP,0.835643
938,DGPAGAPG,0.879211
938,DGPAGAPGT,0.846979
939,GP,0.971328
939,GPA,0.923298
939,GPAG,0.878009
939,GPAGA,0.891479
939,GPAGAP,0.876584
939,GPAGAPG,0.819430
939,GPAGAPGT,0.800824
939,GPAGAPGTP,0.750232
940,PA,0.025900
940,PAG,0.144925
940,PAGA,0.044546
940,PAGAP,0.075248
940,PAGAPG,0.748339
940,PAGAPGT,0.728462
940,PAGAPGTP,0.700147
940,PAGAPGTPG,0.686321
941,AG,0.095042
941,AGA,0.020969
941,AGAP,0.028611
941,AGAPG,0.806048
941,AGAPGT,0.742259
941,AGAPGTP,0.689509
941,AGAPGTPG,0.765010
941,AGAPGTPGP,0.755347
942,GA,0.005258
942,GAP,0.030559
942,GAPG,0.875970
942,GAPGT,0.836740
942,GAPGTP,0.685419
942,GAPGTPG,0.679629
942,GAPGTPGP,0.479952
942,GAPGTPGPQ,0.639555
943,AP,0.028599
943,APG,0.936200
943,APGT,0.851981
943,APGTP,0.700237
943,APGTPG,0.691390
943,APGTPGP,0.477448
943,APGTPGPQ,0.611844
943,APGTPGPQG,0.547603
944,PG,0.984215
944,PGT,0.980080
944,PGTP,0.930902
944,PGTPG,0.879046
944,PGTPGP,0.744992
944,PGTPGPQ,0.845346
944,PGTPGPQG,0.841690
944,PGTPGPQGI,0.959657
945,GT,0.004838
945,GTP,0.015116
945,GTPG,0.758055
945,GTPGP,0.660635
945,GTPGPQ,0.587706
945,GTPGPQG,0.433917
945,GTPGPQGI,0.956708
945,GTPGPQGIA,0.943184
946,TP,0.008051
946,TPG,0.933818
946,TPGP,0.844628
946,TPGPQ,0.779354
946,TPGPQG,0.785013
946,TPGPQGI,0.822767
946,TPGPQGIA,0.906812
946,TPGPQGIAG,0.962954
947,PG,0.984215
947,PGP,0.963309
947,PGPQ,0.902363
947,PGPQG,0.783554
947,PGPQGI,0.784029
947,PGPQGIA,0.878543
947,PGPQGIAG,0.966938
947,PGPQGIAGQ,0.988305
948,GP,0.971328
948,GPQ,0.932174
948,GPQG,0.915791
948,GPQGI,0.829556
948,GPQGIA,0.807597
948,GPQGIAG,0.856966
948,GPQGIAGQ,0.964289
948,GPQGIAGQR,0.957325
949,PQ,0.012361
949,PQG,0.038976
949,PQGI,0.114413
949,PQGIA,0.069499
949,PQGIAG,0.107495
949,PQGIAGQ,0.111322
949,PQGIAGQR,0.042017
949,PQGIAGQRG,0.037966
950,QG,0.008637
950,QGI,0.020007
950,QGIA,0.009247
950,QGIAG,0.005729
950,QGIAGQ,0.006214
950,QGIAGQR,0.002014
950,QGIAGQRG,0.002063
950,QGIAGQRGV,0.003120
951,GI,0.003405
951,GIA,0.007549
951,GIAG,0.008466
951,GIAGQ,0.005362
951,GIAGQR,0.002280
951,GIAGQRG,0.002409
951,GIAGQRGV,0.004009
951,GIAGQRGVV,0.006049
952,IAG,0.009745
952,IAGQ,0.004246
952,IAGQR,0.001178
952,IAGQRG,0.001652
952,IAGQRGV,0.001154
952,IAGQRGVV,0.001515
952,IAGQRGVVG,0.002173
953,AG,0.095042
953,AGQ,0.014895
953,AGQR,0.005620
953,AGQRG,0.007879
953,AGQRGV,0.004772
953,AGQRGVV,0.002655
953,AGQRGVVG,0.005124
953,AGQRGVVGL,0.010649
954,GQ,0.002188
954,GQR,0.001749
954,GQRG,0.006252
954,GQRGV,0.004452
954,GQRGVV,0.002206
954,GQRGVVG,0.004604
954,GQRGVVGL,0.010924
954,GQRGVVGLP,0.049444
955,QRG,0.002428
955,QRGV,0.002251
955,QRGVV,0.002235
955,QRGVVG,0.003231
955,QRGVVGL,0.008569
955,QRGVVGLP,0.012489
955,QRGVVGLPG,0.905584
956,RG,0.020423
956,RGV,0.002433
956,RGVV,0.002094
956,RGVVG,0.004154
956,RGVVGL,0.003380
956,RGVVGLP,0.008543
956,RGVVGLPG,0.918867
956,RGVVGLPGQ,0.893096
957,GV,0.001845
957,GVV,0.003508
957,GVVG,0.022211
957,GVVGL,0.007447
957,GVVGLP,0.013467
957,GVVGLPG,0.743726
957,GVVGLPGQ,0.906552
957,GVVGLPGQR,0.838025
958,VVG,0.006375
958,VVGL,0.015062
958,VVGLP,0.013087
958,VVGLPG,0.853901
958,VVGLPGQ,0.912399
958,VVGLPGQR,0.916855
958,VVGLPGQRG,0.792538
959,VG,0.007346
959,VGL,0.011281
959,VGLP,0.024191
959,VGLPG,0.938800
959,VGLPGQ,0.930611
959,VGLPGQR,0.916198
959,VGLPGQRG,0.890190
959,VGLPGQRGE,0.849666
960,GL,0.008947
960,GLP,0.026638
960,GLPG,0.936475
960,GLPGQ,0.873612
960,GLPGQR,0.723909
960,GLPGQRG,0.689656
960,GLPGQRGE,0.679313
960,GLPGQRGER,0.635035
961,LP,0.022451
961,LPG,0.979919
961,LPGQ,0.867249
961,LPGQR,0.791360
961,LPGQRG,0.728366
961,LPGQRGE,0.790469
961,LPGQRGER,0.757189
961,LPGQRGERG,0.527613
962,PG,0.984215
962,PGQ,0.966333
962,PGQR,0.803361
962,PGQRG,0.711860
962,PGQRGE,0.711130
962,PGQRGER,0.759430
962,PGQRGERG,0.665927
962,PGQRGERGF,0.716780
963,GQ,0.002188
963,GQR,0.001749
963,GQRG,0.006252
963,GQRGE,0.009239
963,GQRGER,0.005624
963,GQRGERG,0.002580
963,GQRGERGF,0.006647
963,GQRGERGFP,0.431659
964,QRG,0.002428
964,QRGE,0.004459
964,QRGER,0.003187
964,QRGERG,0.004685
964,QRGERGF,0.010062
964,QRGERGFP,0.016301
964,QRGERGFPG,0.507653
965,RG,0.020423
965,RGE,0.023495
965,RGER,0.026515
965,RGERG,0.020179
965,RGERGF,0.005305
965,RGERGFP,0.012587
965,RGERGFPG,0.879849
965,RGERGFPGL,0.892389
966,GE,0.018801
966,GER,0.021196
966,GERG,0.012644
966,GERGF,0.004918
966,GERGFP,0.017989
966,GERGFPG,0.864478
966,GERGFPGL,0.867050
966,GERGFPGLP,0.676659
967,ERG,0.011509
967,ERGF,0.003649
967,ERGFP,0.009738
967,ERGFPG,0.702521
967,ERGFPGL,0.706716
967,ERGFPGLP,0.561346
967,ERGFPGLPG,0.415098
968,RG,0.020423
968,RGF,0.006472
968,RGFP,0.019534
968,RGFPG,0.857929
968,RGFPGL,0.846728
968,RGFPGLP,0.770596
968,RGFPGLPG,0.898435
968,RGFPGLPGP,0.941239
969,GF,0.004443
969,GFP,0.012427
969,GFPG,0.896921
969,GFPGL,0.793839
969,GFPGLP,0.424073
969,GFPGLPG,0.378622
969,GFPGLPGP,0.248446
969,GFPGLPGPS,0.201548
970,FP,0.018882
970,FPG,0.962903
970,FPGL,0.837374
970,FPGLP,0.458585
970,FPGLPG,0.523265
970,FPGLPGP,0.343645
970,FPGLPGPS,0.343042
970,FPGLPGPSG,0.308413
971,PG,0.984215
971,PGL,0.960443
971,PGLP,0.917751
971,PGLPG,0.868901
971,PGLPGP,0.568953
971,PGLPGPS,0.642852
971,PGLPGPSG,0.640323
971,PGLPGPSGE,0.424202
972,GL,0.008947
972,GLP,0.026638
972,GLPG,0.936475
972,GLPGP,0.791989
972,GLPGPS,0.637559
972,GLPGPSG,0.572722
972,GLPGPSGE,0.415736
972,GLPGPSGEP,0.467940
973,LP,0.022451
973,LPG,0.979919
973,LPGP,0.815778
973,LPGPS,0.620127
973,LPGPSG,0.564888
973,LPGPSGE,0.394916
973,LPGPSGEP,0.507328
973,LPGPSGEPG,0.411619
974,PG,0.984215
974,PGP,0.963309
974,PGPS,0.924708
974,PGPSG,0.878590
974,PGPSGE,0.570158
974,PGPSGEP,0.646295
974,PGPSGEPG,0.640134
974,PGPSGEPGK,0.675515
975,GP,0.971328
975,GPS,0.956545
975,GPSG,0.939171
975,GPSGE,0.783823
975,GPSGEP,0.722969
975,GPSGEPG,0.732937
975,GPSGEPGK,0.941967
975,GPSGEPGKQ,0.884538
976,PS,0.026360
976,PSG,0.032505
976,PSGE,0.056555
976,PSGEP,0.058435
976,PSGEPG,0.771978
976,PSGEPGK,0.930919
976,PSGEPGKQ,0.933528
976,PSGEPGKQG,0.909236
977,SG,0.008336
977,SGE,0.021723
977,SGEP,0.142781
977,SGEPG,0.790744
977,SGEPGK,0.906222
977,SGEPGKQ,0.921539
977,SGEPGKQG,0.967917
977,SGEPGKQGP,0.961556
978,GE,0.018801
978,GEP,0.073397
978,GEPG,0.893722
978,GEPGK,0.947010
978,GEPGKQ,0.937037
978,GEPGKQG,0.964944
978,GEPGKQGP,0.981940
978,GEPGKQGPS,0.985179
979,EP,0.028444
979,EPG,0.961169
979,EPGK,0.957482
979,EPGKQ,0.941804
979,EPGKQG,0.924923
979,EPGKQGP,0.817727
979,EPGKQGPS,0.902062
979,EPGKQGPSG,0.835287
980,PG,0.984215
980,PGK,0.991866
980,PGKQ,0.972202
980,PGKQG,0.938880
980,PGKQGP,0.905254
980,PGKQGPS,0.943519
980,PGKQGPSG,0.964222
980,PGKQGPSGA,0.907578
981,GK,0.000752
981,GKQ,0.001924
981,GKQG,0.005800
981,GKQGP,0.799212
981,GKQGPS,0.730854
981,GKQGPSG,0.774824
981,GKQGPSGA,0.778311
981,GKQGPSGAS,0.728588
982,KQG,0.003407
982,KQGP,0.815315
982,KQGPS,0.569521
982,KQGPSG,0.646121
982,KQGPSGA,0.614871
982,KQGPSGAS,0.646519
982,KQGPSGASG,0.740460
983,QG,0.008637
983,QGP,0.908988
983,QGPS,0.795128
983,QGPSG,0.825917
983,QGPSGA,0.763894
983,QGPSGAS,0.725240
983,QGPSGASG,0.877779
983,QGPSGASGE,0.508794
984,GP,0.971328
984,GPS,0.956545
984,GPSG,0.939171
984,GPSGA,0.900093
984,GPSGAS,0.856279
984,GPSGASG,0.907950
984,GPSGASGE,0.880093
984,GPSGASGER,0.963469
985,PS,0.026360
985,PSG,0.032505
985,PSGA,0.032627
985,PSGAS,0.020183
985,PSGASG,0.048354
985,PSGASGE,0.132670
985,PSGASGER,0.074359
985,PSGASGERG,0.121557
986,SG,0.008336
986,SGA,0.010239
986,SGAS,0.008730
986,SGASG,0.017341
986,SGASGE,0.022400
986,SGASGER,0.017542
986,SGASGERG,0.015457
986,SGASGERGP,0.875178
987,GA,0.005258
987,GAS,0.006314
987,GASG,0.022537
987,GASGE,0.034346
987,GASGER,0.023210
987,GASGERG,0.022035
987,GASGERGP,0.715076
987,GASGERGPP,0.743689
988,ASG,0.017936
988,ASGE,0.024856
988,ASGER,0.017031
988,ASGERG,0.023362
988,ASGERGP,0.727591
988,ASGERGPP,0.772438
988,ASGERGPPG,0.722173
989,SG,0.008336
989,SGE,0.021723
989,SGER,0.023910
989,SGERG,0.031342
989,SGERGP,0.676628
989,SGERGPP,0.758480
989,SGERGPPG,0.808765
989,SGERGPPGP,0.912252
990,GE,0.018801
990,GER,0.021196
990,GERG,0.012644
990,GERGP,0.537053
990,GERGPP,0.629053
990,GERGPPG,0.707485
990,GERGPPGP,0.694172
990,GERGPPGPV,0.433528
991,ERG,0.011509
991,ERGP,0.619819
991,ERGPP,0.594240
991,ERGPPG,0.659462
991,ERGPPGP,0.631381
991,ERGPPGPV,0.476865
991,ERGPPGPVG,0.451769
992,RG,0.020423
992,RGP,0.773900
992,RGPP,0.568077
992,RGPPG,0.583036
992,RGPPGP,0.591547
992,RGPPGPV,0.463069
992,RGPPGPVG,0.361633
992,RGPPGPVGP,0.402859
993,GP,0.971328
993,GPP,0.958167
993,GPPG,0.931611
993,GPPGP,0.819214
993,GPPGPV,0.626759
993,GPPGPVG,0.672127
993,GPPGPVGP,0.148781
993,GPPGPVGPP,0.503829
994,PP,0.048185
994,PPG,0.974962
994,PPGP,0.865923
994,PPGPV,0.804844
994,PPGPVG,0.764974
994,PPGPVGP,0.665931
994,PPGPVGPP,0.639930
994,PPGPVGPPG,0.472298
995,PG,0.984215
995,PGP,0.963309
995,PGPV,0.829443
995,PGPVG,0.761224
995,PGPVGP,0.748938
995,PGPVGPP,0.763286
995,PGPVGPPG,0.697013
995,PGPVGPPGL,0.764292
996,GP,0.971328
996,GPV,0.890839
996,GPVG,0.855109
996,GPVGP,0.857816
996,GPVGPP,0.795065
996,GPVGPPG,0.829554
996,GPVGPPGL,0.759146
996,GPVGPPGLA,0.648557
997,PV,0.016773
997,PVG,0.043954
997,PVGP,0.761954
997,PVGPP,0.728764
997,PVGPPG,0.717537
997,PVGPPGL,0.655866
997,PVGPPGLA,0.731670
997,PVGPPGLAG,0.538825
998,VG,0.007346
998,VGP,0.945902
998,VGPP,0.873610
998,VGPPG,0.746024
998,VGPPGL,0.803697
998,VGPPGLA,0.880648
998,VGPPGLAG,0.872047
998,VGPPGLAGP,0.864643
999,GP,0.971328
999,GPP,0.958167
999,GPPG,0.931611
999,GPPGL,0.845722
999,GPPGLA,0.843185
999,GPPGLAG,0.717549
999,GPPGLAGP,0.863164
999,GPPGLAGPP,0.855371
1000,PP,0.048185
1000,PPG,0.974962
1000,PPGL,0.884101
1000,PPGLA,0.884155
1000,PPGLAG,0.831766
1000,PPGLAGP,0.750555
1000,PPGLAGPP,0.655761
1000,PPGLAGPPG,0.660305
1001,PG,0.984215
1001,PGL,0.960443
1001,PGLA,0.882377
1001,PGLAG,0.853717
1001,PGLAGP,0.835718
1001,PGLAGPP,0.862290
1001,PGLAGPPG,0.848135
1001,PGLAGPPGE,0.662094
1002,GL,0.008947
1002,GLA,0.005375
1002,GLAG,0.024157
1002,GLAGP,0.884584
1002,GLAGPP,0.867543
1002,GLAGPPG,0.839980
1002,GLAGPPGE,0.795858
1002,GLAGPPGES,0.768225
1003,LAG,0.032918
1003,LAGP,0.871515
1003,LAGPP,0.815921
1003,LAGPPG,0.838214
1003,LAGPPGE,0.792206
1003,LAGPPGES,0.823584
1003,LAGPPGESG,0.721304
1004,AG,0.095042
1004,AGP,0.894527
1004,AGPP,0.753472
1004,AGPPG,0.732161
1004,AGPPGE,0.688055
1004,AGPPGES,0.604478
1004,AGPPGESG,0.428370
1004,AGPPGESGR,0.778162
1005,GP,0.971328
1005,GPP,0.958167
1005,GPPG,0.931611
1005,GPPGE,0.904360
1005,GPPGES,0.600005
1005,GPPGESG,0.633709
1005,GPPGESGR,0.812461
1005,GPPGESGRE,0.851257
1006,PP,0.048185
1006,PPG,0.974962
1006,PPGE,0.942501
1006,PPGES,0.847975
1006,PPGESG,0.701023
1006,PPGESGR,0.750912
1006,PPGESGRE,0.827716
1006,PPGESGREG,0.751931
1007,PG,0.984215
1007,PGE,0.864290
1007,PGES,0.835202
1007,PGESG,0.634267
1007,PGESGR,0.724707
1007,PGESGRE,0.786615
1007,PGESGREG,0.776471
1007,PGESGREGS,0.757820
1008,GE,0.018801
1008,GES,0.006980
1008,GESG,0.020972
1008,GESGR,0.018819
1008,GESGRE,0.015204
1008,GESGREG,0.012863
1008,GESGREGS,0.015271
1008,GESGREGSP,0.040457
1009,ESG,0.007106
1009,ESGR,0.014059
1009,ESGRE,0.013721
1009,ESGREG,0.018350
1009,ESGREGS,0.018483
1009,ESGREGSP,0.012836
1009,ESGREGSPG,0.663455
1010,SG,0.008336
1010,SGR,0.016674
1010,SGRE,0.020627
1010,SGREG,0.022529
1010,SGREGS,0.015834
1010,SGREGSP,0.014021
1010,SGREGSPG,0.846736
1010,SGREGSPGA,0.877226
1011,GR,0.021570
1011,GRE,0.012496
1011,GREG,0.008364
1011,GREGS,0.006749
1011,GREGSP,0.017314
1011,GREGSPG,0.608216
1011,GREGSPGA,0.825799
1011,GREGSPGAE,0.736705
1012,REG,0.025709
1012,REGS,0.005512
1012,REGSP,0.012887
1012,REGSPG,0.714220
1012,REGSPGA,0.802743
1012,REGSPGAE,0.854624
1012,REGSPGAEG,0.791263
1013,EG,0.034172
1013,EGS,0.007742
1013,EGSP,0.034135
1013,EGSPG,0.762092
1013,EGSPGA,0.600737
1013,EGSPGAE,0.465099
1013,EGSPGAEG,0.594336
1013,EGSPGAEGS,0.516209
1014,GS,0.002503
1014,GSP,0.043271
1014,GSPG,0.932665
1014,GSPGA,0.797414
1014,GSPGAE,0.488345
1014,GSPGAEG,0.448646
1014,GSPGAEGS,0.413209
1014,GSPGAEGSP,0.474117
1015,SP,0.050931
1015,SPG,0.972697
1015,SPGA,0.801546
1015,SPGAE,0.485159
1015,SPGAEG,0.375406
1015,SPGAEGS,0.322162
1015,SPGAEGSP,0.448293
1015,SPGAEGSPG,0.474193
1016,PG,0.984215
1016,PGA,0.942234
1016,PGAE,0.740505
1016,PGAEG,0.659681
1016,PGAEGS,0.579944
1016,PGAEGSP,0.577044
1016,PGAEGSPG,0.706570
1016,PGAEGSPGR,0.809106
1017,GA,0.005258
1017,GAE,0.002954
1017,GAEG,0.014632
1017,GAEGS,0.012508
1017,GAEGSP,0.025970
1017,GAEGSPG,0.708758
1017,GAEGSPGR,0.864678
1017,GAEGSPGRD,0.878473
1018,AEG,0.011112
1018,AEGS,0.018942
1018,AEGSP,0.026382
1018,AEGSPG,0.496101
1018,AEGSPGR,0.710708
1018,AEGSPGRD,0.821291
1018,AEGSPGRDG,0.748222
1019,EG,0.034172
1019,EGS,0.007742
1019,EGSP,0.034135
1019,EGSPG,0.762092
1019,EGSPGR,0.545241
1019,EGSPGRD,0.486164
1019,EGSPGRDG,0.359975
1019,EGSPGRDGS,0.323246
1020,GS,0.002503
1020,GSP,0.043271
1020,GSPG,0.932665
1020,GSPGR,0.754832
1020,GSPGRD,0.599404
1020,GSPGRDG,0.581279
1020,GSPGRDGS,0.599953
1020,GSPGRDGSP,0.623482
1021,SP,0.050931
1021,SPG,0.972697
1021,SPGR,0.788443
1021,SPGRD,0.658074
1021,SPGRDG,0.575665
1021,SPGRDGS,0.569324
1021,SPGRDGSP,0.614328
1021,SPGRDGSPG,0.518457
1022,PG,0.984215
1022,PGR,0.913893
1022,PGRD,0.774376
1022,PGRDG,0.679762
1022,PGRDGS,0.687818
1022,PGRDGSP,0.700860
1022,PGRDGSPG,0.785190
1022,PGRDGSPGP,0.840867
1023,GR,0.021570
1023,GRD,0.001962
1023,GRDG,0.005571
1023,GRDGS,0.006633
1023,GRDGSP,0.021703
1023,GRDGSPG,0.785346
1023,GRDGSPGP,0.786696
1023,GRDGSPGPK,0.746478
1024,RDG,0.009408
1024,RDGS,0.006405
1024,RDGSP,0.013354
1024,RDGSPG,0.484393
1024,RDGSPGP,0.552295
1024,RDGSPGPK,0.639419
1024,RDGSPGPKG,0.556854
1025,DG,0.011460
1025,DGS,0.012444
1025,DGSP,0.026279
1025,DGSPG,0.794791
1025,DGSPGP,0.772514
1025,DGSPGPK,0.893548
1025,DGSPGPKG,0.871974
1025,DGSPGPKGD,0.790296
1026,GS,0.002503
1026,GSP,0.043271
1026,GSPG,0.932665
1026,GSPGP,0.847320
1026,GSPGPK,0.872091
1026,GSPGPKG,0.862716
1026,GSPGPKGD,0.942805
1026,GSPGPKGDR,0.922332
1027,SP,0.050931
1027,SPG,0.972697
1027,SPGP,0.865605
1027,SPGPK,0.797195
1027,SPGPKG,0.716866
1027,SPGPKGD,0.742174
1027,SPGPKGDR,0.670699
1027,SPGPKGDRG,0.771825
1028,PG,0.984215
1028,PGP,0.963309
1028,PGPK,0.891122
1028,PGPKG,0.768457
1028,PGPKGD,0.580251
1028,PGPKGDR,0.484288
1028,PGPKGDRG,0.922093
1028,PGPKGDRGE,0.958284
1029,GP,0.971328
1029,GPK,0.950919
1029,GPKG,0.748810
1029,GPKGD,0.663271
1029,GPKGDR,0.408136
1029,GPKGDRG,0.691960
1029,GPKGDRGE,0.850043
1029,GPKGDRGET,0.680544
1030,PK,0.004766
1030,PKG,0.009898
1030,PKGD,0.009343
1030,PKGDR,0.003097
1030,PKGDRG,0.007760
1030,PKGDRGE,0.011127
1030,PKGDRGET,0.015790
1030,PKGDRGETG,0.125418
1031,KG,0.000691
1031,KGD,0.005503
1031,KGDR,0.003588
1031,KGDRG,0.004070
1031,KGDRGE,0.003220
1031,KGDRGET,0.000936
1031,KGDRGETG,0.008698
1031,KGDRGETGP,0.545917
1032,GD,0.003753
1032,GDR,0.007321
1032,GDRG,0.019513
1032,GDRGE,0.011448
1032,GDRGET,0.001171
1032,GDRGETG,0.000825
1032,GDRGETGP,0.571016
1032,GDRGETGPA,0.644812
1033,DRG,0.007623
1033,DRGE,0.007909
1033,DRGET,0.001659
1033,DRGETG,0.002155
1033,DRGETGP,0.782941
1033,DRGETGPA,0.813985
1033,DRGETGPAG,0.766714
1034,RG,0.020423
1034,RGE,0.023495
1034,RGET,0.002682
1034,RGETG,0.003650
1034,RGETGP,0.873377
1034,RGETGPA,0.911904
1034,RGETGPAG,0.907993
1034,RGETGPAGP,0.887832
1035,GE,0.018801
1035,GET,0.007167
1035,GETG,0.014713
1035,GETGP,0.829125
1035,GETGPA,0.786316
1035,GETGPAG,0.771400
1035,GETGPAGP,0.854740
1035,GETGPAGPP,0.858203
1036,ETG,0.003703
1036,ETGP,0.769355
1036,ETGPA,0.534654
1036,ETGPAG,0.595675
1036,ETGPAGP,0.587731
1036,ETGPAGPP,0.648288
1036,ETGPAGPPG,0.538149
1037,TG,0.004370
1037,TGP,0.971638
1037,TGPA,0.894012
1037,TGPAG,0.889962
1037,TGPAGP,0.782968
1037,TGPAGPP,0.806145
1037,TGPAGPPG,0.861997
1037,TGPAGPPGA,0.833418
1038,GP,0.971328
1038,GPA,0.923298
1038,GPAG,0.878009
1038,GPAGP,0.757013
1038,GPAGPP,0.787428
1038,GPAGPPG,0.778573
1038,GPAGPPGA,0.629972
1038,GPAGPPGAP,0.686845
1039,PA,0.025900
1039,PAG,0.144925
1039,PAGP,0.763311
1039,PAGPP,0.744059
1039,PAGPPG,0.718038
1039,PAGPPGA,0.697641
1039,PAGPPGAP,0.660676
1039,PAGPPGAPG,0.582575
1040,AG,0.095042
1040,AGP,0.894527
1040,AGPP,0.753472
1040,AGPPG,0.732161
1040,AGPPGA,0.714953
1040,AGPPGAP,0.750750
1040,AGPPGAPG,0.768784
1040,AGPPGAPGA,0.738559
1041,GP,0.971328
1041,GPP,0.958167
1041,GPPG,0.931611
1041,GPPGA,0.815323
1041,GPPGAP,0.829689
1041,GPPGAPG,0.711614
1041,GPPGAPGA,0.809156
1041,GPPGAPGAP,0.745867
1042,PP,0.048185
1042,PPG,0.974962
1042,PPGA,0.843118
1042,PPGAP,0.830975
1042,PPGAPG,0.709718
1042,PPGAPGA,0.732403
1042,PPGAPGAP,0.707594
1042,PPGAPGAPG,0.698391
1043,PG,0.984215
1043,PGA,0.942234
1043,PGAP,0.878822
1043,PGAPG,0.797336
1043,PGAPGA,0.799143
1043,PGAPGAP,0.811860
1043,PGAPGAPG,0.849015
1043,PGAPGAPGA,0.788819
1044,GA,0.005258
1044,GAP,0.030559
1044,GAPG,0.875970
1044,GAPGA,0.865013
1044,GAPGAP,0.832174
1044,GAPGAPG,0.811628
1044,GAPGAPGA,0.850801
1044,GAPGAPGAP,0.748440
1045,AP,0.028599
1045,APG,0.936200
1045,APGA,0.777716
1045,APGAP,0.794601
1045,APGAPG,0.700761
1045,APGAPGA,0.736598
1045,APGAPGAP,0.733272
1045,APGAPGAPG,0.680807
1046,PG,0.984215
1046,PGA,0.942234
1046,PGAP,0.878822
1046,PGAPG,0.797336
1046,PGAPGA,0.799143
1046,PGAPGAP,0.811860
1046,PGAPGAPG,0.849015
1046,PGAPGAPGP,0.882435
1047,GA,0.005258
1047,GAP,0.030559
1047,GAPG,0.875970
1047,GAPGA,0.865013
1047,GAPGAP,0.832174
1047,GAPGAPG,0.811628
1047,GAPGAPGP,0.716214
1047,GAPGAPGPV,0.509693
1048,AP,0.028599
1048,APG,0.936200
1048,APGA,0.777716
1048,APGAP,0.794601
1048,APGAPG,0.700761
1048,APGAPGP,0.618266
1048,APGAPGPV,0.457977
1048,APGAPGPVG,0.427863
1049,PG,0.984215
1049,PGA,0.942234
1049,PGAP,0.878822
1049,PGAPG,0.797336
1049,PGAPGP,0.738354
1049,PGAPGPV,0.615509
1049,PGAPGPVG,0.642185
1049,PGAPGPVGP,0.464040
1050,GA,0.005258
1050,GAP,0.030559
1050,GAPG,0.875970
1050,GAPGP,0.750594
1050,GAPGPV,0.649051
1050,GAPGPVG,0.532571
1050,GAPGPVGP,0.373629
1050,GAPGPVGPA,0.505511
1051,AP,0.028599
1051,APG,0.936200
1051,APGP,0.742453
1051,APGPV,0.665206
1051,APGPVG,0.654913
1051,APGPVGP,0.543857
1051,APGPVGPA,0.547011
1051,APGPVGPAG,0.433028
1052,PG,0.984215
1052,PGP,0.963309
1052,PGPV,0.829443
1052,PGPVG,0.761224
1052,PGPVGP,0.748938
1052,PGPVGPA,0.825263
1052,PGPVGPAG,0.706083
1052,PGPVGPAGK,0.954001
1053,GP,0.971328
1053,GPV,0.890839
1053,GPVG,0.855109
1053,GPVGP,0.857816
1053,GPVGPA,0.763144
1053,GPVGPAG,0.622482
1053,GPVGPAGK,0.982690
1053,GPVGPAGKS,0.972143
1054,PV,0.016773
1054,PVG,0.043954
1054,PVGP,0.761954
1054,PVGPA,0.741351
1054,PVGPAG,0.663508
1054,PVGPAGK,0.823947
1054,PVGPAGKS,0.892529
1054,PVGPAGKSG,0.857154
1055,VG,0.007346
1055,VGP,0.945902
1055,VGPA,0.735759
1055,VGPAG,0.784458
1055,VGPAGK,0.728003
1055,VGPAGKS,0.762917
1055,VGPAGKSG,0.927234
1055,VGPAGKSGD,0.920671
1056,GP,0.971328
1056,GPA,0.923298
1056,GPAG,0.878009
1056,GPAGK,0.763234
1056,GPAGKS,0.608293
1056,GPAGKSG,0.811152
1056,GPAGKSGD,0.976741
1056,GPAGKSGDR,0.919629
1057,PA,0.025900
1057,PAG,0.144925
1057,PAGK,0.031138
1057,PAGKS,0.048090
1057,PAGKSG,0.067441
1057,PAGKSGD,0.107636
1057,PAGKSGDR,0.167927
1057,PAGKSGDRG,0.216857
1058,AG,0.095042
1058,AGK,0.028071
1058,AGKS,0.025397
1058,AGKSG,0.055354
1058,AGKSGD,0.025454
1058,AGKSGDR,0.015491
1058,AGKSGDRG,0.024907
1058,AGKSGDRGE,0.022524
1059,GK,0.000752
1059,GKS,0.002112
1059,GKSG,0.008889
1059,GKSGD,0.014036
1059,GKSGDR,0.008131
1059,GKSGDRG,0.009997
1059,GKSGDRGE,0.009261
1059,GKSGDRGEA,0.017593
1060,KSG,0.002733
1060,KSGD,0.012623
1060,KSGDR,0.003990
1060,KSGDRG,0.007621
1060,KSGDRGE,0.013290
1060,KSGDRGEA,0.010854
1060,KSGDRGEAG,0.017018
1061,SG,0.008336
1061,SGD,0.017276
1061,SGDR,0.021779
1061,SGDRG,0.024633
1061,SGDRGE,0.022307
1061,SGDRGEA,0.016765
1061,SGDRGEAG,0.028910
1061,SGDRGEAGP,0.822864
1062,GD,0.003753
1062,GDR,0.007321
1062,GDRG,0.019513
1062,GDRGE,0.011448
1062,GDRGEA,0.009452
1062,GDRGEAG,0.021971
1062,GDRGEAGP,0.641502
1062,GDRGEAGPA,0.708336
1063,DRG,0.007623
1063,DRGE,0.007909
1063,DRGEA,0.002495
1063,DRGEAG,0.025207
1063,DRGEAGP,0.617602
1063,DRGEAGPA,0.748641
1063,DRGEAGPAG,0.710641
1064,RG,0.020423
1064,RGE,0.023495
1064,RGEA,0.003655
1064,RGEAG,0.030312
1064,RGEAGP,0.785469
1064,RGEAGPA,0.849880
1064,RGEAGPAG,0.827262
1064,RGEAGPAGP,0.832791
1065,GE,0.018801
1065,GEA,0.001986
1065,GEAG,0.027268
1065,GEAGP,0.556080
1065,GEAGPA,0.523738
1065,GEAGPAG,0.489210
1065,GEAGPAGP,0.615371
1065,GEAGPAGPA,0.675589
1066,EAG,0.017773
1066,EAGP,0.829092
1066,EAGPA,0.533908
1066,EAGPAG,0.660278
1066,EAGPAGP,0.658225
1066,EAGPAGPA,0.615920
1066,EAGPAGPAG,0.650541
1067,AG,0.095042
1067,AGP,0.894527
1067,AGPA,0.747084
1067,AGPAG,0.767576
1067,AGPAGP,0.646286
1067,AGPAGPA,0.645407
1067,AGPAGPAG,0.646517
1067,AGPAGPAGP,0.611295
1068,GP,0.971328
1068,GPA,0.923298
1068,GPAG,0.878009
1068,GPAGP,0.757013
1068,GPAGPA,0.695653
1068,GPAGPAG,0.693753
1068,GPAGPAGP,0.758515
1068,GPAGPAGPI,0.901303
1069,PA,0.025900
1069,PAG,0.144925
1069,PAGP,0.763311
1069,PAGPA,0.754616
1069,PAGPAG,0.712740
1069,PAGPAGP,0.694370
1069,PAGPAGPI,0.859086
1069,PAGPAGPIG,0.853345
1070,AG,0.095042
1070,AGP,0.894527
1070,AGPA,0.747084
1070,AGPAG,0.767576
1070,AGPAGP,0.646286
1070,AGPAGPI,0.781250
1070,AGPAGPIG,0.845527
1070,AGPAGPIGP,0.847550
1071,GP,0.971328
1071,GPA,0.923298
1071,GPAG,0.878009
1071,GPAGP,0.757013
1071,GPAGPI,0.762021
1071,GPAGPIG,0.931730
1071,GPAGPIGP,0.970623
1071,GPAGPIGPV,0.958649
1072,PA,0.025900
1072,PAG,0.144925
1072,PAGP,0.763311
1072,PAGPI,0.750290
1072,PAGPIG,0.772904
1072,PAGPIGP,0.829206
1072,PAGPIGPV,0.799182
1072,PAGPIGPVG,0.902200
1073,AG,0.095042
1073,AGP,0.894527
1073,AGPI,0.723681
1073,AGPIG,0.807748
1073,AGPIGP,0.794434
1073,AGPIGPV,0.783978
1073,AGPIGPVG,0.931311
1073,AGPIGPVGA,0.766518
1074,GP,0.971328
1074,GPI,0.916292
1074,GPIG,0.914871
1074,GPIGP,0.922824
1074,GPIGPV,0.694145
1074,GPIGPVG,0.972125
1074,GPIGPVGA,0.972288
1074,GPIGPVGAR,0.953184
1075,PI,0.021418
1075,PIG,0.030440
1075,PIGP,0.897692
1075,PIGPV,0.774758
1075,PIGPVG,0.903195
1075,PIGPVGA,0.869086
1075,PIGPVGAR,0.803808
1075,PIGPVGARG,0.829125
1076,IG,0.008923
1076,IGP,0.965111
1076,IGPV,0.798324
1076,IGPVG,0.911411
1076,IGPVGA,0.882905
1076,IGPVGAR,0.729400
1076,IGPVGARG,0.831178
1076,IGPVGARGP,0.711727
1077,GP,0.971328
1077,GPV,0.890839
1077,GPVG,0.855109
1077,GPVGA,0.756850
1077,GPVGAR,0.759076
1077,GPVGARG,0.625015
1077,GPVGARGP,0.260681
1077,GPVGARGPA,0.440995
1078,PV,0.016773
1078,PVG,0.043954
1078,PVGA,0.031054
1078,PVGAR,0.021319
1078,PVGARG,0.017784
1078,PVGARGP,0.487358
1078,PVGARGPA,0.647636
1078,PVGARGPAG,0.574996
1079,VG,0.007346
1079,VGA,0.006198
1079,VGAR,0.005708
1079,VGARG,0.012683
1079,VGARGP,0.663493
1079,VGARGPA,0.838584
1079,VGARGPAG,0.828859
1079,VGARGPAGP,0.856601
1080,GA,0.005258
1080,GAR,0.004616
1080,GARG,0.025822
1080,GARGP,0.722964
1080,GARGPA,0.786663
1080,GARGPAG,0.770774
1080,GARGPAGP,0.679022
1080,GARGPAGPQ,0.730720
1081,ARG,0.040043
1081,ARGP,0.744911
1081,ARGPA,0.715496
1081,ARGPAG,0.738844
1081,ARGPAGP,0.680013
1081,ARGPAGPQ,0.681609
1081,ARGPAGPQG,0.747944
1082,RG,0.020423
1082,RGP,0.773900
1082,RGPA,0.731336
1082,RGPAG,0.734765
1082,RGPAGP,0.579927
1082,RGPAGPQ,0.668943
1082,RGPAGPQG,0.865124
1082,RGPAGPQGP,0.889450
1083,GP,0.971328
1083,GPA,0.923298
1083,GPAG,0.878009
1083,GPAGP,0.757013
1083,GPAGPQ,0.766972
1083,GPAGPQG,0.930151
1083,GPAGPQGP,0.963337
1083,GPAGPQGPR,0.923208
1084,PA,0.025900
1084,PAG,0.144925
1084,PAGP,0.763311
1084,PAGPQ,0.769953
1084,PAGPQG,0.782285
1084,PAGPQGP,0.783992
1084,PAGPQGPR,0.782912
1084,PAGPQGPRG,0.690172
1085,AG,0.095042
1085,AGP,0.894527
1085,AGPQ,0.773189
1085,AGPQG,0.840740
1085,AGPQGP,0.778111
1085,AGPQGPR,0.772045
1085,AGPQGPRG,0.772553
1085,AGPQGPRGD,0.761298
1086,GP,0.971328
1086,GPQ,0.932174
1086,GPQG,0.915791
1086,GPQGP,0.821075
1086,GPQGPR,0.779896
1086,GPQGPRG,0.818133
1086,GPQGPRGD,0.899106
1086,GPQGPRGDK,0.933683
1087,PQ,0.012361
1087,PQG,0.038976
1087,PQGP,0.841573
1087,PQGPR,0.688182
1087,PQGPRG,0.712980
1087,PQGPRGD,0.688424
1087,PQGPRGDK,0.677906
1087,PQGPRGDKG,0.863263
1088,QG,0.008637
1088,QGP,0.908988
1088,QGPR,0.681292
1088,QGPRG,0.668102
1088,QGPRGD,0.494508
1088,QGPRGDK,0.478301
1088,QGPRGDKG,0.917262
1088,QGPRGDKGE,0.920445
1089,GP,0.971328
1089,GPR,0.907705
1089,GPRG,0.742386
1089,GPRGD,0.658472
1089,GPRGDK,0.480823
1089,GPRGDKG,0.812870
1089,GPRGDKGE,0.857559
1089,GPRGDKGET,0.813905
1090,PR,0.007290
1090,PRG,0.041221
1090,PRGD,0.010691
1090,PRGDK,0.006815
1090,PRGDKG,0.037731
1090,PRGDKGE,0.037785
1090,PRGDKGET,0.035145
1090,PRGDKGETG,0.104439
1091,RG,0.020423
1091,RGD,0.014585
1091,RGDK,0.002443
1091,RGDKG,0.002774
1091,RGDKGE,0.003358
1091,RGDKGET,0.001983
1091,RGDKGETG,0.005531
1091,RGDKGETGE,0.007047
1092,GD,0.003753
1092,GDK,0.002728
1092,GDKG,0.004484
1092,GDKGE,0.002352
1092,GDKGET,0.002231
1092,GDKGETG,0.004161
1092,GDKGETGE,0.007169
1092,GDKGETGEQ,0.038978
1093,DKG,0.001166
1093,DKGE,0.001473
1093,DKGET,0.003268
1093,DKGETG,0.003009
1093,DKGETGE,0.004744
1093,DKGETGEQ,0.008183
1093,DKGETGEQG,0.043513
1094,KG,0.000691
1094,KGE,0.000539
1094,KGET,0.003742
1094,KGETG,0.002544
1094,KGETGE,0.002288
1094,KGETGEQ,0.003371
1094,KGETGEQG,0.083833
1094,KGETGEQGD,0.069325
1095,GE,0.018801
1095,GET,0.007167
1095,GETG,0.014713
1095,GETGE,0.017420
1095,GETGEQ,0.012460
1095,GETGEQG,0.011597
1095,GETGEQGD,0.003910
1095,GETGEQGDR,0.002942
1096,ETG,0.003703
1096,ETGE,0.004307
1096,ETGEQ,0.006574
1096,ETGEQG,0.006707
1096,ETGEQGD,0.005235
1096,ETGEQGDR,0.003033
1096,ETGEQGDRG,0.004219
1097,TG,0.004370
1097,TGE,0.004420
1097,TGEQ,0.019255
1097,TGEQG,0.008538
1097,TGEQGD,0.006860
1097,TGEQGDR,0.004409
1097,TGEQGDRG,0.004510
1097,TGEQGDRGI,0.002015
1098,GE,0.018801
1098,GEQ,0.008267
1098,GEQG,0.010089
1098,GEQGD,0.012647
1098,GEQGDR,0.006527
1098,GEQGDRG,0.006229
1098,GEQGDRGI,0.001174
1098,GEQGDRGIK,0.072959
1099,EQG,0.004594
1099,EQGD,0.011686
1099,EQGDR,0.006960
1099,EQGDRG,0.012315
1099,EQGDRGI,0.001354
1099,EQGDRGIK,0.001628
1099,EQGDRGIKG,0.003647
1100,QG,0.008637
1100,QGD,0.021851
1100,QGDR,0.012688
1100,QGDRG,0.014696
1100,QGDRGI,0.001893
1100,QGDRGIK,0.001524
1100,QGDRGIKG,0.035075
1100,QGDRGIKGH,0.003920
1101,GD,0.003753
1101,GDR,0.007321
1101,GDRG,0.019513
1101,GDRGI,0.000989
1101,GDRGIK,0.001012
1101,GDRGIKG,0.002761
1101,GDRGIKGH,0.000856
1101,GDRGIKGHR,0.001330
1102,DRG,0.007623
1102,DRGI,0.001228
1102,DRGIK,0.001753
1102,DRGIKG,0.000985
1102,DRGIKGH,0.000994
1102,DRGIKGHR,0.000564
1102,DRGIKGHRG,0.000494
1103,RG,0.020423
1103,RGI,0.001830
1103,RGIK,0.002051
1103,RGIKG,0.001270
1103,RGIKGH,0.001353
1103,RGIKGHR,0.000751
1103,RGIKGHRG,0.000771
1103,RGIKGHRGF,0.001175
1104,GI,0.003405
1104,GIK,0.005957
1104,GIKG,0.003452
1104,GIKGH,0.003336
1104,GIKGHR,0.001315
1104,GIKGHRG,0.001034
1104,GIKGHRGF,0.002023
1104,GIKGHRGFS,0.001649
1105,IKG,0.003792
1105,IKGH,0.004393
1105,IKGHR,0.001988
1105,IKGHRG,0.001606
1105,IKGHRGF,0.001490
1105,IKGHRGFS,0.001247
1105,IKGHRGFSG,0.001654
1106,KG,0.000691
1106,KGH,0.002479
1106,KGHR,0.002597
1106,KGHRG,0.003100
1106,KGHRGF,0.002779
1106,KGHRGFS,0.003097
1106,KGHRGFSG,0.005652
1106,KGHRGFSGL,0.015719
1107,GH,0.000691
1107,GHR,0.001239
1107,GHRG,0.003463
1107,GHRGF,0.005174
1107,GHRGFS,0.006025
1107,GHRGFSG,0.005640
1107,GHRGFSGL,0.014715
1107,GHRGFSGLQ,0.023712
1108,HRG,0.002266
1108,HRGF,0.005614
1108,HRGFS,0.004515
1108,HRGFSG,0.008327
1108,HRGFSGL,0.011637
1108,HRGFSGLQ,0.015498
1108,HRGFSGLQG,0.020865
1109,RG,0.020423
1109,RGF,0.006472
1109,RGFS,0.005180
1109,RGFSG,0.006082
1109,RGFSGL,0.005803
1109,RGFSGLQ,0.007856
1109,RGFSGLQG,0.009657
1109,RGFSGLQGP,0.955945
1110,GF,0.004443
1110,GFS,0.008725
1110,GFSG,0.018573
1110,GFSGL,0.021901
1110,GFSGLQ,0.031739
1110,GFSGLQG,0.033887
1110,GFSGLQGP,0.956794
1110,GFSGLQGPP,0.969090
1111,FSG,0.080350
1111,FSGL,0.100596
1111,FSGLQ,0.121407
1111,FSGLQG,0.313545
1111,FSGLQGP,0.932658
1111,FSGLQGPP,0.882347
1111,FSGLQGPPG,0.961372
1112,SG,0.008336
1112,SGL,0.022612
1112,SGLQ,0.017122
1112,SGLQG,0.018900
1112,SGLQGP,0.877704
1112,SGLQGPP,0.911466
1112,SGLQGPPG,0.968601
1112,SGLQGPPGP,0.973803
1113,GL,0.008947
1113,GLQ,0.008816
1113,GLQG,0.010588
1113,GLQGP,0.899426
1113,GLQGPP,0.920140
1113,GLQGPPG,0.981449
1113,GLQGPPGP,0.980370
1113,GLQGPPGPP,0.951875
1114,LQG,0.046439
1114,LQGP,0.914108
1114,LQGPP,0.822352
1114,LQGPPG,0.897333
1114,LQGPPGP,0.726578
1114,LQGPPGPP,0.755890
1114,LQGPPGPPG,0.872797
1115,QG,0.008637
1115,QGP,0.908988
1115,QGPP,0.814668
1115,QGPPG,0.820952
1115,QGPPGP,0.656159
1115,QGPPGPP,0.816639
1115,QGPPGPPG,0.859424
1115,QGPPGPPGS,0.685054
1116,GP,0.971328
1116,GPP,0.958167
1116,GPPG,0.931611
1116,GPPGP,0.819214
1116,GPPGPP,0.828238
1116,GPPGPPG,0.879996
1116,GPPGPPGS,0.801348
1116,GPPGPPGSP,0.912985
1117,PP,0.048185
1117,PPG,0.974962
1117,PPGP,0.865923
1117,PPGPP,0.862933
1117,PPGPPG,0.834135
1117,PPGPPGS,0.698451
1117,PPGPPGSP,0.892535
1117,PPGPPGSPG,0.720095
1118,PG,0.984215
1118,PGP,0.963309
1118,PGPP,0.924297
1118,PGPPG,0.877939
1118,PGPPGS,0.643248
1118,PGPPGSP,0.796624
1118,PGPPGSPG,0.731121
1118,PGPPGSPGE,0.562564
1119,GP,0.971328
1119,GPP,0.958167
1119,GPPG,0.931611
1119,GPPGS,0.769331
1119,GPPGSP,0.803486
1119,GPPGSPG,0.745167
1119,GPPGSPGE,0.705998
1119,GPPGSPGEQ,0.479058
1120,PP,0.048185
1120,PPG,0.974962
1120,PPGS,0.882036
1120,PPGSP,0.879178
1120,PPGSPG,0.638712
1120,PPGSPGE,0.669515
1120,PPGSPGEQ,0.512329
1120,PPGSPGEQG,0.346393
1121,PG,0.984215
1121,PGS,0.922391
1121,PGSP,0.910018
1121,PGSPG,0.809666
1121,PGSPGE,0.643849
1121,PGSPGEQ,0.543401
1121,PGSPGEQG,0.291410
1121,PGSPGEQGP,0.477103
1122,GS,0.002503
1122,GSP,0.043271
1122,GSPG,0.932665
1122,GSPGE,0.817765
1122,GSPGEQ,0.570560
1122,GSPGEQG,0.302703
1122,GSPGEQGP,0.295881
1122,GSPGEQGPS,0.355671
1123,SP,0.050931
1123,SPG,0.972697
1123,SPGE,0.804049
1123,SPGEQ,0.451291
1123,SPGEQG,0.330309
1123,SPGEQGP,0.329618
1123,SPGEQGPS,0.313736
1123,SPGEQGPSG,0.235058
1124,PG,0.984215
1124,PGE,0.864290
1124,PGEQ,0.756098
1124,PGEQG,0.632820
1124,PGEQGP,0.382709
1124,PGEQGPS,0.456949
1124,PGEQGPSG,0.336463
1124,PGEQGPSGA,0.452733
1125,GE,0.018801
1125,GEQ,0.008267
1125,GEQG,0.010089
1125,GEQGP,0.532887
1125,GEQGPS,0.539940
1125,GEQGPSG,0.520551
1125,GEQGPSGA,0.711422
1125,GEQGPSGAS,0.615781
1126,EQG,0.004594
1126,EQGP,0.852261
1126,EQGPS,0.589570
1126,EQGPSG,0.622692
1126,EQGPSGA,0.627495
1126,EQGPSGAS,0.571496
1126,EQGPSGASG,0.636512
1127,QG,0.008637
1127,QGP,0.908988
1127,QGPS,0.795128
1127,QGPSG,0.825917
1127,QGPSGA,0.763894
1127,QGPSGAS,0.725240
1127,QGPSGASG,0.877779
1127,QGPSGASGP,0.890283
1128,GP,0.971328
1128,GPS,0.956545
1128,GPSG,0.939171
1128,GPSGA,0.900093
1128,GPSGAS,0.856279
1128,GPSGASG,0.907950
1128,GPSGASGP,0.886783
1128,GPSGASGPA,0.840429
1129,PS,0.026360
1129,PSG,0.032505
1129,PSGA,0.032627
1129,PSGAS,0.020183
1129,PSGASG,0.048354
1129,PSGASGP,0.630140
1129,PSGASGPA,0.618278
1129,PSGASGPAG,0.610912
1130,SG,0.008336
1130,SGA,0.010239
1130,SGAS,0.008730
1130,SGASG,0.017341
1130,SGASGP,0.630369
1130,SGASGPA,0.631153
1130,SGASGPAG,0.735320
1130,SGASGPAGP,0.658489
1131,GA,0.005258
1131,GAS,0.006314
1131,GASG,0.022537
1131,GASGP,0.778106
1131,GASGPA,0.775617
1131,GASGPAG,0.786520
1131,GASGPAGP,0.594632
1131,GASGPAGPR,0.745878
1132,ASG,0.017936
1132,ASGP,0.759941
1132,ASGPA,0.599887
1132,ASGPAG,0.636099
1132,ASGPAGP,0.584071
1132,ASGPAGPR,0.708910
1132,ASGPAGPRG,0.667658
1133,SG,0.008336
1133,SGP,0.934996
1133,SGPA,0.682953
1133,SGPAG,0.679113
1133,SGPAGP,0.605444
1133,SGPAGPR,0.663408
1133,SGPAGPRG,0.627152
1133,SGPAGPRGP,0.600139
1134,GP,0.971328
1134,GPA,0.923298
1134,GPAG,0.878009
1134,GPAGP,0.757013
1134,GPAGPR,0.706984
1134,GPAGPRG,0.675731
1134,GPAGPRGP,0.637464
1134,GPAGPRGPP,0.640634
1135,PA,0.025900
1135,PAG,0.144925
1135,PAGP,0.763311
1135,PAGPR,0.783524
1135,PAGPRG,0.750059
1135,PAGPRGP,0.617606
1135,PAGPRGPP,0.609947
1135,PAGPRGPPG,0.555915
1136,AG,0.095042
1136,AGP,0.894527
1136,AGPR,0.805009
1136,AGPRG,0.752093
1136,AGPRGP,0.617550
1136,AGPRGPP,0.645160
1136,AGPRGPPG,0.640702
1136,AGPRGPPGS,0.634482
1137,GP,0.971328
1137,GPR,0.907705
1137,GPRG,0.742386
1137,GPRGP,0.704775
1137,GPRGPP,0.721786
1137,GPRGPPG,0.750221
1137,GPRGPPGS,0.606923
1137,GPRGPPGSA,0.669537
1138,PR,0.007290
1138,PRG,0.041221
1138,PRGP,0.665405
1138,PRGPP,0.566782
1138,PRGPPG,0.605451
1138,PRGPPGS,0.559084
1138,PRGPPGSA,0.739049
1138,PRGPPGSAG,0.714608
1139,RG,0.020423
1139,RGP,0.773900
1139,RGPP,0.568077
1139,RGPPG,0.583036
1139,RGPPGS,0.485566
1139,RGPPGSA,0.673774
1139,RGPPGSAG,0.662061
1139,RGPPGSAGA,0.699997
1140,GP,0.971328
1140,GPP,0.958167
1140,GPPG,0.931611
1140,GPPGS,0.769331
1140,GPPGSA,0.728035
1140,GPPGSAG,0.716746
1140,GPPGSAGA,0.829255
1140,GPPGSAGAP,0.810481
1141,PP,0.048185
1141,PPG,0.974962
1141,PPGS,0.882036
1141,PPGSA,0.824829
1141,PPGSAG,0.745835
1141,PPGSAGA,0.764663
1141,PPGSAGAP,0.778358
1141,PPGSAGAPG,0.728614
1142,PG,0.984215
1142,PGS,0.922391
1142,PGSA,0.867115
1142,PGSAG,0.757045
1142,PGSAGA,0.738123
1142,PGSAGAP,0.780434
1142,PGSAGAPG,0.821038
1142,PGSAGAPGK,0.738767
1143,GS,0.002503
1143,GSA,0.005531
1143,GSAG,0.033763
1143,GSAGA,0.033008
1143,GSAGAP,0.020115
1143,GSAGAPG,0.814585
1143,GSAGAPGK,0.257270
1143,GSAGAPGKD,0.857132
1144,SAG,0.016527
1144,SAGA,0.014188
1144,SAGAP,0.017435
1144,SAGAPG,0.659438
1144,SAGAPGK,0.249837
1144,SAGAPGKD,0.834619
1144,SAGAPGKDG,0.822852
1145,AG,0.095042
1145,AGA,0.020969
1145,AGAP,0.028611
1145,AGAPG,0.806048
1145,AGAPGK,0.673944
1145,AGAPGKD,0.877168
1145,AGAPGKDG,0.912165
1145,AGAPGKDGL,0.956377
1146,GA,0.005258
1146,GAP,0.030559
1146,GAPG,0.875970
1146,GAPGK,0.713944
1146,GAPGKD,0.810294
1146,GAPGKDG,0.784911
1146,GAPGKDGL,0.922197
1146,GAPGKDGLN,0.612428
1147,AP,0.028599
1147,APG,0.936200
1147,APGK,0.804937
1147,APGKD,0.744325
1147,APGKDG,0.713273
1147,APGKDGL,0.882783
1147,APGKDGLN,0.771950
1147,APGKDGLNG,0.798846
1148,PG,0.984215
1148,PGK,0.991866
1148,PGKD,0.961924
1148,PGKDG,0.909580
1148,PGKDGL,0.925678
1148,PGKDGLN,0.925873
1148,PGKDGLNG,0.931336
1148,PGKDGLNGL,0.959880
1149,GK,0.000752
1149,GKD,0.001257
1149,GKDG,0.002811
1149,GKDGL,0.014360
1149,GKDGLN,0.008225
1149,GKDGLNG,0.017284
1149,GKDGLNGL,0.017939
1149,GKDGLNGLP,0.435277
1150,KDG,0.002680
1150,KDGL,0.033978
1150,KDGLN,0.009207
1150,KDGLNG,0.019517
1150,KDGLNGL,0.032986
1150,KDGLNGLP,0.024096
1150,KDGLNGLPG,0.842662
1151,DG,0.011460
1151,DGL,0.016613
1151,DGLN,0.012028
1151,DGLNG,0.012145
1151,DGLNGL,0.009182
1151,DGLNGLP,0.012642
1151,DGLNGLPG,0.931749
1151,DGLNGLPGP,0.969773
1152,GL,0.008947
1152,GLN,0.020932
1152,GLNG,0.023855
1152,GLNGL,0.016536
1152,GLNGLP,0.009523
1152,GLNGLPG,0.863635
1152,GLNGLPGP,0.731982
1152,GLNGLPGPI,0.887300
1153,LNG,0.032202
1153,LNGL,0.016572
1153,LNGLP,0.017350
1153,LNGLPG,0.863690
1153,LNGLPGP,0.574040
1153,LNGLPGPI,0.821187
1153,LNGLPGPIG,0.893276
1154,NG,0.005985
1154,NGL,0.016395
1154,NGLP,0.010636
1154,NGLPG,0.692497
1154,NGLPGP,0.565885
1154,NGLPGPI,0.756278
1154,NGLPGPIG,0.873701
1154,NGLPGPIGP,0.892989
1155,GL,0.008947
1155,GLP,0.026638
1155,GLPG,0.936475
1155,GLPGP,0.791989
1155,GLPGPI,0.848786
1155,GLPGPIG,0.909954
1155,GLPGPIGP,0.978494
1155,GLPGPIGPP,0.964193
1156,LP,0.022451
1156,LPG,0.979919
1156,LPGP,0.815778
1156,LPGPI,0.790295
1156,LPGPIG,0.843481
1156,LPGPIGP,0.931083
1156,LPGPIGPP,0.949835
1156,LPGPIGPPG,0.888753
1157,PG,0.984215
1157,PGP,0.963309
1157,PGPI,0.915704
1157,PGPIG,0.875546
1157,PGPIGP,0.911469
1157,PGPIGPP,0.946068
1157,PGPIGPPG,0.941647
1157,PGPIGPPGP,0.939815
1158,GP,0.971328
1158,GPI,0.916292
1158,GPIG,0.914871
1158,GPIGP,0.922824
1158,GPIGPP,0.953757
1158,GPIGPPG,0.966814
1158,GPIGPPGP,0.967520
1158,GPIGPPGPR,0.968171
1159,PI,0.021418
1159,PIG,0.030440
1159,PIGP,0.897692
1159,PIGPP,0.901320
1159,PIGPPG,0.895775
1159,PIGPPGP,0.880467
1159,PIGPPGPR,0.863006
1159,PIGPPGPRG,0.834148
1160,IG,0.008923
1160,IGP,0.965111
1160,IGPP,0.803906
1160,IGPPG,0.787737
1160,IGPPGP,0.724341
1160,IGPPGPR,0.803398
1160,IGPPGPRG,0.858993
1160,IGPPGPRGR,0.766343
1161,GP,0.971328
1161,GPP,0.958167
1161,GPPG,0.931611
1161,GPPGP,0.819214
1161,GPPGPR,0.740486
1161,GPPGPRG,0.710884
1161,GPPGPRGR,0.622134
1161,GPPGPRGRT,0.544871
1162,PP,0.048185
1162,PPG,0.974962
1162,PPGP,0.865923
1162,PPGPR,0.773176
1162,PPGPRG,0.734156
1162,PPGPRGR,0.641578
1162,PPGPRGRT,0.704578
1162,PPGPRGRTG,0.717678
1163,PG,0.984215
1163,PGP,0.963309
1163,PGPR,0.875017
1163,PGPRG,0.808397
1163,PGPRGR,0.722291
1163,PGPRGRT,0.711880
1163,PGPRGRTG,0.743045
1163,PGPRGRTGD,0.686865
1164,GP,0.971328
1164,GPR,0.907705
1164,GPRG,0.742386
1164,GPRGR,0.512610
1164,GPRGRT,0.450160
1164,GPRGRTG,0.603058
1164,GPRGRTGD,0.701216
1164,GPRGRTGDA,0.865474
1165,PR,0.007290
1165,PRG,0.041221
1165,PRGR,0.023601
1165,PRGRT,0.007636
1165,PRGRTG,0.046867
1165,PRGRTGD,0.074599
1165,PRGRTGDA,0.029314
1165,PRGRTGDAG,0.041614
1166,RG,0.020423
1166,RGR,0.038978
1166,RGRT,0.001406
1166,RGRTG,0.001734
1166,RGRTGD,0.000994
1166,RGRTGDA,0.001791
1166,RGRTGDAG,0.006356
1166,RGRTGDAGP,0.746104
1167,GR,0.021570
1167,GRT,0.002561
1167,GRTG,0.004092
1167,GRTGD,0.009500
1167,GRTGDA,0.012499
1167,GRTGDAG,0.027381
1167,GRTGDAGP,0.796709
1167,GRTGDAGPV,0.320569
1168,RTG,0.002096
1168,RTGD,0.006737
1168,RTGDA,0.007091
1168,RTGDAG,0.028221
1168,RTGDAGP,0.671249
1168,RTGDAGPV,0.245200
1168,RTGDAGPVG,0.290022
1169,TG,0.004370
1169,TGD,0.013600
1169,TGDA,0.016252
1169,TGDAG,0.029331
1169,TGDAGP,0.733586
1169,TGDAGPV,0.385108
1169,TGDAGPVG,0.660756
1169,TGDAGPVGP,0.769759
1170,GD,0.003753
1170,GDA,0.004970
1170,GDAG,0.106931
1170,GDAGP,0.775688
1170,GDAGPV,0.254355
1170,GDAGPVG,0.304366
1170,GDAGPVGP,0.306123
1170,GDAGPVGPP,0.348675
1171,DAG,0.042180
1171,DAGP,0.878634
1171,DAGPV,0.533473
1171,DAGPVG,0.651416
1171,DAGPVGP,0.634319
1171,DAGPVGPP,0.572062
1171,DAGPVGPPG,0.456843
1172,AG,0.095042
1172,AGP,0.894527
1172,AGPV,0.644187
1172,AGPVG,0.647834
1172,AGPVGP,0.557073
1172,AGPVGPP,0.573755
1172,AGPVGPPG,0.439077
1172,AGPVGPPGP,0.502338
1173,GP,0.971328
1173,GPV,0.890839
1173,GPVG,0.855109
1173,GPVGP,0.857816
1173,GPVGPP,0.795065
1173,GPVGPPG,0.829554
1173,GPVGPPGP,0.438835
1173,GPVGPPGPP,0.640797
1174,PV,0.016773
1174,PVG,0.043954
1174,PVGP,0.761954
1174,PVGPP,0.728764
1174,PVGPPG,0.717537
1174,PVGPPGP,0.459325
1174,PVGPPGPP,0.519499
1174,PVGPPGPPG,0.580546
1175,VG,0.007346
1175,VGP,0.945902
1175,VGPP,0.873610
1175,VGPPG,0.746024
1175,VGPPGP,0.693056
1175,VGPPGPP,0.770018
1175,VGPPGPPG,0.766491
1175,VGPPGPPGP,0.597078
1176,GP,0.971328
1176,GPP,0.958167
1176,GPPG,0.931611
1176,GPPGP,0.819214
1176,GPPGPP,0.828238
1176,GPPGPPG,0.879996
1176,GPPGPPGP,0.713947
1176,GPPGPPGPP,0.739674
1177,PP,0.048185
1177,PPG,0.974962
1177,PPGP,0.865923
1177,PPGPP,0.862933
1177,PPGPPG,0.834135
1177,PPGPPGP,0.771523
1177,PPGPPGPP,0.685930
1177,PPGPPGPPG,0.509513
1178,PG,0.984215
1178,PGP,0.963309
1178,PGPP,0.924297
1178,PGPPG,0.877939
1178,PGPPGP,0.774884
1178,PGPPGPP,0.799673
1178,PGPPGPPG,0.698014
1178,PGPPGPPGP,0.599319
1179,GP,0.971328
1179,GPP,0.958167
1179,GPPG,0.931611
1179,GPPGP,0.819214
1179,GPPGPP,0.828238
1179,GPPGPPG,0.879996
1179,GPPGPPGP,0.713947
1179,GPPGPPGPP,0.739674
1180,PP,0.048185
1180,PPG,0.974962
1180,PPGP,0.865923
1180,PPGPP,0.862933
1180,PPGPPG,0.834135
1180,PPGPPGP,0.771523
1180,PPGPPGPP,0.685930
1180,PPGPPGPPG,0.509513
1181,PG,0.984215
1181,PGP,0.963309
1181,PGPP,0.924297
1181,PGPPG,0.877939
1181,PGPPGP,0.774884
1181,PGPPGPP,0.799673
1181,PGPPGPPG,0.698014
1181,PGPPGPPGP,0.599319
1182,GP,0.971328
1182,GPP,0.958167
1182,GPPG,0.931611
1182,GPPGP,0.819214
1182,GPPGPP,0.828238
1182,GPPGPPG,0.879996
1182,GPPGPPGP,0.713947
1182,GPPGPPGPP,0.739674
1183,PP,0.048185
1183,PPG,0.974962
1183,PPGP,0.865923
1183,PPGPP,0.862933
1183,PPGPPG,0.834135
1183,PPGPPGP,0.771523
1183,PPGPPGPP,0.685930
1183,PPGPPGPPS,0.744378
1184,PG,0.984215
1184,PGP,0.963309
1184,PGPP,0.924297
1184,PGPPG,0.877939
1184,PGPPGP,0.774884
1184,PGPPGPP,0.799673
1184,PGPPGPPS,0.833294
1184,PGPPGPPSA,0.854691
1185,GP,0.971328
1185,GPP,0.958167
1185,GPPG,0.931611
1185,GPPGP,0.819214
1185,GPPGPP,0.828238
1185,GPPGPPS,0.884112
1185,GPPGPPSA,0.856190
1185,GPPGPPSAG,0.794478
1186,PP,0.048185
1186,PPG,0.974962
1186,PPGP,0.865923
1186,PPGPP,0.862933
1186,PPGPPS,0.838979
1186,PPGPPSA,0.785819
1186,PPGPPSAG,0.796215
1186,PPGPPSAGF,0.730837
1187,PG,0.984215
1187,PGP,0.963309
1187,PGPP,0.924297
1187,PGPPS,0.866654
1187,PGPPSA,0.750039
1187,PGPPSAG,0.810210
1187,PGPPSAGF,0.687216
1187,PGPPSAGFD,0.806919
1188,GP,0.971328
1188,GPP,0.958167
1188,GPPS,0.778656
1188,GPPSA,0.777860
1188,GPPSAG,0.802594
1188,GPPSAGF,0.732158
1188,GPPSAGFD,0.898437
1188,GPPSAGFDF,0.896674
1189,PP,0.048185
1189,PPS,0.026561
1189,PPSA,0.015271
1189,PPSAG,0.175535
1189,PPSAGF,0.133958
1189,PPSAGFD,0.088230
1189,PPSAGFDF,0.017781
1189,PPSAGFDFS,0.026270
1190,PS,0.026360
1190,PSA,0.021338
1190,PSAG,0.053960
1190,PSAGF,0.079254
1190,PSAGFD,0.023969
1190,PSAGFDF,0.009360
1190,PSAGFDFS,0.011412
1190,PSAGFDFSF,0.008850
1191,SAG,0.016527
1191,SAGF,0.009050
1191,SAGFD,0.005413
1191,SAGFDF,0.003270
1191,SAGFDFS,0.004512
1191,SAGFDFSF,0.002320
1191,SAGFDFSFL,0.003560
1192,AG,0.095042
1192,AGF,0.014803
1192,AGFD,0.005202
1192,AGFDF,0.002215
1192,AGFDFS,0.003089
1192,AGFDFSF,0.001669
1192,AGFDFSFL,0.001568
1192,AGFDFSFLP,0.011340
1193,GF,0.004443
1193,GFD,0.004214
1193,GFDF,0.000851
1193,GFDFS,0.001353
1193,GFDFSF,0.000586
1193,GFDFSFL,0.000627
1193,GFDFSFLP,0.002654
1193,GFDFSFLPQ,0.007804
1194,FDFSFLP,0.003344
1194,FDFSFLPQ,0.006888
1194,FDFSFLPQP,0.015905
1195,DFSFLP,0.004543
1195,DFSFLPQ,0.017135
1195,DFSFLPQP,0.013326
1195,DFSFLPQPP,0.008752
1196,FSFLP,0.005815
1196,FSFLPQ,0.018419
1196,FSFLPQP,0.010430
1196,FSFLPQPP,0.003975
1196,FSFLPQPPQ,0.005177
1197,SFLP,0.013892
1197,SFLPQ,0.019196
1197,SFLPQP,0.016162
1197,SFLPQPP,0.008525
1197,SFLPQPPQ,0.007916
1197,SFLPQPPQE,0.009339
1198,FLP,0.019445
1198,FLPQ,0.017072
1198,FLPQP,0.013389
1198,FLPQPP,0.007216
1198,FLPQPPQ,0.005594
1198,FLPQPPQE,0.007976
1198,FLPQPPQEK,0.012089
1199,LP,0.022451
1199,LPQ,0.024017
1199,LPQP,0.019340
1199,LPQPP,0.012863
1199,LPQPPQ,0.006220
1199,LPQPPQE,0.005546
1199,LPQPPQEK,0.009141
1199,LPQPPQEKS,0.012708
1200,PQ,0.012361
1200,PQP,0.019530
1200,PQPP,0.028852
1200,PQPPQ,0.012544
1200,PQPPQE,0.008662
1200,PQPPQEK,0.010435
1200,PQPPQEKS,0.010833
1200,PQPPQEKSH,0.010283
1201,QP,0.031039
1201,QPP,0.027344
1201,QPPQ,0.010357
1201,QPPQE,0.009117
1201,QPPQEK,0.013514
1201,QPPQEKS,0.011292
1201,QPPQEKSH,0.008936
1201,QPPQEKSHD,0.011614
1202,PP,0.048185
1202,PPQ,0.016420
1202,PPQE,0.025920
1202,PPQEK,0.027493
1202,PPQEKS,0.020279
1202,PPQEKSH,0.011121
1202,PPQEKSHD,0.014334
1202,PPQEKSHDG,0.035842
1203,PQ,0.012361
1203,PQE,0.017845
1203,PQEK,0.009297
1203,PQEKS,0.014825
1203,PQEKSH,0.008554
1203,PQEKSHD,0.010536
1203,PQEKSHDG,0.022275
1203,PQEKSHDGG,0.101336
1204,QEKSHDG,0.007769
1204,QEKSHDGG,0.050406
1204,QEKSHDGGR,0.027092
1205,EKSHDG,0.005582
1205,EKSHDGG,0.042751
1205,EKSHDGGR,0.024883
1205,EKSHDGGRY,0.042982
1206,KSHDG,0.003910
1206,KSHDGG,0.027444
1206,KSHDGGR,0.010448
1206,KSHDGGRY,0.011519
1206,KSHDGGRYY,0.019069
1207,SHDG,0.013530
1207,SHDGG,0.044489
1207,SHDGGR,0.018926
1207,SHDGGRY,0.011321
1207,SHDGGRYY,0.025294
1207,SHDGGRYYR,0.019425
1208,HDG,0.010277
1208,HDGG,0.023778
1208,HDGGR,0.011325
1208,HDGGRY,0.005516
1208,HDGGRYY,0.014074
1208,HDGGRYYR,0.009538
1208,HDGGRYYRA,0.039275
1209,DG,0.011460
1209,DGG,0.026494
1209,DGGR,0.019918
1209,DGGRY,0.003408
1209,DGGRYY,0.006492
1209,DGGRYYR,0.004175
1209,DGGRYYRA,0.019412
1209,DGGRYYRAD,0.031252
1210,GG,0.071735
1210,GGR,0.095854
1210,GGRY,0.007436
1210,GGRYY,0.021424
1210,GGRYYR,0.017336
1210,GGRYYRA,0.031781
1210,GGRYYRAD,0.076793
1210,GGRYYRADD,0.025673
1211,GR,0.021570
1211,GRY,0.003429
1211,GRYY,0.006822
1211,GRYYR,0.003575
1211,GRYYRA,0.002624
1211,GRYYRAD,0.002865
1211,GRYYRADD,0.001908
1211,GRYYRADDA,0.003585
1238,QQIENIRSP,0.052352
1239,QIENIRSP,0.033848
1239,QIENIRSPE,0.038593
1240,IENIRSP,0.013794
1240,IENIRSPE,0.022536
1240,IENIRSPEG,0.030597
1241,ENIRSP,0.014597
1241,ENIRSPE,0.024238
1241,ENIRSPEG,0.040205
1241,ENIRSPEGS,0.045503
1242,NIRSP,0.010548
1242,NIRSPE,0.020140
1242,NIRSPEG,0.022217
1242,NIRSPEGS,0.022540
1242,NIRSPEGSR,0.016391
1243,IRSP,0.013093
1243,IRSPE,0.017463
1243,IRSPEG,0.032917
1243,IRSPEGS,0.025153
1243,IRSPEGSR,0.021448
1243,IRSPEGSRK,0.021859
1244,RSP,0.008877
1244,RSPE,0.011818
1244,RSPEG,0.027654
1244,RSPEGS,0.022010
1244,RSPEGSR,0.018408
1244,RSPEGSRK,0.010171
1244,RSPEGSRKN,0.009413
1245,SP,0.050931
1245,SPE,0.050068
1245,SPEG,0.137377
1245,SPEGS,0.050658
1245,SPEGSR,0.033154
1245,SPEGSRK,0.020873
1245,SPEGSRKN,0.020009
1245,SPEGSRKNP,0.036323
1246,PE,0.024438
1246,PEG,0.048657
1246,PEGS,0.051446
1246,PEGSR,0.016518
1246,PEGSRK,0.011711
1246,PEGSRKN,0.006655
1246,PEGSRKNP,0.013745
1246,PEGSRKNPA,0.015197
1247,EG,0.034172
1247,EGS,0.007742
1247,EGSR,0.003936
1247,EGSRK,0.001265
1247,EGSRKN,0.001702
1247,EGSRKNP,0.008605
1247,EGSRKNPA,0.012487
1247,EGSRKNPAR,0.010263
1248,GS,0.002503
1248,GSR,0.002099
1248,GSRK,0.001162
1248,GSRKN,0.001278
1248,GSRKNP,0.008998
1248,GSRKNPA,0.010405
1248,GSRKNPAR,0.007877
1248,GSRKNPART,0.012092
1249,SRKNP,0.006429
1249,SRKNPA,0.007752
1249,SRKNPAR,0.004865
1249,SRKNPART,0.004433
1249,SRKNPARTC,0.003168
1250,RKNP,0.005886
1250,RKNPA,0.007989
1250,RKNPAR,0.003359
1250,RKNPART,0.002451
1250,RKNPARTC,0.002156
1250,RKNPARTCR,0.002374
1251,KNP,0.018150
1251,KNPA,0.019052
1251,KNPAR,0.007493
1251,KNPART,0.006578
1251,KNPARTC,0.003296
1251,KNPARTCR,0.002663
1251,KNPARTCRD,0.004486
1252,NP,0.037510
1252,NPA,0.035902
1252,NPAR,0.010745
1252,NPART,0.013038
1252,NPARTC,0.006279
1252,NPARTCR,0.005412
1252,NPARTCRD,0.008484
1252,NPARTCRDL,0.010409
1253,PA,0.025900
1253,PAR,0.007368
1253,PART,0.008261
1253,PARTC,0.004997
1253,PARTCR,0.003780
1253,PARTCRD,0.002556
1253,PARTCRDL,0.003030
1253,PARTCRDLK,0.006392
1262,MCHSDWKSG,0.003935
1263,CHSDWKSG,0.005820
1263,CHSDWKSGE,0.007500
1264,HSDWKSG,0.006547
1264,HSDWKSGE,0.008710
1264,HSDWKSGEY,0.012313
1265,SDWKSG,0.009461
1265,SDWKSGE,0.009284
1265,SDWKSGEY,0.009304
1265,SDWKSGEYW,0.014391
1266,DWKSG,0.006127
1266,DWKSGE,0.007481
1266,DWKSGEY,0.006221
1266,DWKSGEYW,0.010737
1266,DWKSGEYWI,0.010748
1267,WKSG,0.009810
1267,WKSGE,0.016786
1267,WKSGEY,0.010190
1267,WKSGEYW,0.011258
1267,WKSGEYWI,0.015178
1267,WKSGEYWID,0.010990
1268,KSG,0.002733
1268,KSGE,0.004609
1268,KSGEY,0.005699
1268,KSGEYW,0.006329
1268,KSGEYWI,0.005293
1268,KSGEYWID,0.003358
1268,KSGEYWIDP,0.110705
1269,SG,0.008336
1269,SGE,0.021723
1269,SGEY,0.022271
1269,SGEYW,0.011983
1269,SGEYWI,0.004004
1269,SGEYWID,0.002227
1269,SGEYWIDP,0.022466
1269,SGEYWIDPN,0.059140
1270,GE,0.018801
1270,GEY,0.008834
1270,GEYW,0.004186
1270,GEYWI,0.002087
1270,GEYWID,0.001228
1270,GEYWIDP,0.019227
1270,GEYWIDPN,0.066480
1270,GEYWIDPNQ,0.052858
1271,EYWIDP,0.018857
1271,EYWIDPN,0.124461
1271,EYWIDPNQ,0.053131
1271,EYWIDPNQG,0.045679
1272,YWIDP,0.013958
1272,YWIDPN,0.049219
1272,YWIDPNQ,0.027981
1272,YWIDPNQG,0.029298
1272,YWIDPNQGC,0.027532
1273,WIDP,0.032621
1273,WIDPN,0.042677
1273,WIDPNQ,0.019902
1273,WIDPNQG,0.016718
1273,WIDPNQGC,0.014956
1273,WIDPNQGCN,0.023136
1274,IDP,0.025799
1274,IDPN,0.023227
1274,IDPNQ,0.009643
1274,IDPNQG,0.009387
1274,IDPNQGC,0.007135
1274,IDPNQGCN,0.007095
1274,IDPNQGCNL,0.013201
1275,DP,0.021965
1275,DPN,0.031754
1275,DPNQ,0.011329
1275,DPNQG,0.007361
1275,DPNQGC,0.005447
1275,DPNQGCN,0.004718
1275,DPNQGCNL,0.006738
1275,DPNQGCNLD,0.011282
1276,PN,0.018846
1276,PNQ,0.017636
1276,PNQG,0.065321
1276,PNQGC,0.017052
1276,PNQGCN,0.014694
1276,PNQGCNL,0.010854
1276,PNQGCNLD,0.012022
1276,PNQGCNLDA,0.012049
1277,NQG,0.003061
1277,NQGC,0.001527
1277,NQGCN,0.000998
1277,NQGCNL,0.002147
1277,NQGCNLD,0.002427
1277,NQGCNLDA,0.004353
1277,NQGCNLDAI,0.006379
1278,QG,0.008637
1278,QGC,0.004827
1278,QGCN,0.006380
1278,QGCNL,0.011713
1278,QGCNLD,0.009198
1278,QGCNLDA,0.006677
1278,QGCNLDAI,0.009938
1278,QGCNLDAIK,0.011079
1279,GC,0.000948
1279,GCN,0.002542
1279,GCNL,0.004089
1279,GCNLD,0.002128
1279,GCNLDA,0.002526
1279,GCNLDAI,0.002470
1279,GCNLDAIK,0.004573
1279,GCNLDAIKV,0.005121
1286,KVFCNMETG,0.002697
1287,VFCNMETG,0.003656
1287,VFCNMETGE,0.005364
1288,FCNMETG,0.003425
1288,FCNMETGE,0.004287
1288,FCNMETGET,0.004971
1289,CNMETG,0.006794
1289,CNMETGE,0.006729
1289,CNMETGET,0.005729
1289,CNMETGETC,0.002616
1290,NMETG,0.005428
1290,NMETGE,0.004302
1290,NMETGET,0.004773
1290,NMETGETC,0.002245
1290,NMETGETCV,0.003753
1291,METG,0.012482
1291,METGE,0.011666
1291,METGET,0.007278
1291,METGETC,0.001267
1291,METGETCV,0.001971
1291,METGETCVY,0.004175
1292,ETG,0.003703
1292,ETGE,0.004307
1292,ETGET,0.005294
1292,ETGETC,0.000546
1292,ETGETCV,0.001468
1292,ETGETCVY,0.004541
1292,ETGETCVYP,0.074022
1293,TG,0.004370
1293,TGE,0.004420
1293,TGET,0.012666
1293,TGETC,0.002712
1293,TGETCV,0.004490
1293,TGETCVY,0.007730
1293,TGETCVYP,0.022494
1293,TGETCVYPT,0.025808
1294,GE,0.018801
1294,GET,0.007167
1294,GETC,0.001636
1294,GETCV,0.001871
1294,GETCVY,0.001822
1294,GETCVYP,0.007283
1294,GETCVYPT,0.016472
1294,GETCVYPTQ,0.025474
1295,ETCVYP,0.004047
1295,ETCVYPT,0.018836
1295,ETCVYPTQ,0.021035
1295,ETCVYPTQP,0.017736
1296,TCVYP,0.004087
1296,TCVYPT,0.008645
1296,TCVYPTQ,0.010172
1296,TCVYPTQP,0.009160
1296,TCVYPTQPQ,0.012548
1297,CVYP,0.004515
1297,CVYPT,0.008018
1297,CVYPTQ,0.011028
1297,CVYPTQP,0.009054
1297,CVYPTQPQ,0.008913
1297,CVYPTQPQV,0.012568
1298,VYP,0.008997
1298,VYPT,0.011253
1298,VYPTQ,0.011776
1298,VYPTQP,0.008428
1298,VYPTQPQ,0.006651
1298,VYPTQPQV,0.009160
1298,VYPTQPQVA,0.014466
1299,YP,0.022688
1299,YPT,0.020714
1299,YPTQ,0.013169
1299,YPTQP,0.014362
1299,YPTQPQ,0.011254
1299,YPTQPQV,0.012705
1299,YPTQPQVA,0.019395
1299,YPTQPQVAQ,0.019782
1300,PT,0.009239
1300,PTQ,0.006611
1300,PTQP,0.011402
1300,PTQPQ,0.009752
1300,PTQPQV,0.009440
1300,PTQPQVA,0.010782
1300,PTQPQVAQ,0.008509
1300,PTQPQVAQK,0.012385
1301,TQP,0.014690
1301,TQPQ,0.009903
1301,TQPQV,0.009030
1301,TQPQVA,0.013782
1301,TQPQVAQ,0.008575
1301,TQPQVAQK,0.008335
1301,TQPQVAQKN,0.009868
1302,QP,0.031039
1302,QPQ,0.025130
1302,QPQV,0.019320
1302,QPQVA,0.038255
1302,QPQVAQ,0.026034
1302,QPQVAQK,0.017934
1302,QPQVAQKN,0.019059
1302,QPQVAQKNW,0.036457
1303,PQ,0.012361
1303,PQV,0.012659
1303,PQVA,0.011076
1303,PQVAQ,0.013996
1303,PQVAQK,0.012776
1303,PQVAQKN,0.012429
1303,PQVAQKNW,0.017104
1303,PQVAQKNWY,0.021565
1308,KNWYISKNP,0.026931
1309,NWYISKNP,0.010668
1309,NWYISKNPK,0.015624
1310,WYISKNP,0.020950
1310,WYISKNPK,0.031036
1310,WYISKNPKD,0.033388
1311,YISKNP,0.011265
1311,YISKNPK,0.022220
1311,YISKNPKD,0.022304
1311,YISKNPKDK,0.022374
1312,ISKNP,0.009928
1312,ISKNPK,0.009668
1312,ISKNPKD,0.006866
1312,ISKNPKDK,0.005824
1312,ISKNPKDKR,0.004737
1313,SKNP,0.013093
1313,SKNPK,0.009611
1313,SKNPKD,0.004312
1313,SKNPKDK,0.003365
1313,SKNPKDKR,0.002105
1313,SKNPKDKRH,0.002614
1314,KNP,0.018150
1314,KNPK,0.009182
1314,KNPKD,0.004180
1314,KNPKDK,0.003578
1314,KNPKDKR,0.002118
1314,KNPKDKRH,0.001692
1314,KNPKDKRHV,0.004966
1315,NP,0.037510
1315,NPK,0.010336
1315,NPKD,0.006588
1315,NPKDK,0.006597
1315,NPKDKR,0.003326
1315,NPKDKRH,0.003048
1315,NPKDKRHV,0.011348
1315,NPKDKRHVW,0.027036
1316,PK,0.004766
1316,PKD,0.005836
1316,PKDK,0.003526
1316,PKDKR,0.001837
1316,PKDKRH,0.001200
1316,PKDKRHV,0.003088
1316,PKDKRHVW,0.006747
1316,PKDKRHVWY,0.011014
1317,KDKRHVWYG,0.006894
1318,DKRHVWYG,0.003412
1318,DKRHVWYGE,0.005946
1319,KRHVWYG,0.003091
1319,KRHVWYGE,0.007869
1319,KRHVWYGES,0.007898
1320,RHVWYG,0.002934
1320,RHVWYGE,0.006473
1320,RHVWYGES,0.006086
1320,RHVWYGESM,0.009803
1321,HVWYG,0.006218
1321,HVWYGE,0.013417
1321,HVWYGES,0.009656
1321,HVWYGESM,0.012877
1321,HVWYGESMT,0.016192
1322,VWYG,0.002696
1322,VWYGE,0.011737
1322,VWYGES,0.011527
1322,VWYGESM,0.007525
1322,VWYGESMT,0.009664
1322,VWYGESMTD,0.009265
1323,WYG,0.003694
1323,WYGE,0.006202
1323,WYGES,0.005294
1323,WYGESM,0.003862
1323,WYGESMT,0.006402
1323,WYGESMTD,0.007506
1323,WYGESMTDG,0.007296
1324,YG,0.031177
1324,YGE,0.019052
1324,YGES,0.013330
1324,YGESM,0.008697
1324,YGESMT,0.004263
1324,YGESMTD,0.004323
1324,YGESMTDG,0.004942
1324,YGESMTDGF,0.010660
1325,GE,0.018801
1325,GES,0.006980
1325,GESM,0.009121
1325,GESMT,0.005075
1325,GESMTD,0.002756
1325,GESMTDG,0.002957
1325,GESMTDGF,0.005249
1325,GESMTDGFQ,0.006022
1326,ESMTDG,0.005335
1326,ESMTDGF,0.009787
1326,ESMTDGFQ,0.006846
1326,ESMTDGFQF,0.007942
1327,SMTDG,0.005069
1327,SMTDGF,0.008084
1327,SMTDGFQ,0.006533
1327,SMTDGFQF,0.005652
1327,SMTDGFQFE,0.008811
1328,MTDG,0.003079
1328,MTDGF,0.005744
1328,MTDGFQ,0.004235
1328,MTDGFQF,0.002802
1328,MTDGFQFE,0.003883
1328,MTDGFQFEY,0.007677
1329,TDG,0.003737
1329,TDGF,0.011808
1329,TDGFQ,0.009252
1329,TDGFQF,0.005396
1329,TDGFQFE,0.009366
1329,TDGFQFEY,0.012058
1329,TDGFQFEYG,0.035103
1330,DG,0.011460
1330,DGF,0.006928
1330,DGFQ,0.004747
1330,DGFQF,0.002413
1330,DGFQFE,0.005435
1330,DGFQFEY,0.009294
1330,DGFQFEYG,0.015621
1330,DGFQFEYGG,0.086580
1331,GF,0.004443
1331,GFQ,0.007660
1331,GFQF,0.004637
1331,GFQFE,0.004293
1331,GFQFEY,0.003965
1331,GFQFEYG,0.007786
1331,GFQFEYGG,0.048098
1331,GFQFEYGGQ,0.088488
1332,FQFEYG,0.009584
1332,FQFEYGG,0.089031
1332,FQFEYGGQ,0.076276
1332,FQFEYGGQG,0.077341
1333,QFEYG,0.019615
1333,QFEYGG,0.127938
1333,QFEYGGQ,0.161893
1333,QFEYGGQG,0.120488
1333,QFEYGGQGS,0.160783
1334,FEYG,0.016098
1334,FEYGG,0.063525
1334,FEYGGQ,0.049772
1334,FEYGGQG,0.023992
1334,FEYGGQGS,0.041742
1334,FEYGGQGSD,0.050364
1335,EYG,0.003650
1335,EYGG,0.007113
1335,EYGGQ,0.014216
1335,EYGGQG,0.009625
1335,EYGGQGS,0.022148
1335,EYGGQGSD,0.021349
1335,EYGGQGSDP,0.065245
1336,YG,0.031177
1336,YGG,0.025516
1336,YGGQ,0.016788
1336,YGGQG,0.022178
1336,YGGQGS,0.032326
1336,YGGQGSD,0.026610
1336,YGGQGSDP,0.034005
1336,YGGQGSDPA,0.066689
1337,GG,0.071735
1337,GGQ,0.014735
1337,GGQG,0.013241
1337,GGQGS,0.026743
1337,GGQGSD,0.011493
1337,GGQGSDP,0.013310
1337,GGQGSDPA,0.021081
1337,GGQGSDPAD,0.015659
1338,GQ,0.002188
1338,GQG,0.006920
1338,GQGS,0.013454
1338,GQGSD,0.004534
1338,GQGSDP,0.017399
1338,GQGSDPA,0.032458
1338,GQGSDPAD,0.020425
1338,GQGSDPADV,0.042444
1339,QG,0.008637
1339,QGS,0.020481
1339,QGSD,0.009901
1339,QGSDP,0.017622
1339,QGSDPA,0.038588
1339,QGSDPAD,0.023771
1339,QGSDPADV,0.023413
1339,QGSDPADVA,0.022878
1340,GS,0.002503
1340,GSD,0.002512
1340,GSDP,0.018378
1340,GSDPA,0.026043
1340,GSDPAD,0.016547
1340,GSDPADV,0.024514
1340,GSDPADVA,0.013792
1340,GSDPADVAI,0.024666
1341,SDP,0.029006
1341,SDPA,0.030448
1341,SDPAD,0.023419
1341,SDPADV,0.026599
1341,SDPADVA,0.024743
1341,SDPADVAI,0.034753
1341,SDPADVAIQ,0.040710
1342,DP,0.021965
1342,DPA,0.060521
1342,DPAD,0.066160
1342,DPADV,0.083534
1342,DPADVA,0.052282
1342,DPADVAI,0.051114
1342,DPADVAIQ,0.045221
1342,DPADVAIQL,0.059892
1343,PA,0.025900
1343,PAD,0.014478
1343,PADV,0.011596
1343,PADVA,0.018058
1343,PADVAI,0.016138
1343,PADVAIQ,0.013156
1343,PADVAIQL,0.018031
1343,PADVAIQLT,0.029214
1372,VAYMDQQTG,0.003029
1373,AYMDQQTG,0.009486
1373,AYMDQQTGN,0.013197
1374,YMDQQTG,0.011000
1374,YMDQQTGN,0.024582
1374,YMDQQTGNL,0.050954
1375,MDQQTG,0.004312
1375,MDQQTGN,0.017359
1375,MDQQTGNL,0.025284
1375,MDQQTGNLK,0.022512
1376,DQQTG,0.004342
1376,DQQTGN,0.008513
1376,DQQTGNL,0.006803
1376,DQQTGNLK,0.009674
1376,DQQTGNLKK,0.020346
1377,QQTG,0.020458
1377,QQTGN,0.037022
1377,QQTGNL,0.031652
1377,QQTGNLK,0.012420
1377,QQTGNLKK,0.022641
1377,QQTGNLKKA,0.026698
1378,QTG,0.005031
1378,QTGN,0.018639
1378,QTGNL,0.018539
1378,QTGNLK,0.007313
1378,QTGNLKK,0.007438
1378,QTGNLKKA,0.011476
1378,QTGNLKKAL,0.027296
1379,TG,0.004370
1379,TGN,0.013174
1379,TGNL,0.040536
1379,TGNLK,0.011367
1379,TGNLKK,0.009414
1379,TGNLKKA,0.018673
1379,TGNLKKAL,0.053579
1379,TGNLKKALL,0.053271
1380,GN,0.004347
1380,GNL,0.013495
1380,GNLK,0.005299
1380,GNLKK,0.003485
1380,GNLKKA,0.005425
1380,GNLKKAL,0.009546
1380,GNLKKALL,0.007346
1380,GNLKKALLL,0.014097
1382,LKKALLLQG,0.010102
1383,KKALLLQG,0.018149
1383,KKALLLQGS,0.046573
1384,KALLLQG,0.052027
1384,KALLLQGS,0.086033
1384,KALLLQGSN,0.057840
1385,ALLLQG,0.063364
1385,ALLLQGS,0.081712
1385,ALLLQGSN,0.040791
1385,ALLLQGSNE,0.047013
1386,LLLQG,0.053294
1386,LLLQGS,0.023503
1386,LLLQGSN,0.036058
1386,LLLQGSNE,0.043257
1386,LLLQGSNEI,0.045243
1387,LLQG,0.579386
1387,LLQGS,0.025838
1387,LLQGSN,0.025122
1387,LLQGSNE,0.033526
1387,LLQGSNEI,0.033980
1387,LLQGSNEIE,0.041548
1388,LQG,0.046439
1388,LQGS,0.044007
1388,LQGSN,0.014303
1388,LQGSNE,0.012515
1388,LQGSNEI,0.009305
1388,LQGSNEIE,0.006982
1388,LQGSNEIEI,0.008784
1389,QG,0.008637
1389,QGS,0.020481
1389,QGSN,0.013824
1389,QGSNE,0.012612
1389,QGSNEI,0.006733
1389,QGSNEIE,0.004031
1389,QGSNEIEI,0.006386
1389,QGSNEIEIR,0.007874
1390,GS,0.002503
1390,GSN,0.006573
1390,GSNE,0.011290
1390,GSNEI,0.006164
1390,GSNEIE,0.005304
1390,GSNEIEI,0.010080
1390,GSNEIEIR,0.005264
1390,GSNEIEIRA,0.011912
1392,NEIEIRAEG,0.008868
1393,EIEIRAEG,0.009200
1393,EIEIRAEGN,0.008587
1394,IEIRAEG,0.011946
1394,IEIRAEGN,0.012390
1394,IEIRAEGNS,0.015803
1395,EIRAEG,0.008659
1395,EIRAEGN,0.009644
1395,EIRAEGNS,0.008520
1395,EIRAEGNSR,0.009400
1396,IRAEG,0.005266
1396,IRAEGN,0.006384
1396,IRAEGNS,0.004860
1396,IRAEGNSR,0.004639
1396,IRAEGNSRF,0.007913
1397,RAEG,0.035656
1397,RAEGN,0.020738
1397,RAEGNS,0.008024
1397,RAEGNSR,0.007122
1397,RAEGNSRF,0.006464
1397,RAEGNSRFT,0.005800
1398,AEG,0.011112
1398,AEGN,0.013804
1398,AEGNS,0.008288
1398,AEGNSR,0.004336
1398,AEGNSRF,0.004424
1398,AEGNSRFT,0.004895
1398,AEGNSRFTY,0.007931
1399,EG,0.034172
1399,EGN,0.031446
1399,EGNS,0.006417
1399,EGNSR,0.003190
1399,EGNSRF,0.004156
1399,EGNSRFT,0.003714
1399,EGNSRFTY,0.005520
1399,EGNSRFTYS,0.007889
1400,GN,0.004347
1400,GNS,0.008583
1400,GNSR,0.002864
1400,GNSRF,0.003221
1400,GNSRFT,0.004270
1400,GNSRFTY,0.004083
1400,GNSRFTYS,0.004498
1400,GNSRFTYSV,0.011931
1404,FTYSVTYDG,0.011267
1405,TYSVTYDG,0.009487
1405,TYSVTYDGC,0.009208
1406,YSVTYDG,0.007000
1406,YSVTYDGC,0.008244
1406,YSVTYDGCT,0.012213
1407,SVTYDG,0.006590
1407,SVTYDGC,0.004837
1407,SVTYDGCT,0.005313
1407,SVTYDGCTS,0.005254
1408,VTYDG,0.005211
1408,VTYDGC,0.003368
1408,VTYDGCT,0.003828
1408,VTYDGCTS,0.002721
1408,VTYDGCTSH,0.004568
1409,TYDG,0.014689
1409,TYDGC,0.006727
1409,TYDGCT,0.006345
1409,TYDGCTS,0.003994
1409,TYDGCTSH,0.005825
1409,TYDGCTSHT,0.006430
1410,YDG,0.011204
1410,YDGC,0.003412
1410,YDGCT,0.003032
1410,YDGCTS,0.002007
1410,YDGCTSH,0.002308
1410,YDGCTSHT,0.003114
1410,YDGCTSHTG,0.005970
1411,DG,0.011460
1411,DGC,0.002089
1411,DGCT,0.001980
1411,DGCTS,0.002645
1411,DGCTSH,0.002804
1411,DGCTSHT,0.002902
1411,DGCTSHTG,0.003829
1411,DGCTSHTGA,0.007779
1412,GC,0.000948
1412,GCT,0.001908
1412,GCTS,0.001950
1412,GCTSH,0.003117
1412,GCTSHT,0.006983
1412,GCTSHTG,0.007441
1412,GCTSHTGA,0.013499
1412,GCTSHTGAW,0.010849
1413,CTSHTG,0.006257
1413,CTSHTGA,0.008756
1413,CTSHTGAW,0.006650
1413,CTSHTGAWG,0.010829
1414,TSHTG,0.004012
1414,TSHTGA,0.011160
1414,TSHTGAW,0.005047
1414,TSHTGAWG,0.003645
1414,TSHTGAWGK,0.005474
1415,SHTG,0.008490
1415,SHTGA,0.022528
1415,SHTGAW,0.007294
1415,SHTGAWG,0.005125
1415,SHTGAWGK,0.006991
1415,SHTGAWGKT,0.015115
1416,HTG,0.005539
1416,HTGA,0.025274
1416,HTGAW,0.009192
1416,HTGAWG,0.006125
1416,HTGAWGK,0.006373
1416,HTGAWGKT,0.009292
1416,HTGAWGKTV,0.012072
1417,TG,0.004370
1417,TGA,0.011478
1417,TGAW,0.008125
1417,TGAWG,0.005625
1417,TGAWGK,0.004587
1417,TGAWGKT,0.005090
1417,TGAWGKTV,0.007445
1417,TGAWGKTVI,0.009864
1418,GA,0.005258
1418,GAW,0.005597
1418,GAWG,0.007160
1418,GAWGK,0.003777
1418,GAWGKT,0.004077
1418,GAWGKTV,0.003412
1418,GAWGKTVI,0.005495
1418,GAWGKTVIE,0.005854
1419,AWG,0.004711
1419,AWGK,0.004002
1419,AWGKT,0.006949
1419,AWGKTV,0.008067
1419,AWGKTVI,0.006297
1419,AWGKTVIE,0.005777
1419,AWGKTVIEY,0.010362
1420,WG,0.004584
1420,WGK,0.003139
1420,WGKT,0.004015
1420,WGKTV,0.005794
1420,WGKTVI,0.005844
1420,WGKTVIE,0.006406
1420,WGKTVIEY,0.008179
1420,WGKTVIEYK,0.011205
1421,GK,0.000752
1421,GKT,0.002629
1421,GKTV,0.003611
1421,GKTVI,0.009801
1421,GKTVIE,0.006003
1421,GKTVIEY,0.005617
1421,GKTVIEYK,0.008674
1421,GKTVIEYKT,0.015471
1428,KTTKTSRLP,0.011357
1429,TTKTSRLP,0.002313
1429,TTKTSRLPI,0.005649
1430,TKTSRLP,0.002707
1430,TKTSRLPI,0.007267
1430,TKTSRLPII,0.016209
1431,KTSRLP,0.003449
1431,KTSRLPI,0.011835
1431,KTSRLPII,0.015263
1431,KTSRLPIID,0.027329
1432,TSRLP,0.003272
1432,TSRLPI,0.010229
1432,TSRLPII,0.008092
1432,TSRLPIID,0.010125
1432,TSRLPIIDV,0.013552
1433,SRLP,0.004726
1433,SRLPI,0.005883
1433,SRLPII,0.003742
1433,SRLPIID,0.006910
1433,SRLPIIDV,0.009716
1433,SRLPIIDVA,0.016420
1434,RLP,0.004005
1434,RLPI,0.007231
1434,RLPII,0.004415
1434,RLPIID,0.007697
1434,RLPIIDV,0.009571
1434,RLPIIDVA,0.014476
1434,RLPIIDVAP,0.013724
1435,LP,0.022451
1435,LPI,0.019433
1435,LPII,0.004737
1435,LPIID,0.006158
1435,LPIIDV,0.011324
1435,LPIIDVA,0.015663
1435,LPIIDVAP,0.009145
1435,LPIIDVAPL,0.017843
1436,PI,0.021418
1436,PII,0.014603
1436,PIID,0.011377
1436,PIIDV,0.014115
1436,PIIDVA,0.013568
1436,PIIDVAP,0.007566
1436,PIIDVAPL,0.013971
1436,PIIDVAPLD,0.010173
1437,IIDVAP,0.012660
1437,IIDVAPL,0.011001
1437,IIDVAPLD,0.005954
1437,IIDVAPLDI,0.006798
1438,IDVAP,0.012316
1438,IDVAPL,0.007918
1438,IDVAPLD,0.003210
1438,IDVAPLDI,0.003291
1438,IDVAPLDIG,0.003075
1439,DVAP,0.011155
1439,DVAPL,0.007148
1439,DVAPLD,0.002672
1439,DVAPLDI,0.002875
1439,DVAPLDIG,0.002570
1439,DVAPLDIGA,0.003188
1440,VAP,0.022056
1440,VAPL,0.009073
1440,VAPLD,0.004493
1440,VAPLDI,0.004196
1440,VAPLDIG,0.004075
1440,VAPLDIGA,0.004417
1440,VAPLDIGAP,0.009289
1441,AP,0.028599
1441,APL,0.024153
1441,APLD,0.008746
1441,APLDI,0.010317
1441,APLDIG,0.021514
1441,APLDIGA,0.014403
1441,APLDIGAP,0.014247
1441,APLDIGAPD,0.026934
1442,PL,0.015470
1442,PLD,0.012562
1442,PLDI,0.014651
1442,PLDIG,0.038531
1442,PLDIGA,0.015750
1442,PLDIGAP,0.009332
1442,PLDIGAPD,0.024673
1442,PLDIGAPDQ,0.028080
1443,LDIG,0.041337
1443,LDIGA,0.021170
1443,LDIGAP,0.030781
1443,LDIGAPD,0.090285
1443,LDIGAPDQ,0.051339
1443,LDIGAPDQE,0.021363
1444,DIG,0.003974
1444,DIGA,0.016994
1444,DIGAP,0.035856
1444,DIGAPD,0.031596
1444,DIGAPDQ,0.022288
1444,DIGAPDQE,0.007110
1444,DIGAPDQEF,0.005634
1445,IG,0.008923
1445,IGA,0.008414
1445,IGAP,0.038706
1445,IGAPD,0.073954
1445,IGAPDQ,0.029976
1445,IGAPDQE,0.025979
1445,IGAPDQEF,0.014224
1445,IGAPDQEFG,0.026268
1446,GA,0.005258
1446,GAP,0.030559
1446,GAPD,0.063877
1446,GAPDQ,0.020801
1446,GAPDQE,0.005787
1446,GAPDQEF,0.005338
1446,GAPDQEFG,0.012641
1446,GAPDQEFGI,0.022673
1447,AP,0.028599
1447,APD,0.047777
1447,APDQ,0.021973
1447,APDQE,0.007310
1447,APDQEF,0.006312
1447,APDQEFG,0.018839
1447,APDQEFGI,0.026322
1447,APDQEFGID,0.027049
1448,PD,0.015530
1448,PDQ,0.017804
1448,PDQE,0.021121
1448,PDQEF,0.013522
1448,PDQEFG,0.104983
1448,PDQEFGI,0.122494
1448,PDQEFGID,0.077333
1448,PDQEFGIDI,0.082165
1449,DQEFG,0.042868
1449,DQEFGI,0.002727
1449,DQEFGID,0.002095
1449,DQEFGIDI,0.002031
1449,DQEFGIDIG,0.003611
1450,QEFG,0.071641
1450,QEFGI,0.019169
1450,QEFGID,0.004758
1450,QEFGIDI,0.004586
1450,QEFGIDIG,0.005284
1450,QEFGIDIGP,0.849413
1451,EFG,0.005114
1451,EFGI,0.004162
1451,EFGID,0.002644
1451,EFGIDI,0.002934
1451,EFGIDIG,0.002422
1451,EFGIDIGP,0.623252
1451,EFGIDIGPV,0.739205
1452,FG,0.016984
1452,FGI,0.009759
1452,FGID,0.003913
1452,FGIDI,0.003378
1452,FGIDIG,0.002774
1452,FGIDIGP,0.837968
1452,FGIDIGPV,0.716050
1452,FGIDIGPVC,0.529714
1453,GI,0.003405
1453,GID,0.005072
1453,GIDI,0.009560
1453,GIDIG,0.009314
1453,GIDIGP,0.959349
1453,GIDIGPV,0.966784
1453,GIDIGPVC,0.947876
1453,GIDIGPVCF,0.921968
1454,IDIG,0.012571
1454,IDIGP,0.960222
1454,IDIGPV,0.929106
1454,IDIGPVC,0.862073
1454,IDIGPVCF,0.857967
1454,IDIGPVCFL,0.494020
1455,DIG,0.003974
1455,DIGP,0.929134
1455,DIGPV,0.822715
1455,DIGPVC,0.611772
1455,DIGPVCF,0.745763
1455,DIGPVCFL,0.468010
1456,IG,0.008923
1456,IGP,0.965111
1456,IGPV,0.798324
1456,IGPVC,0.700702
1456,IGPVCF,0.768179
1456,IGPVCFL,0.756293
1457,GP,0.971328
1457,GPV,0.890839
1457,GPVC,0.428710
1457,GPVCF,0.127885
1457,GPVCFL,0.014213
1458,PV,0.016773
1458,PVC,0.004677
1458,PVCF,0.001450
1458,PVCFL,0.001204
